symbol,company,sector,industry,date,close,change_pct,volume,value_traded,final_score,final_decision,buy_probability,sell_probability,confidence_v3,smart_money_score,accumulation_score,institutional_signal,trade_validation_score,trade_validation_status,trade_action,entry_timing_score,entry_timing_action,suggested_entry_price,risk_management_score,risk_permission,risk_status,risk_action,risk_reward_t1,entry_low,entry_high,stop_loss,target_1,target_2,portfolio_selected,portfolio_rank,portfolio_investment,portfolio_quantity,portfolio_position_status,lifecycle_status,trade_id,actual_entry_price,actual_quantity,open_quantity,remaining_quantity,average_cost,current_stop_loss,highest_price_since_entry,lowest_price_since_entry,realized_profit_loss,unrealized_profit_loss,unrealized_profit_loss_pct,holding_days_numeric,partial_profit_booked,exit_action,exit_reason,exit_risk_level,exit_suggested_action,exit_current_price,exit_entry_price,exit_profit_loss_pct,exit_original_stop_loss,exit_suggested_stop_loss,exit_trailing_stop,exit_profit_lock_pct,exit_target_status,exit_confidence,exit_engine_version,decision_reason
CNERGY,CNERGYICO PK,REFINERY,OIL REFINERY,13JUL2026,10.05,3.715170278637783,158523340,1593159567.0,31.72,AVOID,48.8,51.2,44.33,93,97,STRONG INSTITUTIONAL BUYING,80,BUY ON PULLBACK,WAIT / BUY DIP,64,NO ENTRY,9.9,6,NO TRADE,CHASE RISK REJECTED,AVOID,1.17,9.9,10.15,9.55,10.85,11.46,False,0,0.0,0,,NO POSITION,,0.0,0,0,0,0.0,0.0,0.0,0.0,0.0,0.0,0.0,0,False,NO ACTION,No actual open position,NORMAL,NO ACTION,0.0,0.0,0.0,0.0,0.0,0.0,0.0,NOT APPLICABLE,0.0,exit_intelligence_engine_v1_1_position_state_aware,Strong smart money | Strong accumulation | Strong trend | Sector supportive | Warnings: Entry timing rejected | AI final decision restrictive | Institutional decision restrictive | Entry engine restrictive | Risk engine says no trade | Chase risk | Weak risk/reward | Weak market | RSI overheated
AHL,ARIF HABIB LTD.,INVESTMENT,UNKNOWN,13JUL2026,120.86,0.6244276080259762,227829,27535412.94,26.7,AVOID,42.82,57.18,38.63,95,97,STRONG INSTITUTIONAL BUYING,59,WEAK SETUP,WAIT,54,NO ENTRY,0.0,0,NO TRADE,REJECTED,AVOID,1.17,119.05,122.07,114.82,130.53,137.78,False,0,0.0,0,,NO POSITION,,0.0,0,0,0,0.0,0.0,0.0,0.0,0.0,0.0,0.0,0,False,NO ACTION,No actual open position,NORMAL,NO ACTION,0.0,0.0,0.0,0.0,0.0,0.0,0.0,NOT APPLICABLE,0.0,exit_intelligence_engine_v1_1_position_state_aware,Strong smart money | Strong accumulation | Strong trend | Warnings: Entry timing rejected | Risk engine rejected | AI final decision restrictive | Institutional decision restrictive | Weak trade validation | Entry engine restrictive | Risk engine says no trade | Weak risk/reward | Weak market | Weak sector
JSCL,JAH.SIDD. CO.,INVESTMENT,UNKNOWN,13JUL2026,28.51,1.4951940192239292,2986707,85151016.57000001,23.11,AVOID,40.62,59.38,35.72,89,97,STRONG INSTITUTIONAL BUYING,55,WEAK SETUP,WAIT,40,NO ENTRY,0.0,0,NO TRADE,REJECTED,AVOID,1.16,28.08,28.8,27.08,30.79,32.5,False,0,0.0,0,,NO POSITION,,0.0,0,0,0,0.0,0.0,0.0,0.0,0.0,0.0,0.0,0,False,NO ACTION,No actual open position,NORMAL,NO ACTION,0.0,0.0,0.0,0.0,0.0,0.0,0.0,NOT APPLICABLE,0.0,exit_intelligence_engine_v1_1_position_state_aware,Strong smart money | Strong accumulation | Strong trend | Warnings: Entry timing rejected | Risk engine rejected | AI final decision restrictive | Institutional decision restrictive | Weak trade validation | Entry engine restrictive | Risk engine says no trade | Weak risk/reward | Weak market | Weak sector
FEM,EQUITY MODARABA,MODARABA,MODARABA,13JUL2026,12.86,5.843621399176947,886463,11399914.18,22.61,AVOID,40.49,59.51,35.44,83,85,STRONG INSTITUTIONAL BUYING,54,WEAK SETUP,WAIT,45,NO ENTRY,0.0,0,NO TRADE,REJECTED,AVOID,1.17,12.67,12.99,12.22,13.89,14.66,False,0,0.0,0,,NO POSITION,,0.0,0,0,0,0.0,0.0,0.0,0.0,0.0,0.0,0.0,0,False,NO ACTION,No actual open position,NORMAL,NO ACTION,0.0,0.0,0.0,0.0,0.0,0.0,0.0,NOT APPLICABLE,0.0,exit_intelligence_engine_v1_1_position_state_aware,Strong accumulation | Strong trend | Warnings: Entry timing rejected | Risk engine rejected | AI final decision restrictive | Institutional decision restrictive | Weak trade validation | Entry engine restrictive | Risk engine says no trade | Weak risk/reward | Weak market
WASL,WASL MOBILITY MOD,MODARABA,MOBILITY MODARABA,13JUL2026,5.93,5.5160142348754375,3186032,18893169.759999998,21.86,AVOID,39.83,60.17,34.95,77,85,STRONG INSTITUTIONAL BUYING,56,WEAK SETUP,WAIT,46,NO ENTRY,0.0,0,NO TRADE,REJECTED,AVOID,1.14,5.84,5.99,5.63,6.4,6.76,False,0,0.0,0,,NO POSITION,,0.0,0,0,0,0.0,0.0,0.0,0.0,0.0,0.0,0.0,0,False,NO ACTION,No actual open position,NORMAL,NO ACTION,0.0,0.0,0.0,0.0,0.0,0.0,0.0,NOT APPLICABLE,0.0,exit_intelligence_engine_v1_1_position_state_aware,Strong accumulation | Strong trend | Warnings: Entry timing rejected | Risk engine rejected | AI final decision restrictive | Institutional decision restrictive | Weak trade validation | Entry engine restrictive | Risk engine says no trade | Weak risk/reward | Weak market
NRL,NATIONAL REFINERY,REFINERY,OIL REFINERY,13JUL2026,405.79,2.0521590423257865,4620739,1875049678.8100002,20.18,AVOID,39.36,60.64,34.31,75,73,STRONG INSTITUTIONAL BUYING,55,WEAK SETUP,WAIT,42,NO ENTRY,0.0,0,NO TRADE,REJECTED,AVOID,1.17,399.7,409.85,385.5,438.25,462.6,False,0,0.0,0,,OPEN,NRL-20260712-001,401.61,15,15,15,401.61,377.75,415.44,385.51,0.0,62.7,1.04,1,False,EXIT TODAY,Risk engine no longer permits trade,HIGH,EXIT TODAY,405.79,401.61,1.04,385.5,388.77,388.77,1.04,TARGETS PENDING,63.06,exit_intelligence_engine_v1_1_position_state_aware,Strong trend | Sector supportive | Warnings: Entry timing rejected | Risk engine rejected | AI final decision restrictive | Institutional decision restrictive | Weak trade validation | Entry engine restrictive | Risk engine says no trade | Weak risk/reward | Weak market
LOTCHEM,LOTTE CHEMICAL,CHEMICAL,UNKNOWN,13JUL2026,31.63,0.5403687221868981,42778136,1353072441.68,20.18,AVOID,39.66,60.34,33.93,80,79,STRONG INSTITUTIONAL BUYING,53,WEAK SETUP,WAIT,35,NO ENTRY,0.0,0,NO TRADE,REJECTED,AVOID,1.16,31.16,31.95,30.05,34.16,36.06,False,0,0.0,0,,OPEN,LOTCHEM-20260713-001,31.87,440,440,440,31.87,29.89,32.91,30.7,0.0,-105.6,-0.75,0,False,EXIT TODAY,Risk engine no longer permits trade,HIGH,EXIT TODAY,31.63,31.87,-0.75,30.05,30.05,30.05,0.0,TARGETS PENDING,62.99,exit_intelligence_engine_v1_1_position_state_aware,Strong trend | Warnings: Entry timing rejected | Risk engine rejected | AI final decision restrictive | Institutional decision restrictive | Weak trade validation | Entry engine restrictive | Risk engine says no trade | Weak risk/reward | Weak market
EPCL,ENGRO POLYMER,CHEMICAL,UNKNOWN,13JUL2026,36.06,1.8356396498164524,6155505,221967510.3,19.27,AVOID,39.12,60.88,33.49,75,73,STRONG INSTITUTIONAL BUYING,51,WEAK SETUP,WAIT,39,NO ENTRY,0.0,0,NO TRADE,REJECTED,AVOID,1.17,35.52,36.42,34.26,38.94,41.11,False,0,0.0,0,,NO POSITION,,0.0,0,0,0,0.0,0.0,0.0,0.0,0.0,0.0,0.0,0,False,NO ACTION,No actual open position,NORMAL,NO ACTION,0.0,0.0,0.0,0.0,0.0,0.0,0.0,NOT APPLICABLE,0.0,exit_intelligence_engine_v1_1_position_state_aware,Strong trend | Warnings: Entry timing rejected | Risk engine rejected | AI final decision restrictive | Institutional decision restrictive | Weak trade validation | Entry engine restrictive | Risk engine says no trade | Weak risk/reward | Weak market
PRL,PAK REFINERY,REFINERY,OIL REFINERY,13JUL2026,42.73,1.5688138816258534,27110996,1158452859.08,19.04,AVOID,39.38,60.62,34.99,88,91,STRONG INSTITUTIONAL BUYING,43,REJECTED,AVOID,15,NO ENTRY,0.0,0,NO TRADE,REJECTED,AVOID,1.16,42.09,43.16,40.59,46.15,48.71,False,0,0.0,0,,NO POSITION,,0.0,0,0,0,0.0,0.0,0.0,0.0,0.0,0.0,0.0,0,False,NO ACTION,No actual open position,NORMAL,NO ACTION,0.0,0.0,0.0,0.0,0.0,0.0,0.0,NOT APPLICABLE,0.0,exit_intelligence_engine_v1_1_position_state_aware,Strong smart money | Strong accumulation | Strong trend | Sector supportive | Warnings: Trade validation rejected | Validation status rejected | Entry timing rejected | Risk engine rejected | AI final decision restrictive | Institutional decision restrictive | Weak trade validation | Entry engine restrictive | Risk engine says no trade | Weak risk/reward | Weak market | RSI overheated
BGL,BAL.GLASS,GLASS & CERAMICS,GLASS MANUFACTURING,13JUL2026,12.87,9.906063193851395,17077414,219786318.17999998,18.67,AVOID,40.51,59.49,33.64,85,95,STRONG INSTITUTIONAL BUYING,56,WEAK SETUP,WAIT,32,NO ENTRY,0.0,0,NO TRADE,REJECTED,AVOID,1.17,12.68,13.0,12.23,13.9,14.67,False,0,0.0,0,,NO POSITION,,0.0,0,0,0,0.0,0.0,0.0,0.0,0.0,0.0,0.0,0,False,NO ACTION,No actual open position,NORMAL,NO ACTION,0.0,0.0,0.0,0.0,0.0,0.0,0.0,NOT APPLICABLE,0.0,exit_intelligence_engine_v1_1_position_state_aware,Strong smart money | Strong accumulation | Strong trend | Warnings: Entry timing rejected | Risk engine rejected | AI final decision restrictive | Institutional decision restrictive | Weak trade validation | Entry engine restrictive | Risk engine says no trade | Weak risk/reward | Weak market | Near upper cap / extended
SAIF,SAIF TEXTILE,TEXTILE,TEXTILE MILLS,13JUL2026,54.38,3.8777459407831922,985521,53592631.980000004,18.47,AVOID,39.94,60.06,34.55,91,100,STRONG INSTITUTIONAL BUYING,41,REJECTED,AVOID,14,NO ENTRY,0.0,0,NO TRADE,REJECTED,AVOID,1.17,53.56,54.92,51.66,58.73,61.99,False,0,0.0,0,,NO POSITION,,0.0,0,0,0,0.0,0.0,0.0,0.0,0.0,0.0,0.0,0,False,NO ACTION,No actual open position,NORMAL,NO ACTION,0.0,0.0,0.0,0.0,0.0,0.0,0.0,NOT APPLICABLE,0.0,exit_intelligence_engine_v1_1_position_state_aware,Strong smart money | Strong accumulation | Strong trend | Warnings: Trade validation rejected | Validation status rejected | Entry timing rejected | Risk engine rejected | AI final decision restrictive | Institutional decision restrictive | Weak trade validation | Entry engine restrictive | Risk engine says no trade | Weak risk/reward | Weak market | Weak sector | High volatility
SNBL,SONERI BANK LTD,BANKS,UNKNOWN,13JUL2026,25.57,1.3877874702617028,9750536,249321205.52,15.33,AVOID,37.71,62.29,32.77,77,85,STRONG INSTITUTIONAL BUYING,43,REJECTED,AVOID,13,NO ENTRY,0.0,0,NO TRADE,REJECTED,AVOID,1.16,25.19,25.83,24.29,27.62,29.15,False,0,0.0,0,,NO POSITION,,0.0,0,0,0,0.0,0.0,0.0,0.0,0.0,0.0,0.0,0,False,NO ACTION,No actual open position,NORMAL,NO ACTION,0.0,0.0,0.0,0.0,0.0,0.0,0.0,NOT APPLICABLE,0.0,exit_intelligence_engine_v1_1_position_state_aware,Strong accumulation | Strong trend | Warnings: Trade validation rejected | Validation status rejected | Entry timing rejected | Risk engine rejected | AI final decision restrictive | Institutional decision restrictive | Weak trade validation | Entry engine restrictive | Risk engine says no trade | Weak risk/reward | Weak market | Weak sector
DYNO,DYNEA PAKISTAN,CHEMICAL,INDUSTRIAL CHEMICALS,13JUL2026,346.46,0.10401618029470003,66664,23096409.439999998,13.47,AVOID,34.85,65.15,29.82,70,68,INSTITUTIONAL BUYING,23,REJECTED,AVOID,5,NO ENTRY,0.0,0,NO TRADE,REJECTED,AVOID,1.17,341.26,349.92,329.14,374.18,394.96,False,0,0.0,0,,NO POSITION,,0.0,0,0,0,0.0,0.0,0.0,0.0,0.0,0.0,0.0,0,False,NO ACTION,No actual open position,NORMAL,NO ACTION,0.0,0.0,0.0,0.0,0.0,0.0,0.0,NOT APPLICABLE,0.0,exit_intelligence_engine_v1_1_position_state_aware,Institutional accumulation | Strong trend | Warnings: Trade validation rejected | Validation status rejected | Entry timing rejected | Risk engine rejected | AI final decision restrictive | Institutional decision restrictive | Weak trade validation | Entry engine restrictive | Risk engine says no trade | Weak risk/reward | Weak market
BLUEX,BLUE-EX LIMITED,TRANSPORT,UNKNOWN,13JUL2026,8.6,0.9389671361502356,43873998,377316382.8,12.6,AVOID,36.85,63.15,30.73,76,87,STRONG INSTITUTIONAL BUYING,36,REJECTED,AVOID,7,NO ENTRY,0.0,0,NO TRADE,REJECTED,AVOID,1.15,8.47,8.69,8.17,9.29,9.8,False,0,0.0,0,,NO POSITION,,0.0,0,0,0,0.0,0.0,0.0,0.0,0.0,0.0,0.0,0,False,NO ACTION,No actual open position,NORMAL,NO ACTION,0.0,0.0,0.0,0.0,0.0,0.0,0.0,NOT APPLICABLE,0.0,exit_intelligence_engine_v1_1_position_state_aware,Strong accumulation | Strong trend | Warnings: Trade validation rejected | Validation status rejected | Entry timing rejected | Risk engine rejected | AI final decision restrictive | Institutional decision restrictive | Weak trade validation | Entry engine restrictive | Risk engine says no trade | Weak risk/reward | Weak market | Weak sector | High volatility
PSYL,PAK SYNTHETICS,CHEMICAL,SYNTHETIC CHEMICALS,13JUL2026,149.15,9.669117647058828,52858,7883770.7,12.09,AVOID,36.55,63.45,29.74,91,100,STRONG INSTITUTIONAL BUYING,36,REJECTED,AVOID,0,NO ENTRY,0.0,0,NO TRADE,REJECTED,AVOID,1.17,146.91,150.64,141.69,161.08,170.03,False,0,0.0,0,,NO POSITION,,0.0,0,0,0,0.0,0.0,0.0,0.0,0.0,0.0,0.0,0,False,NO ACTION,No actual open position,NORMAL,NO ACTION,0.0,0.0,0.0,0.0,0.0,0.0,0.0,NOT APPLICABLE,0.0,exit_intelligence_engine_v1_1_position_state_aware,Strong smart money | Strong accumulation | Strong trend | Warnings: Trade validation rejected | Validation status rejected | Entry timing rejected | Risk engine rejected | AI final decision restrictive | Institutional decision restrictive | Weak trade validation | Entry engine restrictive | Risk engine says no trade | Weak risk/reward | Weak market | Near upper cap / extended
FPJM,PUNJAB MOD,MODARABA,MODARABA,13JUL2026,11.26,9.960937499999996,2593140,29198756.4,11.7,AVOID,36.25,63.75,28.8,96,100,STRONG INSTITUTIONAL BUYING,22,REJECTED,AVOID,0,NO ENTRY,0.0,0,NO TRADE,REJECTED,AVOID,1.18,11.09,11.37,10.7,12.16,12.84,False,0,0.0,0,,NO POSITION,,0.0,0,0,0,0.0,0.0,0.0,0.0,0.0,0.0,0.0,0,False,NO ACTION,No actual open position,NORMAL,NO ACTION,0.0,0.0,0.0,0.0,0.0,0.0,0.0,NOT APPLICABLE,0.0,exit_intelligence_engine_v1_1_position_state_aware,Strong smart money | Strong accumulation | Strong trend | Warnings: Trade validation rejected | Validation status rejected | Entry timing rejected | Risk engine rejected | AI final decision restrictive | Institutional decision restrictive | Weak trade validation | Entry engine restrictive | Risk engine says no trade | Weak risk/reward | Weak market | Near upper cap / extended
TELE,TELECARD LIMITED,TELECOM,TELECOM SERVICES,13JUL2026,9.31,1.5267175572519145,11855229,110372181.99000001,9.61,AVOID,33.98,66.02,27.87,59,62,NEUTRAL,25,REJECTED,AVOID,5,NO ENTRY,0.0,0,NO TRADE,REJECTED,AVOID,1.16,9.17,9.4,8.84,10.05,10.61,False,0,0.0,0,,NO POSITION,,0.0,0,0,0,0.0,0.0,0.0,0.0,0.0,0.0,0.0,0,False,NO ACTION,No actual open position,NORMAL,NO ACTION,0.0,0.0,0.0,0.0,0.0,0.0,0.0,NOT APPLICABLE,0.0,exit_intelligence_engine_v1_1_position_state_aware,Strong trend | Warnings: Trade validation rejected | Validation status rejected | Entry timing rejected | Risk engine rejected | AI final decision restrictive | Institutional decision restrictive | Weak trade validation | Entry engine restrictive | Risk engine says no trade | Weak risk/reward | Weak market
UCAPM,UNICAP MODARABA,MODARABA,MODARABA,13JUL2026,6.15,4.23728813559322,2531979,15571670.850000001,8.65,AVOID,33.52,66.48,26.85,70,73,STRONG INSTITUTIONAL BUYING,26,REJECTED,AVOID,0,NO ENTRY,0.0,0,NO TRADE,REJECTED,AVOID,1.16,6.06,6.21,5.84,6.64,7.01,False,0,0.0,0,,NO POSITION,,0.0,0,0,0,0.0,0.0,0.0,0.0,0.0,0.0,0.0,0,False,NO ACTION,No actual open position,NORMAL,NO ACTION,0.0,0.0,0.0,0.0,0.0,0.0,0.0,NOT APPLICABLE,0.0,exit_intelligence_engine_v1_1_position_state_aware,Strong trend | Warnings: Trade validation rejected | Validation status rejected | Entry timing rejected | Risk engine rejected | AI final decision restrictive | Institutional decision restrictive | Weak trade validation | Entry engine restrictive | Risk engine says no trade | Weak risk/reward | Weak market
SARC,SARDAR CHEMICAL,CHEMICAL,INDUSTRIAL CHEMICALS,13JUL2026,102.11,2.912719209836727,43819,4474358.09,8.51,AVOID,31.97,68.03,25.3,72,77,STRONG INSTITUTIONAL BUYING,9,REJECTED,AVOID,0,NO ENTRY,0.0,0,NO TRADE,REJECTED,AVOID,1.17,100.58,103.13,97.0,110.28,116.41,False,0,0.0,0,,NO POSITION,,0.0,0,0,0,0.0,0.0,0.0,0.0,0.0,0.0,0.0,0,False,NO ACTION,No actual open position,NORMAL,NO ACTION,0.0,0.0,0.0,0.0,0.0,0.0,0.0,NOT APPLICABLE,0.0,exit_intelligence_engine_v1_1_position_state_aware,Strong trend | Warnings: Trade validation rejected | Validation status rejected | Entry timing rejected | Risk engine rejected | AI final decision restrictive | Institutional decision restrictive | Weak trade validation | Entry engine restrictive | Risk engine says no trade | Weak risk/reward | Weak market
FIBLM,I.B.L.MODARAB,MODARABA,UNKNOWN,13JUL2026,13.73,5.778120184899846,1943240,26680685.2,8.34,AVOID,34.72,65.28,27.48,70,73,STRONG INSTITUTIONAL BUYING,35,REJECTED,AVOID,0,NO ENTRY,0.0,0,NO TRADE,REJECTED,AVOID,1.16,13.52,13.87,13.04,14.83,15.65,False,0,0.0,0,,NO POSITION,,0.0,0,0,0,0.0,0.0,0.0,0.0,0.0,0.0,0.0,0,False,NO ACTION,No actual open position,NORMAL,NO ACTION,0.0,0.0,0.0,0.0,0.0,0.0,0.0,NOT APPLICABLE,0.0,exit_intelligence_engine_v1_1_position_state_aware,Strong trend | Warnings: Trade validation rejected | Validation status rejected | Entry timing rejected | Risk engine rejected | AI final decision restrictive | Institutional decision restrictive | Weak trade validation | Entry engine restrictive | Risk engine says no trade | Weak risk/reward | Weak market | High volatility
P01GHS150427,1 YEAR GHS,GOVT SECURITIES,1 YEAR GHS,13JUL2026,92.22,0.032541490400261566,145005000,13372361100.0,8.06,AVOID,32.85,67.15,26.62,64,67,NEUTRAL,19,REJECTED,AVOID,0,NO ENTRY,0.0,0,NO TRADE,REJECTED,AVOID,1.17,90.84,93.14,87.61,99.6,105.13,False,0,0.0,0,,NO POSITION,,0.0,0,0,0,0.0,0.0,0.0,0.0,0.0,0.0,0.0,0,False,NO ACTION,No actual open position,NORMAL,NO ACTION,0.0,0.0,0.0,0.0,0.0,0.0,0.0,NOT APPLICABLE,0.0,exit_intelligence_engine_v1_1_position_state_aware,Strong trend | Warnings: Trade validation rejected | Validation status rejected | Entry timing rejected | Risk engine rejected | AI final decision restrictive | Institutional decision restrictive | Weak trade validation | Entry engine restrictive | Risk engine says no trade | Weak risk/reward | Weak market
ALNRS,AL-NOOR SUGAR,SUGAR,SUGAR MILLS,13JUL2026,135.17,0.029601124842738136,405,54743.85,7.98,AVOID,29.3,70.7,23.79,69,65,INSTITUTIONAL BUYING,0,REJECTED,AVOID,0,NO ENTRY,0.0,0,NO TRADE,REJECTED,AVOID,1.17,133.14,136.52,128.41,145.98,154.09,False,0,0.0,0,,NO POSITION,,0.0,0,0,0,0.0,0.0,0.0,0.0,0.0,0.0,0.0,0,False,NO ACTION,No actual open position,NORMAL,NO ACTION,0.0,0.0,0.0,0.0,0.0,0.0,0.0,NOT APPLICABLE,0.0,exit_intelligence_engine_v1_1_position_state_aware,Institutional accumulation | Strong trend | Warnings: Trade validation rejected | Validation status rejected | Entry timing rejected | Risk engine rejected | AI final decision restrictive | Institutional decision restrictive | Weak trade validation | Entry engine restrictive | Risk engine says no trade | Weak risk/reward | Weak market
KSBP,K.S.B.PUMPS,ENGINEERING,PUMPS / ENGINEERING,13JUL2026,238.18,0.172435546957142,201981,48107834.58,7.87,AVOID,32.56,67.44,25.79,77,77,STRONG INSTITUTIONAL BUYING,17,REJECTED,AVOID,0,NO ENTRY,0.0,0,NO TRADE,REJECTED,AVOID,1.17,234.61,240.56,226.27,257.23,271.53,False,0,0.0,0,,NO POSITION,,0.0,0,0,0,0.0,0.0,0.0,0.0,0.0,0.0,0.0,0,False,NO ACTION,No actual open position,NORMAL,NO ACTION,0.0,0.0,0.0,0.0,0.0,0.0,0.0,NOT APPLICABLE,0.0,exit_intelligence_engine_v1_1_position_state_aware,Strong trend | Warnings: Trade validation rejected | Validation status rejected | Entry timing rejected | Risk engine rejected | AI final decision restrictive | Institutional decision restrictive | Weak trade validation | Entry engine restrictive | Risk engine says no trade | Weak risk/reward | Weak market | Weak sector
HAFL,HAFIZ LIMITED,MISCELLANEOUS,TRADING / MANUFACTURING,13JUL2026,485.17,0.1465549271353747,377,182909.09,7.5,AVOID,31.9,68.1,24.46,83,100,STRONG INSTITUTIONAL BUYING,8,REJECTED,AVOID,0,NO ENTRY,0.0,0,NO TRADE,REJECTED,AVOID,1.17,477.89,490.02,460.91,523.98,553.09,False,0,0.0,0,,NO POSITION,,0.0,0,0,0,0.0,0.0,0.0,0.0,0.0,0.0,0.0,0,False,NO ACTION,No actual open position,NORMAL,NO ACTION,0.0,0.0,0.0,0.0,0.0,0.0,0.0,NOT APPLICABLE,0.0,exit_intelligence_engine_v1_1_position_state_aware,Strong accumulation | Strong trend | Warnings: Trade validation rejected | Validation status rejected | Entry timing rejected | Risk engine rejected | AI final decision restrictive | Institutional decision restrictive | Weak trade validation | Entry engine restrictive | Risk engine says no trade | Weak risk/reward | Weak market | Very high volatility
GHGL,GHANI GLASS LTDXD,GLASS & CERAMICS,GLASS MANUFACTURING,13JUL2026,41.0,1.9646854016413806,457861,18772301.0,7.45,AVOID,31.64,68.36,25.2,64,60,NEUTRAL,16,REJECTED,AVOID,0,NO ENTRY,0.0,0,NO TRADE,REJECTED,AVOID,1.17,40.38,41.41,38.95,44.28,46.74,False,0,0.0,0,,NO POSITION,,0.0,0,0,0,0.0,0.0,0.0,0.0,0.0,0.0,0.0,0,False,NO ACTION,No actual open position,NORMAL,NO ACTION,0.0,0.0,0.0,0.0,0.0,0.0,0.0,NOT APPLICABLE,0.0,exit_intelligence_engine_v1_1_position_state_aware,Strong trend | Warnings: Trade validation rejected | Validation status rejected | Entry timing rejected | Risk engine rejected | AI final decision restrictive | Institutional decision restrictive | Weak trade validation | Entry engine restrictive | Risk engine says no trade | Weak risk/reward | Weak market
IDYM,INDUS DYEING,TEXTILE,DYEING / TEXTILE,13JUL2026,153.63,5.580372482990863,327965,50385262.949999996,6.65,AVOID,33.39,66.61,26.09,64,68,NEUTRAL,19,REJECTED,AVOID,4,NO ENTRY,0.0,0,NO TRADE,REJECTED,AVOID,1.17,151.33,155.17,145.95,165.92,175.14,False,0,0.0,0,,NO POSITION,,0.0,0,0,0,0.0,0.0,0.0,0.0,0.0,0.0,0.0,0,False,NO ACTION,No actual open position,NORMAL,NO ACTION,0.0,0.0,0.0,0.0,0.0,0.0,0.0,NOT APPLICABLE,0.0,exit_intelligence_engine_v1_1_position_state_aware,Strong trend | Warnings: Trade validation rejected | Validation status rejected | Entry timing rejected | Risk engine rejected | AI final decision restrictive | Institutional decision restrictive | Weak trade validation | Entry engine restrictive | Risk engine says no trade | Weak risk/reward | Weak market | Weak sector
OTSU,OTSUKA PAK,PHARMACEUTICAL,PHARMACEUTICALS,13JUL2026,433.82,4.552575133154987,45777,19858978.14,6.14,AVOID,32.51,67.49,25.08,88,91,STRONG INSTITUTIONAL BUYING,23,REJECTED,AVOID,0,NO ENTRY,0.0,0,NO TRADE,REJECTED,AVOID,1.17,427.31,438.16,412.13,468.53,494.55,False,0,0.0,0,,NO POSITION,,0.0,0,0,0,0.0,0.0,0.0,0.0,0.0,0.0,0.0,0,False,NO ACTION,No actual open position,NORMAL,NO ACTION,0.0,0.0,0.0,0.0,0.0,0.0,0.0,NOT APPLICABLE,0.0,exit_intelligence_engine_v1_1_position_state_aware,Strong smart money | Strong accumulation | Strong trend | Warnings: Trade validation rejected | Validation status rejected | Entry timing rejected | Risk engine rejected | AI final decision restrictive | Institutional decision restrictive | Weak trade validation | Entry engine restrictive | Risk engine says no trade | Weak risk/reward | Weak market | Weak sector | RSI extremely overheated
SKRS,SAKRAND SUGAR,SUGAR,SUGAR MILLS,13JUL2026,30.12,3.0800821355236216,161630,4868295.600000001,6.09,AVOID,30.52,69.48,24.11,61,55,NEUTRAL,15,REJECTED,AVOID,0,NO ENTRY,0.0,0,NO TRADE,REJECTED,AVOID,1.17,29.67,30.42,28.61,32.53,34.34,False,0,0.0,0,,NO POSITION,,0.0,0,0,0,0.0,0.0,0.0,0.0,0.0,0.0,0.0,0,False,NO ACTION,No actual open position,NORMAL,NO ACTION,0.0,0.0,0.0,0.0,0.0,0.0,0.0,NOT APPLICABLE,0.0,exit_intelligence_engine_v1_1_position_state_aware,Strong trend | Warnings: Trade validation rejected | Validation status rejected | Entry timing rejected | Risk engine rejected | AI final decision restrictive | Institutional decision restrictive | Weak trade validation | Entry engine restrictive | Risk engine says no trade | Weak risk/reward | Weak market
DBCI,DADABHOY CEMENT,CEMENT,CEMENT MANUFACTURING,13JUL2026,11.61,10.047393364928897,3468020,40263712.199999996,5.83,AVOID,34.52,65.48,25.84,100,100,STRONG INSTITUTIONAL BUYING,29,REJECTED,AVOID,0,NO ENTRY,0.0,0,NO TRADE,REJECTED,AVOID,1.16,11.44,11.73,11.03,12.54,13.24,False,0,0.0,0,,NO POSITION,,0.0,0,0,0,0.0,0.0,0.0,0.0,0.0,0.0,0.0,0,False,NO ACTION,No actual open position,NORMAL,NO ACTION,0.0,0.0,0.0,0.0,0.0,0.0,0.0,NOT APPLICABLE,0.0,exit_intelligence_engine_v1_1_position_state_aware,Strong smart money | Strong accumulation | Strong trend | Warnings: Trade validation rejected | Validation status rejected | Entry timing rejected | Risk engine rejected | AI final decision restrictive | Institutional decision restrictive | Weak trade validation | Entry engine restrictive | Risk engine says no trade | Weak risk/reward | Weak market | Weak sector | RSI overheated | Near upper cap / extended
ABL,ALLIED BANK LTD,BANKS,UNKNOWN,13JUL2026,186.94,0.435179713103746,64802,12114085.879999999,5.53,AVOID,29.31,70.69,23.25,69,65,INSTITUTIONAL BUYING,5,REJECTED,AVOID,0,NO ENTRY,0.0,0,NO TRADE,REJECTED,AVOID,1.17,184.14,188.81,177.59,201.9,213.11,False,0,0.0,0,,NO POSITION,,0.0,0,0,0,0.0,0.0,0.0,0.0,0.0,0.0,0.0,0,False,NO ACTION,No actual open position,NORMAL,NO ACTION,0.0,0.0,0.0,0.0,0.0,0.0,0.0,NOT APPLICABLE,0.0,exit_intelligence_engine_v1_1_position_state_aware,Institutional accumulation | Strong trend | Warnings: Trade validation rejected | Validation status rejected | Entry timing rejected | Risk engine rejected | AI final decision restrictive | Institutional decision restrictive | Weak trade validation | Entry engine restrictive | Risk engine says no trade | Weak risk/reward | Weak market | Weak sector
GRR,GLOBE RESIDENCY,PROPERTY,REAL ESTATE / RESIDENCY,13JUL2026,22.59,-0.7469244288225031,381067,8608303.53,5.42,AVOID,31.05,68.95,24.07,72,72,STRONG INSTITUTIONAL BUYING,17,REJECTED,AVOID,0,NO ENTRY,0.0,0,NO TRADE,REJECTED,AVOID,1.16,22.25,22.82,21.46,24.4,25.75,False,0,0.0,0,,NO POSITION,,0.0,0,0,0,0.0,0.0,0.0,0.0,0.0,0.0,0.0,0,False,NO ACTION,No actual open position,NORMAL,NO ACTION,0.0,0.0,0.0,0.0,0.0,0.0,0.0,NOT APPLICABLE,0.0,exit_intelligence_engine_v1_1_position_state_aware,Strong trend | Warnings: Trade validation rejected | Validation status rejected | Entry timing rejected | Risk engine rejected | AI final decision restrictive | Institutional decision restrictive | Weak trade validation | Entry engine restrictive | Risk engine says no trade | Weak risk/reward | Weak market | Weak sector
HBL,HABIB BANK,BANKS,UNKNOWN,13JUL2026,310.93,-0.9082796864044763,829063,257780558.59,5.25,AVOID,31.26,68.74,24.4,64,60,NEUTRAL,14,REJECTED,AVOID,0,NO ENTRY,0.0,0,NO TRADE,REJECTED,AVOID,1.17,306.27,314.04,295.38,335.8,354.46,False,0,0.0,0,,NO POSITION,,0.0,0,0,0,0.0,0.0,0.0,0.0,0.0,0.0,0.0,0,False,NO ACTION,No actual open position,NORMAL,NO ACTION,0.0,0.0,0.0,0.0,0.0,0.0,0.0,NOT APPLICABLE,0.0,exit_intelligence_engine_v1_1_position_state_aware,Strong trend | Warnings: Trade validation rejected | Validation status rejected | Entry timing rejected | Risk engine rejected | AI final decision restrictive | Institutional decision restrictive | Weak trade validation | Entry engine restrictive | Risk engine says no trade | Weak risk/reward | Weak market | Weak sector
JSBL,JS BANK LTD,BANKS,UNKNOWN,13JUL2026,14.89,-1.0631229235880408,3990798,59422982.22,5.08,AVOID,31.49,68.51,24.76,62,64,ACCUMULATION WATCH,25,REJECTED,AVOID,0,NO ENTRY,0.0,0,NO TRADE,REJECTED,AVOID,1.17,14.67,15.04,14.15,16.08,16.97,False,0,0.0,0,,NO POSITION,,0.0,0,0,0,0.0,0.0,0.0,0.0,0.0,0.0,0.0,0,False,NO ACTION,No actual open position,NORMAL,NO ACTION,0.0,0.0,0.0,0.0,0.0,0.0,0.0,NOT APPLICABLE,0.0,exit_intelligence_engine_v1_1_position_state_aware,Strong trend | Warnings: Trade validation rejected | Validation status rejected | Entry timing rejected | Risk engine rejected | AI final decision restrictive | Institutional decision restrictive | Weak trade validation | Entry engine restrictive | Risk engine says no trade | Weak risk/reward | Weak market | Weak sector
REWM,RELIANCE WEAVING,TEXTILE,WEAVING,13JUL2026,190.9,5.580443559537638,1072,204644.80000000002,4.94,AVOID,30.52,69.48,23.07,73,77,STRONG INSTITUTIONAL BUYING,11,REJECTED,AVOID,0,NO ENTRY,0.0,0,NO TRADE,REJECTED,AVOID,1.17,188.04,192.81,181.35,206.17,217.63,False,0,0.0,0,,NO POSITION,,0.0,0,0,0,0.0,0.0,0.0,0.0,0.0,0.0,0.0,0,False,NO ACTION,No actual open position,NORMAL,NO ACTION,0.0,0.0,0.0,0.0,0.0,0.0,0.0,NOT APPLICABLE,0.0,exit_intelligence_engine_v1_1_position_state_aware,Strong trend | Warnings: Trade validation rejected | Validation status rejected | Entry timing rejected | Risk engine rejected | AI final decision restrictive | Institutional decision restrictive | Weak trade validation | Entry engine restrictive | Risk engine says no trade | Weak risk/reward | Weak market | Weak sector
ZUMA,ZUMA RESOURCES LTD.,MISCELLANEOUS,RESOURCES / TRADING,13JUL2026,116.03,0.8518035636679738,352307,40878181.21,4.92,AVOID,29.58,70.42,23.27,64,67,NEUTRAL,8,REJECTED,AVOID,0,NO ENTRY,0.0,0,NO TRADE,REJECTED,AVOID,1.17,114.29,117.19,110.23,125.31,132.27,False,0,0.0,0,,NO POSITION,,0.0,0,0,0,0.0,0.0,0.0,0.0,0.0,0.0,0.0,0,False,NO ACTION,No actual open position,NORMAL,NO ACTION,0.0,0.0,0.0,0.0,0.0,0.0,0.0,NOT APPLICABLE,0.0,exit_intelligence_engine_v1_1_position_state_aware,Strong trend | Warnings: Trade validation rejected | Validation status rejected | Entry timing rejected | Risk engine rejected | AI final decision restrictive | Institutional decision restrictive | Weak trade validation | Entry engine restrictive | Risk engine says no trade | Weak risk/reward | Weak market
NICL,NIMIR IND.CHEM,CHEMICAL,INDUSTRIAL CHEMICALS,13JUL2026,242.96,1.780402999455406,283790,68949618.4,4.23,AVOID,29.44,70.56,22.78,56,50,NEUTRAL,1,REJECTED,AVOID,0,NO ENTRY,0.0,0,NO TRADE,REJECTED,AVOID,1.17,239.32,245.39,230.81,262.4,276.97,False,0,0.0,0,,NO POSITION,,0.0,0,0,0,0.0,0.0,0.0,0.0,0.0,0.0,0.0,0,False,NO ACTION,No actual open position,NORMAL,NO ACTION,0.0,0.0,0.0,0.0,0.0,0.0,0.0,NOT APPLICABLE,0.0,exit_intelligence_engine_v1_1_position_state_aware,Strong trend | Warnings: Trade validation rejected | Validation status rejected | Entry timing rejected | Risk engine rejected | AI final decision restrictive | Institutional decision restrictive | Weak trade validation | Entry engine restrictive | Risk engine says no trade | Weak risk/reward | Weak market
GOC,GOC (PAK) LTD.,CONSUMER GOODS,SPORTS / CONSUMER GOODS,13JUL2026,150.78,10.002188662727079,28773,4338392.94,4.03,AVOID,31.15,68.85,22.56,83,91,STRONG INSTITUTIONAL BUYING,2,REJECTED,AVOID,0,NO ENTRY,0.0,0,NO TRADE,REJECTED,AVOID,1.17,148.52,152.29,143.24,162.84,171.89,False,0,0.0,0,,NO POSITION,,0.0,0,0,0,0.0,0.0,0.0,0.0,0.0,0.0,0.0,0,False,NO ACTION,No actual open position,NORMAL,NO ACTION,0.0,0.0,0.0,0.0,0.0,0.0,0.0,NOT APPLICABLE,0.0,exit_intelligence_engine_v1_1_position_state_aware,Strong accumulation | Strong trend | Warnings: Trade validation rejected | Validation status rejected | Entry timing rejected | Risk engine rejected | AI final decision restrictive | Institutional decision restrictive | Weak trade validation | Entry engine restrictive | Risk engine says no trade | Weak risk/reward | Weak market | Near upper cap / extended
AKBL,ASKARI BANK,BANKS,UNKNOWN,13JUL2026,111.38,-0.4202056325435842,1578915,175859552.7,3.83,AVOID,29.84,70.16,23.47,59,60,NEUTRAL,13,REJECTED,AVOID,2,NO ENTRY,0.0,0,NO TRADE,REJECTED,AVOID,1.17,109.71,112.49,105.81,120.29,126.97,False,0,0.0,0,,NO POSITION,,0.0,0,0,0,0.0,0.0,0.0,0.0,0.0,0.0,0.0,0,False,NO ACTION,No actual open position,NORMAL,NO ACTION,0.0,0.0,0.0,0.0,0.0,0.0,0.0,NOT APPLICABLE,0.0,exit_intelligence_engine_v1_1_position_state_aware,Strong trend | Warnings: Trade validation rejected | Validation status rejected | Entry timing rejected | Risk engine rejected | AI final decision restrictive | Institutional decision restrictive | Weak trade validation | Entry engine restrictive | Risk engine says no trade | Weak risk/reward | Weak market | Weak sector
TPLI,TPL INSURANCE,INSURANCE,GENERAL INSURANCE,13JUL2026,45.24,9.460440358093404,1691735,76534091.4,3.57,AVOID,32.43,67.57,23.77,88,97,STRONG INSTITUTIONAL BUYING,16,REJECTED,AVOID,0,NO ENTRY,0.0,0,NO TRADE,REJECTED,AVOID,1.17,44.56,45.69,42.98,48.86,51.57,False,0,0.0,0,,NO POSITION,,0.0,0,0,0,0.0,0.0,0.0,0.0,0.0,0.0,0.0,0,False,NO ACTION,No actual open position,NORMAL,NO ACTION,0.0,0.0,0.0,0.0,0.0,0.0,0.0,NOT APPLICABLE,0.0,exit_intelligence_engine_v1_1_position_state_aware,Strong smart money | Strong accumulation | Strong trend | Warnings: Trade validation rejected | Validation status rejected | Entry timing rejected | Risk engine rejected | AI final decision restrictive | Institutional decision restrictive | Weak trade validation | Entry engine restrictive | Risk engine says no trade | Weak risk/reward | Weak market | Weak sector | RSI overheated | Large daily move | High volatility
GGL,GHANI GLO HOL,CHEMICAL,UNKNOWN,13JUL2026,24.68,-1.3194722111155612,1245573,30740741.64,3.54,AVOID,28.24,71.76,22.64,51,50,NEUTRAL,13,REJECTED,AVOID,0,NO ENTRY,0.0,0,NO TRADE,REJECTED,AVOID,1.16,24.31,24.93,23.45,26.65,28.14,False,0,0.0,0,,NO POSITION,,0.0,0,0,0,0.0,0.0,0.0,0.0,0.0,0.0,0.0,0,False,NO ACTION,No actual open position,NORMAL,NO ACTION,0.0,0.0,0.0,0.0,0.0,0.0,0.0,NOT APPLICABLE,0.0,exit_intelligence_engine_v1_1_position_state_aware,Strong trend | Warnings: Trade validation rejected | Validation status rejected | Entry timing rejected | Risk engine rejected | AI final decision restrictive | Institutional decision restrictive | Weak trade validation | Entry engine restrictive | Risk engine says no trade | Weak risk/reward | Weak market
EMCO,EMCO INDUSTRIES,ENGINEERING,INDUSTRIAL MANUFACTURING,13JUL2026,56.77,-3.893685457931263,137826,7824382.0200000005,3.51,AVOID,29.81,70.19,22.9,62,64,ACCUMULATION WATCH,16,REJECTED,AVOID,0,NO ENTRY,0.0,0,NO TRADE,REJECTED,AVOID,1.16,55.92,57.34,53.93,61.31,64.72,False,0,0.0,0,,NO POSITION,,0.0,0,0,0,0.0,0.0,0.0,0.0,0.0,0.0,0.0,0,False,NO ACTION,No actual open position,NORMAL,NO ACTION,0.0,0.0,0.0,0.0,0.0,0.0,0.0,NOT APPLICABLE,0.0,exit_intelligence_engine_v1_1_position_state_aware,Strong trend | Warnings: Trade validation rejected | Validation status rejected | Entry timing rejected | Risk engine rejected | AI final decision restrictive | Institutional decision restrictive | Weak trade validation | Entry engine restrictive | Risk engine says no trade | Weak risk/reward | Weak market | Weak sector
SHNI,SHAHEEN INS.,INSURANCE,GENERAL INSURANCE,13JUL2026,9.75,10.795454545454536,2347753,22890591.75,3.33,AVOID,32.88,67.12,24.21,85,95,STRONG INSTITUTIONAL BUYING,27,REJECTED,AVOID,0,NO ENTRY,0.0,0,NO TRADE,REJECTED,AVOID,1.15,9.6,9.85,9.26,10.53,11.11,False,0,0.0,0,,NO POSITION,,0.0,0,0,0,0.0,0.0,0.0,0.0,0.0,0.0,0.0,0,False,NO ACTION,No actual open position,NORMAL,NO ACTION,0.0,0.0,0.0,0.0,0.0,0.0,0.0,NOT APPLICABLE,0.0,exit_intelligence_engine_v1_1_position_state_aware,Strong smart money | Strong accumulation | Strong trend | Warnings: Trade validation rejected | Validation status rejected | Entry timing rejected | Risk engine rejected | AI final decision restrictive | Institutional decision restrictive | Weak trade validation | Entry engine restrictive | Risk engine says no trade | Weak risk/reward | Weak market | Weak sector | RSI overheated | Near upper cap / extended
LPL,LALPIR POWER,POWER,INDEPENDENT POWER PRODUCER,13JUL2026,22.78,0.35242290748899496,175297,3993265.66,3.05,AVOID,29.11,70.89,22.2,63,67,NEUTRAL,13,REJECTED,AVOID,0,NO ENTRY,0.0,0,NO TRADE,REJECTED,AVOID,1.16,22.44,23.01,21.64,24.6,25.97,False,0,0.0,0,,NO POSITION,,0.0,0,0,0,0.0,0.0,0.0,0.0,0.0,0.0,0.0,0,False,NO ACTION,No actual open position,NORMAL,NO ACTION,0.0,0.0,0.0,0.0,0.0,0.0,0.0,NOT APPLICABLE,0.0,exit_intelligence_engine_v1_1_position_state_aware,Strong trend | Warnings: Trade validation rejected | Validation status rejected | Entry timing rejected | Risk engine rejected | AI final decision restrictive | Institutional decision restrictive | Weak trade validation | Entry engine restrictive | Risk engine says no trade | Weak risk/reward | Weak market | Weak sector
AGIC,ASK.GEN.INSURANCE,INSURANCE,UNKNOWN,13JUL2026,42.14,-0.8470588235294105,34534,1455262.76,3.04,AVOID,28.7,71.3,21.77,64,60,NEUTRAL,5,REJECTED,AVOID,0,NO ENTRY,0.0,0,NO TRADE,REJECTED,AVOID,1.17,41.51,42.56,40.03,45.51,48.04,False,0,0.0,0,,NO POSITION,,0.0,0,0,0,0.0,0.0,0.0,0.0,0.0,0.0,0.0,0,False,NO ACTION,No actual open position,NORMAL,NO ACTION,0.0,0.0,0.0,0.0,0.0,0.0,0.0,NOT APPLICABLE,0.0,exit_intelligence_engine_v1_1_position_state_aware,Strong trend | Warnings: Trade validation rejected | Validation status rejected | Entry timing rejected | Risk engine rejected | AI final decision restrictive | Institutional decision restrictive | Weak trade validation | Entry engine restrictive | Risk engine says no trade | Weak risk/reward | Weak market | Weak sector
UBL,UNITED BANK,BANKS,UNKNOWN,13JUL2026,476.41,-1.5803825971986898,1479210,704710436.1,2.98,AVOID,29.37,70.63,22.89,56,50,NEUTRAL,13,REJECTED,AVOID,0,NO ENTRY,0.0,0,NO TRADE,REJECTED,AVOID,1.17,469.26,481.17,452.59,514.52,543.11,False,0,0.0,0,,NO POSITION,,0.0,0,0,0,0.0,0.0,0.0,0.0,0.0,0.0,0.0,0,False,NO ACTION,No actual open position,NORMAL,NO ACTION,0.0,0.0,0.0,0.0,0.0,0.0,0.0,NOT APPLICABLE,0.0,exit_intelligence_engine_v1_1_position_state_aware,Strong trend | Warnings: Trade validation rejected | Validation status rejected | Entry timing rejected | Risk engine rejected | AI final decision restrictive | Institutional decision restrictive | Weak trade validation | Entry engine restrictive | Risk engine says no trade | Weak risk/reward | Weak market | Weak sector
MQTM,MAQBOOL TEXTILE,TEXTILE,TEXTILE MILLS,13JUL2026,30.71,9.444048467569502,328149,10077455.790000001,2.97,AVOID,30.36,69.64,22.13,72,85,STRONG INSTITUTIONAL BUYING,0,REJECTED,AVOID,0,NO ENTRY,0.0,0,NO TRADE,REJECTED,AVOID,1.16,30.25,31.02,29.17,33.17,35.01,False,0,0.0,0,,NO POSITION,,0.0,0,0,0,0.0,0.0,0.0,0.0,0.0,0.0,0.0,0,False,NO ACTION,No actual open position,NORMAL,NO ACTION,0.0,0.0,0.0,0.0,0.0,0.0,0.0,NOT APPLICABLE,0.0,exit_intelligence_engine_v1_1_position_state_aware,Strong accumulation | Strong trend | Warnings: Trade validation rejected | Validation status rejected | Entry timing rejected | Risk engine rejected | AI final decision restrictive | Institutional decision restrictive | Weak trade validation | Entry engine restrictive | Risk engine says no trade | Weak risk/reward | Weak market | Weak sector | Large daily move
IPAK,INT. PACKAGING,PACKAGING,PACKAGING,13JUL2026,36.46,-1.910142588108692,166422,6067746.12,2.94,AVOID,28.98,71.02,21.69,64,60,NEUTRAL,1,REJECTED,AVOID,0,NO ENTRY,0.0,0,NO TRADE,REJECTED,AVOID,1.17,35.91,36.82,34.64,39.38,41.56,False,0,0.0,0,,NO POSITION,,0.0,0,0,0,0.0,0.0,0.0,0.0,0.0,0.0,0.0,0,False,NO ACTION,No actual open position,NORMAL,NO ACTION,0.0,0.0,0.0,0.0,0.0,0.0,0.0,NOT APPLICABLE,0.0,exit_intelligence_engine_v1_1_position_state_aware,Strong trend | Warnings: Trade validation rejected | Validation status rejected | Entry timing rejected | Risk engine rejected | AI final decision restrictive | Institutional decision restrictive | Weak trade validation | Entry engine restrictive | Risk engine says no trade | Weak risk/reward | Weak market | Weak sector
PGLC,PAK GULF LEASING,LEASING,LEASING,13JUL2026,15.8,-0.37831021437578005,46670,737386.0,2.68,AVOID,26.52,73.48,20.66,58,60,NEUTRAL,0,REJECTED,AVOID,0,NO ENTRY,0.0,0,NO TRADE,REJECTED,AVOID,1.16,15.56,15.96,15.01,17.06,18.01,False,0,0.0,0,,NO POSITION,,0.0,0,0,0,0.0,0.0,0.0,0.0,0.0,0.0,0.0,0,False,NO ACTION,No actual open position,NORMAL,NO ACTION,0.0,0.0,0.0,0.0,0.0,0.0,0.0,NOT APPLICABLE,0.0,exit_intelligence_engine_v1_1_position_state_aware,Strong trend | Warnings: Trade validation rejected | Validation status rejected | Entry timing rejected | Risk engine rejected | AI final decision restrictive | Institutional decision restrictive | Weak trade validation | Entry engine restrictive | Risk engine says no trade | Weak risk/reward | Weak market
P01GHS290427,1 YEAR GHS,GOVT SECURITIES,1 YEAR GHS,13JUL2026,91.6,0.010918222513364892,5000,458000.0,2.52,AVOID,26.37,73.63,20.47,64,67,NEUTRAL,0,REJECTED,AVOID,0,NO ENTRY,0.0,0,NO TRADE,REJECTED,AVOID,1.17,90.23,92.52,87.02,98.93,104.42,False,0,0.0,0,,NO POSITION,,0.0,0,0,0,0.0,0.0,0.0,0.0,0.0,0.0,0.0,0,False,NO ACTION,No actual open position,NORMAL,NO ACTION,0.0,0.0,0.0,0.0,0.0,0.0,0.0,NOT APPLICABLE,0.0,exit_intelligence_engine_v1_1_position_state_aware,Strong trend | Warnings: Trade validation rejected | Validation status rejected | Entry timing rejected | Risk engine rejected | AI final decision restrictive | Institutional decision restrictive | Weak trade validation | Entry engine restrictive | Risk engine says no trade | Weak risk/reward | Weak market
P01GHS130527,1 YEAR GHS,GOVT SECURITIES,1 YEAR GHS,13JUL2026,91.27,0.043845226350972315,5000,456350.0,2.52,AVOID,26.37,73.63,20.47,64,67,NEUTRAL,0,REJECTED,AVOID,0,NO ENTRY,0.0,0,NO TRADE,REJECTED,AVOID,1.17,89.9,92.18,86.71,98.57,104.05,False,0,0.0,0,,NO POSITION,,0.0,0,0,0,0.0,0.0,0.0,0.0,0.0,0.0,0.0,0,False,NO ACTION,No actual open position,NORMAL,NO ACTION,0.0,0.0,0.0,0.0,0.0,0.0,0.0,NOT APPLICABLE,0.0,exit_intelligence_engine_v1_1_position_state_aware,Strong trend | Warnings: Trade validation rejected | Validation status rejected | Entry timing rejected | Risk engine rejected | AI final decision restrictive | Institutional decision restrictive | Weak trade validation | Entry engine restrictive | Risk engine says no trade | Weak risk/reward | Weak market
OLPL,OLP FINANCIAL,FINANCE,FINANCIAL SERVICES,13JUL2026,49.95,0.2006018054162516,36732,1834763.4000000001,2.47,AVOID,26.49,73.51,20.9,56,55,NEUTRAL,0,REJECTED,AVOID,0,NO ENTRY,0.0,0,NO TRADE,REJECTED,AVOID,1.17,49.2,50.45,47.45,53.95,56.94,False,0,0.0,0,,NO POSITION,,0.0,0,0,0,0.0,0.0,0.0,0.0,0.0,0.0,0.0,0,False,NO ACTION,No actual open position,NORMAL,NO ACTION,0.0,0.0,0.0,0.0,0.0,0.0,0.0,NOT APPLICABLE,0.0,exit_intelligence_engine_v1_1_position_state_aware,Strong trend | Warnings: Trade validation rejected | Validation status rejected | Entry timing rejected | Risk engine rejected | AI final decision restrictive | Institutional decision restrictive | Weak trade validation | Entry engine restrictive | Risk engine says no trade | Weak risk/reward | Weak market
IMS,INTERMARKET SEC.,INSURANCE,UNKNOWN,13JUL2026,24.75,-0.12106537530266802,4152131,102765242.25,2.31,AVOID,29.03,70.97,22.72,45,50,NEUTRAL,17,REJECTED,AVOID,0,NO ENTRY,0.0,0,NO TRADE,REJECTED,AVOID,1.16,24.38,25.0,23.51,26.73,28.21,False,0,0.0,0,,NO POSITION,,0.0,0,0,0,0.0,0.0,0.0,0.0,0.0,0.0,0.0,0,False,NO ACTION,No actual open position,NORMAL,NO ACTION,0.0,0.0,0.0,0.0,0.0,0.0,0.0,NOT APPLICABLE,0.0,exit_intelligence_engine_v1_1_position_state_aware,Strong trend | Warnings: Trade validation rejected | Validation status rejected | Entry timing rejected | Risk engine rejected | AI final decision restrictive | Institutional decision restrictive | Weak trade validation | Entry engine restrictive | Risk engine says no trade | Weak risk/reward | Weak market | Weak sector
GCIL,GHANI CHEMICAL,CHEMICAL,UNKNOWN,13JUL2026,36.54,-2.455953016550992,2740627,100142510.58,2.29,AVOID,26.95,73.05,21.9,46,50,NEUTRAL,8,REJECTED,AVOID,0,NO ENTRY,0.0,0,NO TRADE,REJECTED,AVOID,1.16,35.99,36.91,34.71,39.46,41.66,False,0,0.0,0,,NO POSITION,,0.0,0,0,0,0.0,0.0,0.0,0.0,0.0,0.0,0.0,0,False,NO ACTION,No actual open position,NORMAL,NO ACTION,0.0,0.0,0.0,0.0,0.0,0.0,0.0,NOT APPLICABLE,0.0,exit_intelligence_engine_v1_1_position_state_aware,Strong trend | Warnings: Trade validation rejected | Validation status rejected | Entry timing rejected | Risk engine rejected | AI final decision restrictive | Institutional decision restrictive | Weak trade validation | Entry engine restrictive | Risk engine says no trade | Weak risk/reward | Weak market
SYM,SYMMETRY GROUP LTD,TECHNOLOGY,UNKNOWN,13JUL2026,11.63,0.17226528854436995,1824121,21214527.23,2.17,AVOID,28.17,71.83,21.73,55,55,NEUTRAL,9,REJECTED,AVOID,0,NO ENTRY,0.0,0,NO TRADE,REJECTED,AVOID,1.16,11.46,11.75,11.05,12.56,13.26,False,0,0.0,0,,NO POSITION,,0.0,0,0,0,0.0,0.0,0.0,0.0,0.0,0.0,0.0,0,False,NO ACTION,No actual open position,NORMAL,NO ACTION,0.0,0.0,0.0,0.0,0.0,0.0,0.0,NOT APPLICABLE,0.0,exit_intelligence_engine_v1_1_position_state_aware,Strong trend | Warnings: Trade validation rejected | Validation status rejected | Entry timing rejected | Risk engine rejected | AI final decision restrictive | Institutional decision restrictive | Weak trade validation | Entry engine restrictive | Risk engine says no trade | Weak risk/reward | Weak market | Weak sector
DCR,DOLMEN CITY,REIT,REAL ESTATE INVESTMENT TRUST,13JUL2026,38.46,-0.9273570324574947,407103,15657181.38,2.1,AVOID,26.37,73.63,21.06,51,50,NEUTRAL,4,REJECTED,AVOID,0,NO ENTRY,0.0,0,NO TRADE,REJECTED,AVOID,1.17,37.88,38.84,36.54,41.54,43.84,False,0,0.0,0,,NO POSITION,,0.0,0,0,0,0.0,0.0,0.0,0.0,0.0,0.0,0.0,0,False,NO ACTION,No actual open position,NORMAL,NO ACTION,0.0,0.0,0.0,0.0,0.0,0.0,0.0,NOT APPLICABLE,0.0,exit_intelligence_engine_v1_1_position_state_aware,Strong trend | Warnings: Trade validation rejected | Validation status rejected | Entry timing rejected | Risk engine rejected | AI final decision restrictive | Institutional decision restrictive | Weak trade validation | Entry engine restrictive | Risk engine says no trade | Weak risk/reward | Weak market
QTECH,QUANTUM DATA,TECHNOLOGY,DATA / IT SERVICES,13JUL2026,52.3,4.579084183163365,2844381,148761126.29999998,1.88,AVOID,29.39,70.61,22.18,50,55,NEUTRAL,10,REJECTED,AVOID,0,NO ENTRY,0.0,0,NO TRADE,REJECTED,AVOID,1.17,51.52,52.82,49.68,56.48,59.62,False,0,0.0,0,,NO POSITION,,0.0,0,0,0,0.0,0.0,0.0,0.0,0.0,0.0,0.0,0,False,NO ACTION,No actual open position,NORMAL,NO ACTION,0.0,0.0,0.0,0.0,0.0,0.0,0.0,NOT APPLICABLE,0.0,exit_intelligence_engine_v1_1_position_state_aware,Strong trend | Warnings: Trade validation rejected | Validation status rejected | Entry timing rejected | Risk engine rejected | AI final decision restrictive | Institutional decision restrictive | Weak trade validation | Entry engine restrictive | Risk engine says no trade | Weak risk/reward | Weak market | Weak sector
UDPL,UNITED DISTRIBUTOR,FOOD,FOOD DISTRIBUTION,13JUL2026,123.26,0.9335080248935477,29474,3632965.24,1.75,AVOID,27.48,72.52,20.93,61,55,NEUTRAL,5,REJECTED,AVOID,0,NO ENTRY,0.0,0,NO TRADE,REJECTED,AVOID,1.17,121.41,124.49,117.1,133.12,140.52,False,0,0.0,0,,NO POSITION,,0.0,0,0,0,0.0,0.0,0.0,0.0,0.0,0.0,0.0,0,False,NO ACTION,No actual open position,NORMAL,NO ACTION,0.0,0.0,0.0,0.0,0.0,0.0,0.0,NOT APPLICABLE,0.0,exit_intelligence_engine_v1_1_position_state_aware,Strong trend | Warnings: Trade validation rejected | Validation status rejected | Entry timing rejected | Risk engine rejected | AI final decision restrictive | Institutional decision restrictive | Weak trade validation | Entry engine restrictive | Risk engine says no trade | Weak risk/reward | Weak market | Weak sector
PIAHCLA,PIA HOLDING COMPANY,HOLDING,HOLDING COMPANY,13JUL2026,29.69,0.5758807588075939,11986700,355885123.0,1.66,AVOID,28.39,71.61,22.23,49,50,NEUTRAL,10,REJECTED,AVOID,7,NO ENTRY,0.0,0,NO TRADE,REJECTED,AVOID,1.17,29.24,29.99,28.21,32.07,33.85,False,0,0.0,0,,NO POSITION,,0.0,0,0,0,0.0,0.0,0.0,0.0,0.0,0.0,0.0,0,False,NO ACTION,No actual open position,NORMAL,NO ACTION,0.0,0.0,0.0,0.0,0.0,0.0,0.0,NOT APPLICABLE,0.0,exit_intelligence_engine_v1_1_position_state_aware,Strong trend | Warnings: Trade validation rejected | Validation status rejected | Entry timing rejected | Risk engine rejected | AI final decision restrictive | Institutional decision restrictive | Weak trade validation | Entry engine restrictive | Risk engine says no trade | Weak risk/reward | Weak market | Weak sector
ANSM,ANSARI SUGAR,SUGAR,SUGAR MILLS,13JUL2026,34.47,2.2545238801542506,726004,25025357.88,1.59,AVOID,28.81,71.19,21.13,64,65,NEUTRAL,1,REJECTED,AVOID,0,NO ENTRY,0.0,0,NO TRADE,REJECTED,AVOID,1.17,33.95,34.81,32.75,37.23,39.3,False,0,0.0,0,,NO POSITION,,0.0,0,0,0,0.0,0.0,0.0,0.0,0.0,0.0,0.0,0,False,NO ACTION,No actual open position,NORMAL,NO ACTION,0.0,0.0,0.0,0.0,0.0,0.0,0.0,NOT APPLICABLE,0.0,exit_intelligence_engine_v1_1_position_state_aware,Strong trend | Warnings: Trade validation rejected | Validation status rejected | Entry timing rejected | Risk engine rejected | AI final decision restrictive | Institutional decision restrictive | Weak trade validation | Entry engine restrictive | Risk engine says no trade | Weak risk/reward | Weak market | High volatility
BML,BANK MAKRAMAH,BANKS,COMMERCIAL BANK,13JUL2026,63.35,-3.4445968602347175,183297,11611864.950000001,1.31,AVOID,27.26,72.74,21.01,56,50,NEUTRAL,9,REJECTED,AVOID,0,NO ENTRY,0.0,0,NO TRADE,REJECTED,AVOID,1.17,62.4,63.98,60.18,68.42,72.22,False,0,0.0,0,,NO POSITION,,0.0,0,0,0,0.0,0.0,0.0,0.0,0.0,0.0,0.0,0,False,NO ACTION,No actual open position,NORMAL,NO ACTION,0.0,0.0,0.0,0.0,0.0,0.0,0.0,NOT APPLICABLE,0.0,exit_intelligence_engine_v1_1_position_state_aware,Strong trend | Warnings: Trade validation rejected | Validation status rejected | Entry timing rejected | Risk engine rejected | AI final decision restrictive | Institutional decision restrictive | Weak trade validation | Entry engine restrictive | Risk engine says no trade | Weak risk/reward | Weak market | Weak sector
NATF,NATIONAL FOODS,FOOD,PACKAGED FOODS,13JUL2026,392.12,-1.1171352918925752,64334,25226648.080000002,1.24,AVOID,27.03,72.97,21.11,56,50,NEUTRAL,9,REJECTED,AVOID,0,NO ENTRY,0.0,0,NO TRADE,REJECTED,AVOID,1.17,386.24,396.04,372.51,423.49,447.02,False,0,0.0,0,,NO POSITION,,0.0,0,0,0,0.0,0.0,0.0,0.0,0.0,0.0,0.0,0,False,NO ACTION,No actual open position,NORMAL,NO ACTION,0.0,0.0,0.0,0.0,0.0,0.0,0.0,NOT APPLICABLE,0.0,exit_intelligence_engine_v1_1_position_state_aware,Strong trend | Warnings: Trade validation rejected | Validation status rejected | Entry timing rejected | Risk engine rejected | AI final decision restrictive | Institutional decision restrictive | Weak trade validation | Entry engine restrictive | Risk engine says no trade | Weak risk/reward | Weak market | Weak sector
SINDM,SINDH MODARABA,MODARABA,MODARABA,13JUL2026,24.11,-1.7121891561353513,20275,488830.25,1.17,AVOID,24.59,75.41,19.62,56,50,NEUTRAL,0,REJECTED,AVOID,0,NO ENTRY,0.0,0,NO TRADE,REJECTED,AVOID,1.17,23.75,24.35,22.9,26.04,27.49,False,0,0.0,0,,NO POSITION,,0.0,0,0,0,0.0,0.0,0.0,0.0,0.0,0.0,0.0,0,False,NO ACTION,No actual open position,NORMAL,NO ACTION,0.0,0.0,0.0,0.0,0.0,0.0,0.0,NOT APPLICABLE,0.0,exit_intelligence_engine_v1_1_position_state_aware,Strong trend | Warnings: Trade validation rejected | Validation status rejected | Entry timing rejected | Risk engine rejected | AI final decision restrictive | Institutional decision restrictive | Weak trade validation | Entry engine restrictive | Risk engine says no trade | Weak risk/reward | Weak market
HMB,HABIB METROPOLITAN,BANKS,COMMERCIAL BANK,13JUL2026,118.22,0.18644067796610073,97126,11482235.72,1.16,AVOID,26.84,73.16,20.41,61,55,NEUTRAL,0,REJECTED,AVOID,0,NO ENTRY,0.0,0,NO TRADE,REJECTED,AVOID,1.17,116.45,119.4,112.31,127.68,134.77,False,0,0.0,0,,NO POSITION,,0.0,0,0,0,0.0,0.0,0.0,0.0,0.0,0.0,0.0,0,False,NO ACTION,No actual open position,NORMAL,NO ACTION,0.0,0.0,0.0,0.0,0.0,0.0,0.0,NOT APPLICABLE,0.0,exit_intelligence_engine_v1_1_position_state_aware,Strong trend | Warnings: Trade validation rejected | Validation status rejected | Entry timing rejected | Risk engine rejected | AI final decision restrictive | Institutional decision restrictive | Weak trade validation | Entry engine restrictive | Risk engine says no trade | Weak risk/reward | Weak market | Weak sector
ATIL,ATLAS INS. LTD,INSURANCE,GENERAL INSURANCE,13JUL2026,75.9,0.1319261213720429,6268,475741.2,1.12,AVOID,26.16,73.84,19.8,64,60,NEUTRAL,0,REJECTED,AVOID,0,NO ENTRY,0.0,0,NO TRADE,REJECTED,AVOID,1.17,74.76,76.66,72.11,81.97,86.53,False,0,0.0,0,,NO POSITION,,0.0,0,0,0,0.0,0.0,0.0,0.0,0.0,0.0,0.0,0,False,NO ACTION,No actual open position,NORMAL,NO ACTION,0.0,0.0,0.0,0.0,0.0,0.0,0.0,NOT APPLICABLE,0.0,exit_intelligence_engine_v1_1_position_state_aware,Strong trend | Warnings: Trade validation rejected | Validation status rejected | Entry timing rejected | Risk engine rejected | AI final decision restrictive | Institutional decision restrictive | Weak trade validation | Entry engine restrictive | Risk engine says no trade | Weak risk/reward | Weak market | Weak sector
ILP,INTERLOOP LTD.,TEXTILE,UNKNOWN,13JUL2026,101.04,-2.7713625866050764,994248,100458817.92,0.9,AVOID,26.78,73.22,21.45,51,50,NEUTRAL,13,REJECTED,AVOID,0,NO ENTRY,0.0,0,NO TRADE,REJECTED,AVOID,1.17,99.52,102.05,95.99,109.12,115.19,False,0,0.0,0,,NO POSITION,,0.0,0,0,0,0.0,0.0,0.0,0.0,0.0,0.0,0.0,0,False,NO ACTION,No actual open position,NORMAL,NO ACTION,0.0,0.0,0.0,0.0,0.0,0.0,0.0,NOT APPLICABLE,0.0,exit_intelligence_engine_v1_1_position_state_aware,Strong trend | Warnings: Trade validation rejected | Validation status rejected | Entry timing rejected | Risk engine rejected | AI final decision restrictive | Institutional decision restrictive | Weak trade validation | Entry engine restrictive | Risk engine says no trade | Weak risk/reward | Weak market | Weak sector
TRSM,TRUST MODARABA,MODARABA,UNKNOWN,13JUL2026,16.18,0.1857585139318956,659952,10678023.36,0.83,AVOID,25.53,74.47,19.97,55,55,NEUTRAL,0,REJECTED,AVOID,0,NO ENTRY,0.0,0,NO TRADE,REJECTED,AVOID,1.16,15.94,16.34,15.37,17.47,18.45,False,0,0.0,0,,NO POSITION,,0.0,0,0,0,0.0,0.0,0.0,0.0,0.0,0.0,0.0,0,False,NO ACTION,No actual open position,NORMAL,NO ACTION,0.0,0.0,0.0,0.0,0.0,0.0,0.0,NOT APPLICABLE,0.0,exit_intelligence_engine_v1_1_position_state_aware,Strong trend | Warnings: Trade validation rejected | Validation status rejected | Entry timing rejected | Risk engine rejected | AI final decision restrictive | Institutional decision restrictive | Weak trade validation | Entry engine restrictive | Risk engine says no trade | Weak risk/reward | Weak market
HABSM,HABIB SUGAR,SUGAR,SUGAR MILLS,13JUL2026,81.0,1.1867582760774553,23835,1930635.0,0.74,AVOID,25.34,74.66,19.78,55,55,NEUTRAL,0,REJECTED,AVOID,0,NO ENTRY,0.0,0,NO TRADE,REJECTED,AVOID,1.17,79.78,81.81,76.95,87.48,92.34,False,0,0.0,0,,NO POSITION,,0.0,0,0,0,0.0,0.0,0.0,0.0,0.0,0.0,0.0,0,False,NO ACTION,No actual open position,NORMAL,NO ACTION,0.0,0.0,0.0,0.0,0.0,0.0,0.0,NOT APPLICABLE,0.0,exit_intelligence_engine_v1_1_position_state_aware,Strong trend | Warnings: Trade validation rejected | Validation status rejected | Entry timing rejected | Risk engine rejected | AI final decision restrictive | Institutional decision restrictive | Weak trade validation | Entry engine restrictive | Risk engine says no trade | Weak risk/reward | Weak market
ASC,AL-SHAHEER CORP,FOOD,UNKNOWN,13JUL2026,13.58,-1.9494584837545095,743161,10092126.38,0.69,AVOID,26.21,73.79,20.53,56,50,NEUTRAL,9,REJECTED,AVOID,0,NO ENTRY,0.0,0,NO TRADE,REJECTED,AVOID,1.16,13.38,13.72,12.9,14.67,15.48,False,0,0.0,0,,NO POSITION,,0.0,0,0,0,0.0,0.0,0.0,0.0,0.0,0.0,0.0,0,False,NO ACTION,No actual open position,NORMAL,NO ACTION,0.0,0.0,0.0,0.0,0.0,0.0,0.0,NOT APPLICABLE,0.0,exit_intelligence_engine_v1_1_position_state_aware,Strong trend | Warnings: Trade validation rejected | Validation status rejected | Entry timing rejected | Risk engine rejected | AI final decision restrictive | Institutional decision restrictive | Weak trade validation | Entry engine restrictive | Risk engine says no trade | Weak risk/reward | Weak market | Weak sector
KHTC,KHYBER TOBACCO,TOBACCO,TOBACCO,13JUL2026,337.97,-1.0307768895135967,3867,1306929.99,0.58,AVOID,25.91,74.09,19.87,58,60,NEUTRAL,1,REJECTED,AVOID,0,NO ENTRY,0.0,0,NO TRADE,REJECTED,AVOID,1.17,332.9,341.35,321.07,365.01,385.29,False,0,0.0,0,,NO POSITION,,0.0,0,0,0,0.0,0.0,0.0,0.0,0.0,0.0,0.0,0,False,NO ACTION,No actual open position,NORMAL,NO ACTION,0.0,0.0,0.0,0.0,0.0,0.0,0.0,NOT APPLICABLE,0.0,exit_intelligence_engine_v1_1_position_state_aware,Strong trend | Warnings: Trade validation rejected | Validation status rejected | Entry timing rejected | Risk engine rejected | AI final decision restrictive | Institutional decision restrictive | Weak trade validation | Entry engine restrictive | Risk engine says no trade | Weak risk/reward | Weak market | Weak sector
PSX,PAK STOCK EXCHANGE,FINANCE,STOCK EXCHANGE,13JUL2026,53.38,-2.198607548552576,4954913,264493255.94000003,0.52,AVOID,25.42,74.58,20.54,51,50,NEUTRAL,4,REJECTED,AVOID,0,NO ENTRY,0.0,0,NO TRADE,REJECTED,AVOID,1.17,52.58,53.91,50.71,57.65,60.85,False,0,0.0,0,,NO POSITION,,0.0,0,0,0,0.0,0.0,0.0,0.0,0.0,0.0,0.0,0,False,NO ACTION,No actual open position,NORMAL,NO ACTION,0.0,0.0,0.0,0.0,0.0,0.0,0.0,NOT APPLICABLE,0.0,exit_intelligence_engine_v1_1_position_state_aware,Strong trend | Warnings: Trade validation rejected | Validation status rejected | Entry timing rejected | Risk engine rejected | AI final decision restrictive | Institutional decision restrictive | Weak trade validation | Entry engine restrictive | Risk engine says no trade | Weak risk/reward | Weak market
CRTM,CRESCENT TEX.,TEXTILE,TEXTILE MILLS,13JUL2026,82.8,-0.5524861878453133,12951,1072342.8,0.52,AVOID,26.76,73.24,19.84,64,60,NEUTRAL,0,REJECTED,AVOID,0,NO ENTRY,0.0,0,NO TRADE,REJECTED,AVOID,1.16,81.56,83.63,78.66,89.42,94.39,False,0,0.0,0,,NO POSITION,,0.0,0,0,0,0.0,0.0,0.0,0.0,0.0,0.0,0.0,0,False,NO ACTION,No actual open position,NORMAL,NO ACTION,0.0,0.0,0.0,0.0,0.0,0.0,0.0,NOT APPLICABLE,0.0,exit_intelligence_engine_v1_1_position_state_aware,Strong trend | Warnings: Trade validation rejected | Validation status rejected | Entry timing rejected | Risk engine rejected | AI final decision restrictive | Institutional decision restrictive | Weak trade validation | Entry engine restrictive | Risk engine says no trade | Weak risk/reward | Weak market | Weak sector
ANLNV,AZGARD(NON-VOTI)(PR),TEXTILE,TEXTILE / PREFERENCE SHARE,13JUL2026,9.4,4.444444444444448,2720,25568.0,0.44,AVOID,28.15,71.85,19.81,75,79,STRONG INSTITUTIONAL BUYING,0,REJECTED,AVOID,0,NO ENTRY,0.0,0,NO TRADE,REJECTED,AVOID,1.18,9.26,9.49,8.93,10.15,10.72,False,0,0.0,0,,NO POSITION,,0.0,0,0,0,0.0,0.0,0.0,0.0,0.0,0.0,0.0,0,False,NO ACTION,No actual open position,NORMAL,NO ACTION,0.0,0.0,0.0,0.0,0.0,0.0,0.0,NOT APPLICABLE,0.0,exit_intelligence_engine_v1_1_position_state_aware,Strong trend | Warnings: Trade validation rejected | Validation status rejected | Entry timing rejected | Risk engine rejected | AI final decision restrictive | Institutional decision restrictive | Weak trade validation | Entry engine restrictive | Risk engine says no trade | Weak risk/reward | Weak market | Weak sector | High volatility
JSIL,JS INVESTMENTS,ASSET MANAGEMENT,INVESTMENT MANAGEMENT,13JUL2026,46.85,4.087980448789166,22706,1063776.1,0.41,AVOID,27.66,72.34,20.04,60,62,NEUTRAL,0,REJECTED,AVOID,0,NO ENTRY,0.0,0,NO TRADE,REJECTED,AVOID,1.17,46.15,47.32,44.51,50.6,53.41,False,0,0.0,0,,NO POSITION,,0.0,0,0,0,0.0,0.0,0.0,0.0,0.0,0.0,0.0,0,False,NO ACTION,No actual open position,NORMAL,NO ACTION,0.0,0.0,0.0,0.0,0.0,0.0,0.0,NOT APPLICABLE,0.0,exit_intelligence_engine_v1_1_position_state_aware,Strong trend | Warnings: Trade validation rejected | Validation status rejected | Entry timing rejected | Risk engine rejected | AI final decision restrictive | Institutional decision restrictive | Weak trade validation | Entry engine restrictive | Risk engine says no trade | Weak risk/reward | Weak market | High volatility
BWHL,BAL.WHEELS,AUTO PARTS,AUTO WHEELS,13JUL2026,224.21,-0.013378523011060085,7603,1704668.6300000001,0.35,AVOID,25.56,74.44,19.66,59,60,NEUTRAL,0,REJECTED,AVOID,0,NO ENTRY,0.0,0,NO TRADE,REJECTED,AVOID,1.17,220.85,226.45,213.0,242.15,255.6,False,0,0.0,0,,NO POSITION,,0.0,0,0,0,0.0,0.0,0.0,0.0,0.0,0.0,0.0,0,False,NO ACTION,No actual open position,NORMAL,NO ACTION,0.0,0.0,0.0,0.0,0.0,0.0,0.0,NOT APPLICABLE,0.0,exit_intelligence_engine_v1_1_position_state_aware,Strong trend | Warnings: Trade validation rejected | Validation status rejected | Entry timing rejected | Risk engine rejected | AI final decision restrictive | Institutional decision restrictive | Weak trade validation | Entry engine restrictive | Risk engine says no trade | Weak risk/reward | Weak market | Weak sector
FRSM,FARAN SUGAR MILLS,SUGAR,SUGAR MILLS,13JUL2026,49.17,-1.3046969088719362,6374,313409.58,0.35,AVOID,24.21,75.79,19.06,58,60,NEUTRAL,0,REJECTED,AVOID,0,NO ENTRY,0.0,0,NO TRADE,REJECTED,AVOID,1.17,48.43,49.66,46.71,53.1,56.05,False,0,0.0,0,,NO POSITION,,0.0,0,0,0,0.0,0.0,0.0,0.0,0.0,0.0,0.0,0,False,NO ACTION,No actual open position,NORMAL,NO ACTION,0.0,0.0,0.0,0.0,0.0,0.0,0.0,NOT APPLICABLE,0.0,exit_intelligence_engine_v1_1_position_state_aware,Strong trend | Warnings: Trade validation rejected | Validation status rejected | Entry timing rejected | Risk engine rejected | AI final decision restrictive | Institutional decision restrictive | Weak trade validation | Entry engine restrictive | Risk engine says no trade | Weak risk/reward | Weak market
RPL,ROSHAN PACKAGES,PACKAGING,UNKNOWN,13JUL2026,18.48,-3.1446540880503036,1147926,21213672.48,0.2,AVOID,25.97,74.03,20.46,50,50,NEUTRAL,9,REJECTED,AVOID,0,NO ENTRY,0.0,0,NO TRADE,REJECTED,AVOID,1.18,18.2,18.66,17.56,19.96,21.07,False,0,0.0,0,,NO POSITION,,0.0,0,0,0,0.0,0.0,0.0,0.0,0.0,0.0,0.0,0,False,NO ACTION,No actual open position,NORMAL,NO ACTION,0.0,0.0,0.0,0.0,0.0,0.0,0.0,NOT APPLICABLE,0.0,exit_intelligence_engine_v1_1_position_state_aware,Strong trend | Warnings: Trade validation rejected | Validation status rejected | Entry timing rejected | Risk engine rejected | AI final decision restrictive | Institutional decision restrictive | Weak trade validation | Entry engine restrictive | Risk engine says no trade | Weak risk/reward | Weak market | Weak sector
SGPL,S.G.POWER,POWER,UNKNOWN,13JUL2026,117.04,3.019100431300068,3880834,454212811.36,0.0,AVOID,28.92,71.08,21.2,56,55,NEUTRAL,11,REJECTED,AVOID,0,NO ENTRY,0.0,0,NO TRADE,REJECTED,AVOID,1.17,115.28,118.21,111.19,126.4,133.43,False,0,0.0,0,,NO POSITION,,0.0,0,0,0,0.0,0.0,0.0,0.0,0.0,0.0,0.0,0,False,NO ACTION,No actual open position,NORMAL,NO ACTION,0.0,0.0,0.0,0.0,0.0,0.0,0.0,NOT APPLICABLE,0.0,exit_intelligence_engine_v1_1_position_state_aware,Strong trend | Warnings: Trade validation rejected | Validation status rejected | Entry timing rejected | Risk engine rejected | AI final decision restrictive | Institutional decision restrictive | Weak trade validation | Entry engine restrictive | Risk engine says no trade | Weak risk/reward | Weak market | Weak sector | High volatility
P01GIS200826,1 YEAR GIS,GOVT SECURITIES,1 YEAR GIS,13JUL2026,98.9,0.03034287448164371,625010000,61813489000.0,0.0,AVOID,9.93,90.07,20.84,72,77,STRONG INSTITUTIONAL BUYING,26,REJECTED,AVOID,0,NO ENTRY,0.0,0,NO TRADE,REJECTED,AVOID,1.16,97.42,99.89,93.95,106.81,112.75,False,0,0.0,0,,NO POSITION,,0.0,0,0,0,0.0,0.0,0.0,0.0,0.0,0.0,0.0,0,False,NO ACTION,No actual open position,NORMAL,NO ACTION,0.0,0.0,0.0,0.0,0.0,0.0,0.0,NOT APPLICABLE,0.0,exit_intelligence_engine_v1_1_position_state_aware,Strong trend | Warnings: Blocked security type | Trade validation rejected | Validation status rejected | Entry timing rejected | Risk engine rejected | AI final decision restrictive | Institutional decision restrictive | Weak trade validation | Entry engine restrictive | Risk engine says no trade | Weak risk/reward | Weak market
CHCC,CHERAT CEMENT,CEMENT,UNKNOWN,13JUL2026,325.03,-1.3206630639383152,321818,104600504.53999999,0.0,AVOID,26.03,73.97,20.8,51,50,NEUTRAL,13,REJECTED,AVOID,0,NO ENTRY,0.0,0,NO TRADE,REJECTED,AVOID,1.17,320.15,328.28,308.78,351.03,370.53,False,0,0.0,0,,NO POSITION,,0.0,0,0,0,0.0,0.0,0.0,0.0,0.0,0.0,0.0,0,False,NO ACTION,No actual open position,NORMAL,NO ACTION,0.0,0.0,0.0,0.0,0.0,0.0,0.0,NOT APPLICABLE,0.0,exit_intelligence_engine_v1_1_position_state_aware,Strong trend | Warnings: Trade validation rejected | Validation status rejected | Entry timing rejected | Risk engine rejected | AI final decision restrictive | Institutional decision restrictive | Weak trade validation | Entry engine restrictive | Risk engine says no trade | Weak risk/reward | Weak market | Weak sector
PICT,PAK.INT.CONTAINER,TRANSPORT,UNKNOWN,13JUL2026,55.73,-0.7126313914128019,1795904,100085729.92,0.0,AVOID,26.52,73.48,20.67,50,50,NEUTRAL,9,REJECTED,AVOID,0,NO ENTRY,0.0,0,NO TRADE,REJECTED,AVOID,1.16,54.89,56.29,52.94,60.19,63.53,False,0,0.0,0,,NO POSITION,,0.0,0,0,0,0.0,0.0,0.0,0.0,0.0,0.0,0.0,0,False,NO ACTION,No actual open position,NORMAL,NO ACTION,0.0,0.0,0.0,0.0,0.0,0.0,0.0,NOT APPLICABLE,0.0,exit_intelligence_engine_v1_1_position_state_aware,Strong trend | Warnings: Trade validation rejected | Validation status rejected | Entry timing rejected | Risk engine rejected | AI final decision restrictive | Institutional decision restrictive | Weak trade validation | Entry engine restrictive | Risk engine says no trade | Weak risk/reward | Weak market | Weak sector | RSI overheated
P10VRR160436,10 YR VARIABLE RATE,UNKNOWN,UNKNOWN,13JUL2026,100.8,0.29850746268656436,300000000,30240000000.0,0.0,AVOID,24.72,75.28,20.59,48,67,NEUTRAL,0,REJECTED,AVOID,0,NO ENTRY,0.0,0,NO TRADE,REJECTED,AVOID,1.17,99.29,101.81,95.76,108.86,114.91,False,0,0.0,0,,NO POSITION,,0.0,0,0,0,0.0,0.0,0.0,0.0,0.0,0.0,0.0,0,False,NO ACTION,No actual open position,NORMAL,NO ACTION,0.0,0.0,0.0,0.0,0.0,0.0,0.0,NOT APPLICABLE,0.0,exit_intelligence_engine_v1_1_position_state_aware,Sector supportive || Warnings: Trade validation rejected | Validation status rejected | Entry timing rejected | Risk engine rejected | AI final decision restrictive | Institutional decision restrictive | Weak trade validation | Entry engine restrictive | Risk engine says no trade | Weak risk/reward | Weak market | RSI overheated | Very high volatility
PTC,P.T.C.L.,TECHNOLOGY,UNKNOWN,13JUL2026,69.9,-1.5354275250035065,4218984,294906981.6,0.0,AVOID,25.49,74.51,20.31,51,50,NEUTRAL,3,REJECTED,AVOID,0,NO ENTRY,0.0,0,NO TRADE,REJECTED,AVOID,1.17,68.85,70.6,66.41,75.49,79.69,False,0,0.0,0,,NO POSITION,,0.0,0,0,0,0.0,0.0,0.0,0.0,0.0,0.0,0.0,0,False,NO ACTION,No actual open position,NORMAL,NO ACTION,0.0,0.0,0.0,0.0,0.0,0.0,0.0,NOT APPLICABLE,0.0,exit_intelligence_engine_v1_1_position_state_aware,Strong trend | Warnings: Trade validation rejected | Validation status rejected | Entry timing rejected | Risk engine rejected | AI final decision restrictive | Institutional decision restrictive | Weak trade validation | Entry engine restrictive | Risk engine says no trade | Weak risk/reward | Weak market | Weak sector
FABL,FAYSAL BANK,BANKS,UNKNOWN,13JUL2026,99.73,-1.8695267145527814,911435,90897412.55,0.0,AVOID,25.25,74.75,20.31,51,50,NEUTRAL,7,REJECTED,AVOID,0,NO ENTRY,0.0,0,NO TRADE,REJECTED,AVOID,1.17,98.23,100.73,94.74,107.71,113.69,False,0,0.0,0,,NO POSITION,,0.0,0,0,0,0.0,0.0,0.0,0.0,0.0,0.0,0.0,0,False,NO ACTION,No actual open position,NORMAL,NO ACTION,0.0,0.0,0.0,0.0,0.0,0.0,0.0,NOT APPLICABLE,0.0,exit_intelligence_engine_v1_1_position_state_aware,Strong trend | Warnings: Trade validation rejected | Validation status rejected | Entry timing rejected | Risk engine rejected | AI final decision restrictive | Institutional decision restrictive | Weak trade validation | Entry engine restrictive | Risk engine says no trade | Weak risk/reward | Weak market | Weak sector
THCCL,THATTA CEMENT,CEMENT,UNKNOWN,13JUL2026,71.14,-2.333882482152667,5823894,414311819.16,0.0,AVOID,24.82,75.18,20.24,43,50,NEUTRAL,3,REJECTED,AVOID,0,NO ENTRY,0.0,0,NO TRADE,REJECTED,AVOID,1.17,70.07,71.85,67.58,76.83,81.1,False,0,0.0,0,,NO POSITION,,0.0,0,0,0,0.0,0.0,0.0,0.0,0.0,0.0,0.0,0,False,NO ACTION,No actual open position,NORMAL,NO ACTION,0.0,0.0,0.0,0.0,0.0,0.0,0.0,NOT APPLICABLE,0.0,exit_intelligence_engine_v1_1_position_state_aware,Strong trend | Warnings: Trade validation rejected | Validation status rejected | Entry timing rejected | Risk engine rejected | AI final decision restrictive | Institutional decision restrictive | Weak trade validation | Entry engine restrictive | Risk engine says no trade | Weak risk/reward | Weak smart money | Weak market | Weak sector
SBL,SAMBA BANK,BANKS,COMMERCIAL BANK,13JUL2026,13.5,-8.66035182679296,9888767,133498354.5,0.0,AVOID,23.41,76.59,20.24,37,50,NEUTRAL,7,REJECTED,AVOID,0,NO ENTRY,0.0,0,NO TRADE,REJECTED,AVOID,1.17,13.3,13.63,12.82,14.58,15.39,False,0,0.0,0,,NO POSITION,,0.0,0,0,0,0.0,0.0,0.0,0.0,0.0,0.0,0.0,0,False,NO ACTION,No actual open position,NORMAL,NO ACTION,0.0,0.0,0.0,0.0,0.0,0.0,0.0,NOT APPLICABLE,0.0,exit_intelligence_engine_v1_1_position_state_aware,Strong trend | Warnings: Trade validation rejected | Validation status rejected | Entry timing rejected | Risk engine rejected | AI final decision restrictive | Institutional decision restrictive | Weak trade validation | Entry engine restrictive | Risk engine says no trade | Weak risk/reward | Weak smart money | Weak market | Weak sector
LSEVL,LSE VENTURES LTD,INVESTMENT,UNKNOWN,13JUL2026,13.64,-2.849002849002839,1618549,22077008.36,0.0,AVOID,26.85,73.15,20.12,56,50,NEUTRAL,4,REJECTED,AVOID,0,NO ENTRY,0.0,0,NO TRADE,REJECTED,AVOID,1.16,13.44,13.78,12.96,14.73,15.55,False,0,0.0,0,,NO POSITION,,0.0,0,0,0,0.0,0.0,0.0,0.0,0.0,0.0,0.0,0,False,NO ACTION,No actual open position,NORMAL,NO ACTION,0.0,0.0,0.0,0.0,0.0,0.0,0.0,NOT APPLICABLE,0.0,exit_intelligence_engine_v1_1_position_state_aware,Strong trend | Warnings: Trade validation rejected | Validation status rejected | Entry timing rejected | Risk engine rejected | AI final decision restrictive | Institutional decision restrictive | Weak trade validation | Entry engine restrictive | Risk engine says no trade | Weak risk/reward | Weak market | Weak sector
TPLP,TPL PROPERTIES,REAL_ESTATE,UNKNOWN,13JUL2026,11.75,-6.8938193343898515,12444100,146218175.0,0.0,AVOID,24.01,75.99,20.03,45,50,NEUTRAL,2,REJECTED,AVOID,0,NO ENTRY,0.0,0,NO TRADE,REJECTED,AVOID,1.15,11.57,11.87,11.16,12.69,13.39,False,0,0.0,0,,NO POSITION,,0.0,0,0,0,0.0,0.0,0.0,0.0,0.0,0.0,0.0,0,False,NO ACTION,No actual open position,NORMAL,NO ACTION,0.0,0.0,0.0,0.0,0.0,0.0,0.0,NOT APPLICABLE,0.0,exit_intelligence_engine_v1_1_position_state_aware,Strong trend | Warnings: Trade validation rejected | Validation status rejected | Entry timing rejected | Risk engine rejected | AI final decision restrictive | Institutional decision restrictive | Weak trade validation | Entry engine restrictive | Risk engine says no trade | Weak risk/reward | Weak market | Weak sector
OML,OLYMPIA MILLS,TEXTILE,TEXTILE MILLS,13JUL2026,77.31,9.971550497866295,77943,6025773.33,0.0,AVOID,28.16,71.84,19.99,72,77,STRONG INSTITUTIONAL BUYING,0,REJECTED,AVOID,0,NO ENTRY,0.0,0,NO TRADE,REJECTED,AVOID,1.17,76.15,78.08,73.44,83.49,88.13,False,0,0.0,0,,NO POSITION,,0.0,0,0,0,0.0,0.0,0.0,0.0,0.0,0.0,0.0,0,False,NO ACTION,No actual open position,NORMAL,NO ACTION,0.0,0.0,0.0,0.0,0.0,0.0,0.0,NOT APPLICABLE,0.0,exit_intelligence_engine_v1_1_position_state_aware,Strong trend | Warnings: Trade validation rejected | Validation status rejected | Entry timing rejected | Risk engine rejected | AI final decision restrictive | Institutional decision restrictive | Weak trade validation | Entry engine restrictive | Risk engine says no trade | Weak risk/reward | Weak market | Weak sector | RSI overheated | Near upper cap / extended
PINL,PREMIER INS.,INSURANCE,UNKNOWN,13JUL2026,11.42,-9.293089753772835,1877441,21440376.22,0.0,AVOID,22.14,77.86,19.98,36,50,NEUTRAL,10,REJECTED,AVOID,0,NO ENTRY,0.0,0,NO TRADE,REJECTED,AVOID,1.18,11.25,11.53,10.85,12.33,13.02,False,0,0.0,0,,NO POSITION,,0.0,0,0,0,0.0,0.0,0.0,0.0,0.0,0.0,0.0,0,False,NO ACTION,No actual open position,NORMAL,NO ACTION,0.0,0.0,0.0,0.0,0.0,0.0,0.0,NOT APPLICABLE,0.0,exit_intelligence_engine_v1_1_position_state_aware,Strong trend | Warnings: Trade validation rejected | Validation status rejected | Entry timing rejected | Risk engine rejected | AI final decision restrictive | Institutional decision restrictive | Weak trade validation | Entry engine restrictive | Risk engine says no trade | Weak risk/reward | Weak smart money | Weak market | Weak sector | High volatility
DCL,DEWAN CEMENT,CEMENT,CEMENT MANUFACTURING,13JUL2026,11.62,3.288888888888882,5446689,63290526.17999999,0.0,AVOID,25.97,74.03,19.96,50,50,NEUTRAL,0,REJECTED,AVOID,0,NO ENTRY,0.0,0,NO TRADE,REJECTED,AVOID,1.16,11.45,11.74,11.04,12.55,13.25,False,0,0.0,0,,NO POSITION,,0.0,0,0,0,0.0,0.0,0.0,0.0,0.0,0.0,0.0,0,False,NO ACTION,No actual open position,NORMAL,NO ACTION,0.0,0.0,0.0,0.0,0.0,0.0,0.0,NOT APPLICABLE,0.0,exit_intelligence_engine_v1_1_position_state_aware,Strong trend | Warnings: Trade validation rejected | Validation status rejected | Entry timing rejected | Risk engine rejected | AI final decision restrictive | Institutional decision restrictive | Weak trade validation | Entry engine restrictive | Risk engine says no trade | Weak risk/reward | Weak market | Weak sector
BAHL,BANK AL-HABIB,BANKS,UNKNOWN,13JUL2026,176.11,0.07955901574132794,752783,132572614.13000001,0.0,AVOID,24.58,75.42,19.96,48,55,NEUTRAL,0,REJECTED,AVOID,0,NO ENTRY,0.0,0,NO TRADE,REJECTED,AVOID,1.17,173.47,177.87,167.3,190.2,200.77,False,0,0.0,0,,NO POSITION,,0.0,0,0,0,0.0,0.0,0.0,0.0,0.0,0.0,0.0,0,False,NO ACTION,No actual open position,NORMAL,NO ACTION,0.0,0.0,0.0,0.0,0.0,0.0,0.0,NOT APPLICABLE,0.0,exit_intelligence_engine_v1_1_position_state_aware,Strong trend | Warnings: Trade validation rejected | Validation status rejected | Entry timing rejected | Risk engine rejected | AI final decision restrictive | Institutional decision restrictive | Weak trade validation | Entry engine restrictive | Risk engine says no trade | Weak risk/reward | Weak market | Weak sector
LSECL,LSE CAPITAL LTD.,INVESTMENT,UNKNOWN,13JUL2026,7.15,-3.5087719298245585,15260941,109115728.15,0.0,AVOID,24.4,75.6,19.96,45,50,NEUTRAL,0,REJECTED,AVOID,0,NO ENTRY,0.0,0,NO TRADE,REJECTED,AVOID,1.16,7.04,7.22,6.79,7.72,8.15,False,0,0.0,0,,NO POSITION,,0.0,0,0,0,0.0,0.0,0.0,0.0,0.0,0.0,0.0,0,False,NO ACTION,No actual open position,NORMAL,NO ACTION,0.0,0.0,0.0,0.0,0.0,0.0,0.0,NOT APPLICABLE,0.0,exit_intelligence_engine_v1_1_position_state_aware,Strong trend | Warnings: Trade validation rejected | Validation status rejected | Entry timing rejected | Risk engine rejected | AI final decision restrictive | Institutional decision restrictive | Weak trade validation | Entry engine restrictive | Risk engine says no trade | Weak risk/reward | Weak market | Weak sector
ITTEFAQ,ITTEFAQ IRON IND,STEEL,STEEL / IRON,13JUL2026,9.14,2.008928571428568,2953382,26993911.48,0.0,AVOID,26.88,73.12,19.94,55,55,NEUTRAL,0,REJECTED,AVOID,0,NO ENTRY,0.0,0,NO TRADE,REJECTED,AVOID,1.16,9.0,9.23,8.68,9.87,10.42,False,0,0.0,0,,NO POSITION,,0.0,0,0,0,0.0,0.0,0.0,0.0,0.0,0.0,0.0,0,False,NO ACTION,No actual open position,NORMAL,NO ACTION,0.0,0.0,0.0,0.0,0.0,0.0,0.0,NOT APPLICABLE,0.0,exit_intelligence_engine_v1_1_position_state_aware,Strong trend | Warnings: Trade validation rejected | Validation status rejected | Entry timing rejected | Risk engine rejected | AI final decision restrictive | Institutional decision restrictive | Weak trade validation | Entry engine restrictive | Risk engine says no trade | Weak risk/reward | Weak market | Weak sector
BIPL,BANKISLAMI PAK,BANKS,UNKNOWN,13JUL2026,27.65,-1.9503546099290805,621673,17189258.45,0.0,AVOID,24.51,75.49,19.94,50,50,NEUTRAL,9,REJECTED,AVOID,0,NO ENTRY,0.0,0,NO TRADE,REJECTED,AVOID,1.16,27.24,27.93,26.27,29.86,31.52,False,0,0.0,0,,NO POSITION,,0.0,0,0,0,0.0,0.0,0.0,0.0,0.0,0.0,0.0,0,False,NO ACTION,No actual open position,NORMAL,NO ACTION,0.0,0.0,0.0,0.0,0.0,0.0,0.0,NOT APPLICABLE,0.0,exit_intelligence_engine_v1_1_position_state_aware,Strong trend | Warnings: Trade validation rejected | Validation status rejected | Entry timing rejected | Risk engine rejected | AI final decision restrictive | Institutional decision restrictive | Weak trade validation | Entry engine restrictive | Risk engine says no trade | Weak risk/reward | Weak market | Weak sector
SSGC,SUI SOUTH GAS,OIL_GAS,UNKNOWN,13JUL2026,30.69,-0.45410314628607534,7034447,215887178.43,0.0,AVOID,22.9,77.1,19.93,45,50,NEUTRAL,4,REJECTED,AVOID,0,NO ENTRY,0.0,0,NO TRADE,REJECTED,AVOID,1.17,30.23,31.0,29.16,33.15,34.99,False,0,0.0,0,,NO POSITION,,0.0,0,0,0,0.0,0.0,0.0,0.0,0.0,0.0,0.0,0,False,NO ACTION,No actual open position,NORMAL,NO ACTION,0.0,0.0,0.0,0.0,0.0,0.0,0.0,NOT APPLICABLE,0.0,exit_intelligence_engine_v1_1_position_state_aware,Strong trend | Warnings: Trade validation rejected | Validation status rejected | Entry timing rejected | Risk engine rejected | AI final decision restrictive | Institutional decision restrictive | Weak trade validation | Entry engine restrictive | Risk engine says no trade | Weak risk/reward | Weak market | Weak sector
JVDC,JAVEDAN CORP.,PROPERTY,REAL ESTATE DEVELOPMENT,13JUL2026,151.04,-2.786895797129441,1085640,163975065.6,0.0,AVOID,23.26,76.74,19.87,44,50,NEUTRAL,0,REJECTED,AVOID,0,NO ENTRY,0.0,0,NO TRADE,REJECTED,AVOID,1.17,148.77,152.55,143.49,163.12,172.19,False,0,0.0,0,,NO POSITION,,0.0,0,0,0,0.0,0.0,0.0,0.0,0.0,0.0,0.0,0,False,NO ACTION,No actual open position,NORMAL,NO ACTION,0.0,0.0,0.0,0.0,0.0,0.0,0.0,NOT APPLICABLE,0.0,exit_intelligence_engine_v1_1_position_state_aware,Strong trend | Warnings: Trade validation rejected | Validation status rejected | Entry timing rejected | Risk engine rejected | AI final decision restrictive | Institutional decision restrictive | Weak trade validation | Entry engine restrictive | Risk engine says no trade | Weak risk/reward | Weak smart money | Weak market | Weak sector
ANTM,AN TEXTILE MILL,TEXTILE,TEXTILE MILLS,13JUL2026,53.6,-9.931104016131737,58813,3152376.8000000003,0.0,AVOID,25.9,74.1,19.86,51,50,NEUTRAL,6,REJECTED,AVOID,0,NO ENTRY,0.0,0,NO TRADE,REJECTED,AVOID,1.16,52.8,54.14,50.92,57.89,61.1,False,0,0.0,0,,NO POSITION,,0.0,0,0,0,0.0,0.0,0.0,0.0,0.0,0.0,0.0,0,False,NO ACTION,No actual open position,NORMAL,NO ACTION,0.0,0.0,0.0,0.0,0.0,0.0,0.0,NOT APPLICABLE,0.0,exit_intelligence_engine_v1_1_position_state_aware,Strong trend | Warnings: Trade validation rejected | Validation status rejected | Entry timing rejected | Risk engine rejected | AI final decision restrictive | Institutional decision restrictive | Weak trade validation | Entry engine restrictive | Risk engine says no trade | Weak risk/reward | Weak market | Weak sector | High volatility
FATIMA,FATIMA FERT,FERTILIZER,UNKNOWN,13JUL2026,158.01,-2.9899312377210245,1389608,219571960.07999998,0.0,AVOID,20.49,79.51,19.84,43,40,NEUTRAL,8,REJECTED,AVOID,0,NO ENTRY,0.0,0,NO TRADE,REJECTED,AVOID,1.17,155.64,159.59,150.11,170.65,180.13,False,0,0.0,0,,NO POSITION,,0.0,0,0,0,0.0,0.0,0.0,0.0,0.0,0.0,0.0,0,False,NO ACTION,No actual open position,NORMAL,NO ACTION,0.0,0.0,0.0,0.0,0.0,0.0,0.0,NOT APPLICABLE,0.0,exit_intelligence_engine_v1_1_position_state_aware,Strong trend | Warnings: Trade validation rejected | Validation status rejected | Entry timing rejected | Risk engine rejected | AI final decision restrictive | Institutional decision restrictive | Weak trade validation | Entry engine restrictive | Risk engine says no trade | Weak risk/reward | Weak smart money | Weak market | Weak sector
SERT,SERVICE IND TEX,TEXTILE,TEXTILE MILLS,13JUL2026,63.48,9.998267198059255,201520,12792489.6,0.0,AVOID,27.25,72.75,19.81,69,67,INSTITUTIONAL BUYING,0,REJECTED,AVOID,0,NO ENTRY,0.0,0,NO TRADE,REJECTED,AVOID,1.17,62.53,64.11,60.31,68.56,72.37,False,0,0.0,0,,NO POSITION,,0.0,0,0,0,0.0,0.0,0.0,0.0,0.0,0.0,0.0,0,False,NO ACTION,No actual open position,NORMAL,NO ACTION,0.0,0.0,0.0,0.0,0.0,0.0,0.0,NOT APPLICABLE,0.0,exit_intelligence_engine_v1_1_position_state_aware,Institutional accumulation | Strong trend | Warnings: Trade validation rejected | Validation status rejected | Entry timing rejected | Risk engine rejected | AI final decision restrictive | Institutional decision restrictive | Weak trade validation | Entry engine restrictive | Risk engine says no trade | Weak risk/reward | Weak market | Weak sector | RSI extremely overheated | Near upper cap / extended
TPLT,TPL TRAKKER LTD,TECHNOLOGY,TRACKING / IOT,13JUL2026,25.02,1.3776337115072927,1270392,31785207.84,0.0,AVOID,26.02,73.98,19.81,51,50,NEUTRAL,0,REJECTED,AVOID,0,NO ENTRY,0.0,0,NO TRADE,REJECTED,AVOID,1.17,24.64,25.27,23.77,27.02,28.52,False,0,0.0,0,,NO POSITION,,0.0,0,0,0,0.0,0.0,0.0,0.0,0.0,0.0,0.0,0,False,NO ACTION,No actual open position,NORMAL,NO ACTION,0.0,0.0,0.0,0.0,0.0,0.0,0.0,NOT APPLICABLE,0.0,exit_intelligence_engine_v1_1_position_state_aware,Strong trend | Warnings: Trade validation rejected | Validation status rejected | Entry timing rejected | Risk engine rejected | AI final decision restrictive | Institutional decision restrictive | Weak trade validation | Entry engine restrictive | Risk engine says no trade | Weak risk/reward | Weak market | Weak sector
ZAHID,ZAHIDJEE TEX.,TEXTILE,TEXTILE MILLS,13JUL2026,80.58,-8.13953488372093,167400,13489092.0,0.0,AVOID,23.03,76.97,19.8,43,50,NEUTRAL,8,REJECTED,AVOID,0,NO ENTRY,0.0,0,NO TRADE,REJECTED,AVOID,1.17,79.37,81.39,76.55,87.03,91.86,False,0,0.0,0,,NO POSITION,,0.0,0,0,0,0.0,0.0,0.0,0.0,0.0,0.0,0.0,0,False,NO ACTION,No actual open position,NORMAL,NO ACTION,0.0,0.0,0.0,0.0,0.0,0.0,0.0,NOT APPLICABLE,0.0,exit_intelligence_engine_v1_1_position_state_aware,Strong trend | Warnings: Trade validation rejected | Validation status rejected | Entry timing rejected | Risk engine rejected | AI final decision restrictive | Institutional decision restrictive | Weak trade validation | Entry engine restrictive | Risk engine says no trade | Weak risk/reward | Weak smart money | Weak market | Weak sector
CSAP,CRESCENT STEEL,STEEL,STEEL PIPE / ENGINEERING,13JUL2026,109.04,1.2724064270456066,720815,78597667.60000001,0.0,AVOID,24.71,75.29,19.79,50,50,NEUTRAL,0,REJECTED,AVOID,0,NO ENTRY,0.0,0,NO TRADE,REJECTED,AVOID,1.17,107.4,110.13,103.59,117.76,124.31,False,0,0.0,0,,NO POSITION,,0.0,0,0,0,0.0,0.0,0.0,0.0,0.0,0.0,0.0,0,False,NO ACTION,No actual open position,NORMAL,NO ACTION,0.0,0.0,0.0,0.0,0.0,0.0,0.0,NOT APPLICABLE,0.0,exit_intelligence_engine_v1_1_position_state_aware,Strong trend | Warnings: Trade validation rejected | Validation status rejected | Entry timing rejected | Risk engine rejected | AI final decision restrictive | Institutional decision restrictive | Weak trade validation | Entry engine restrictive | Risk engine says no trade | Weak risk/reward | Weak market | Weak sector
DGKC,D.G.K.CEMENT,CEMENT,UNKNOWN,13JUL2026,217.3,-3.202815270167935,4939129,1073272731.7,0.0,AVOID,19.98,80.02,19.79,43,40,NEUTRAL,8,REJECTED,AVOID,0,NO ENTRY,0.0,0,NO TRADE,REJECTED,AVOID,1.17,214.04,219.47,206.44,234.68,247.72,False,0,0.0,0,,NO POSITION,,0.0,0,0,0,0.0,0.0,0.0,0.0,0.0,0.0,0.0,0,False,NO ACTION,No actual open position,NORMAL,NO ACTION,0.0,0.0,0.0,0.0,0.0,0.0,0.0,NOT APPLICABLE,0.0,exit_intelligence_engine_v1_1_position_state_aware,Strong trend | Warnings: Trade validation rejected | Validation status rejected | Entry timing rejected | Risk engine rejected | AI final decision restrictive | Institutional decision restrictive | Weak trade validation | Entry engine restrictive | Risk engine says no trade | Weak risk/reward | Weak smart money | Weak market | Weak sector
MACFL,MACPAC FILMS,PACKAGING,PACKAGING FILMS,13JUL2026,71.13,-9.133878385283605,2747071,195399160.23,0.0,AVOID,18.82,81.18,19.75,31,50,NEUTRAL,7,REJECTED,AVOID,0,NO ENTRY,0.0,0,NO TRADE,REJECTED,AVOID,1.17,70.06,71.84,67.57,76.82,81.09,False,0,0.0,0,,NO POSITION,,0.0,0,0,0,0.0,0.0,0.0,0.0,0.0,0.0,0.0,0,False,NO ACTION,No actual open position,NORMAL,NO ACTION,0.0,0.0,0.0,0.0,0.0,0.0,0.0,NOT APPLICABLE,0.0,exit_intelligence_engine_v1_1_position_state_aware,Strong trend | Warnings: Trade validation rejected | Validation status rejected | Entry timing rejected | Risk engine rejected | AI final decision restrictive | Institutional decision restrictive | Weak trade validation | Entry engine restrictive | Risk engine says no trade | Weak risk/reward | Weak smart money | Weak market | Weak sector
ASL,AISHA STEEL MILL,STEEL,UNKNOWN,13JUL2026,13.11,-1.1312217194570162,2514336,32962944.959999997,0.0,AVOID,24.82,75.18,19.7,51,50,NEUTRAL,1,REJECTED,AVOID,0,NO ENTRY,0.0,0,NO TRADE,REJECTED,AVOID,1.16,12.91,13.24,12.45,14.16,14.95,False,0,0.0,0,,NO POSITION,,0.0,0,0,0,0.0,0.0,0.0,0.0,0.0,0.0,0.0,0,False,NO ACTION,No actual open position,NORMAL,NO ACTION,0.0,0.0,0.0,0.0,0.0,0.0,0.0,NOT APPLICABLE,0.0,exit_intelligence_engine_v1_1_position_state_aware,Strong trend | Warnings: Trade validation rejected | Validation status rejected | Entry timing rejected | Risk engine rejected | AI final decision restrictive | Institutional decision restrictive | Weak trade validation | Entry engine restrictive | Risk engine says no trade | Weak risk/reward | Weak market | Weak sector
PAKRI,PAK REINSURANCE,INSURANCE,REINSURANCE,13JUL2026,17.63,-3.8713195201744868,1309846,23092584.98,0.0,AVOID,24.68,75.32,19.68,50,50,NEUTRAL,0,REJECTED,AVOID,0,NO ENTRY,0.0,0,NO TRADE,REJECTED,AVOID,1.16,17.37,17.81,16.75,19.04,20.1,False,0,0.0,0,,NO POSITION,,0.0,0,0,0,0.0,0.0,0.0,0.0,0.0,0.0,0.0,0,False,NO ACTION,No actual open position,NORMAL,NO ACTION,0.0,0.0,0.0,0.0,0.0,0.0,0.0,NOT APPLICABLE,0.0,exit_intelligence_engine_v1_1_position_state_aware,Strong trend | Warnings: Trade validation rejected | Validation status rejected | Entry timing rejected | Risk engine rejected | AI final decision restrictive | Institutional decision restrictive | Weak trade validation | Entry engine restrictive | Risk engine says no trade | Weak risk/reward | Weak market | Weak sector
NBP,NATIONAL BANK,BANKS,UNKNOWN,13JUL2026,205.26,-2.5217267417010985,3803030,780609937.8,0.0,AVOID,21.57,78.43,19.59,45,50,NEUTRAL,0,REJECTED,AVOID,0,NO ENTRY,0.0,0,NO TRADE,REJECTED,AVOID,1.17,202.18,207.31,195.0,221.68,234.0,False,0,0.0,0,,NO POSITION,,0.0,0,0,0,0.0,0.0,0.0,0.0,0.0,0.0,0.0,0,False,NO ACTION,No actual open position,NORMAL,NO ACTION,0.0,0.0,0.0,0.0,0.0,0.0,0.0,NOT APPLICABLE,0.0,exit_intelligence_engine_v1_1_position_state_aware,Strong trend | Warnings: Trade validation rejected | Validation status rejected | Entry timing rejected | Risk engine rejected | AI final decision restrictive | Institutional decision restrictive | Weak trade validation | Entry engine restrictive | Risk engine says no trade | Weak risk/reward | Weak market | Weak sector
TPL,TPL CORP LTD,HOLDING,HOLDING COMPANY,13JUL2026,16.55,-5.266170578133933,3290396,54456053.800000004,0.0,AVOID,22.52,77.48,19.56,46,50,NEUTRAL,0,REJECTED,AVOID,0,NO ENTRY,0.0,0,NO TRADE,REJECTED,AVOID,1.15,16.3,16.72,15.72,17.87,18.87,False,0,0.0,0,,NO POSITION,,0.0,0,0,0,0.0,0.0,0.0,0.0,0.0,0.0,0.0,0,False,NO ACTION,No actual open position,NORMAL,NO ACTION,0.0,0.0,0.0,0.0,0.0,0.0,0.0,NOT APPLICABLE,0.0,exit_intelligence_engine_v1_1_position_state_aware,Strong trend | Warnings: Trade validation rejected | Validation status rejected | Entry timing rejected | Risk engine rejected | AI final decision restrictive | Institutional decision restrictive | Weak trade validation | Entry engine restrictive | Risk engine says no trade | Weak risk/reward | Weak market | Weak sector
TSBL,TRUST BROKERAGE,SECURITIES,BROKERAGE,13JUL2026,2.0,-0.990099009900991,11030360,22060720.0,0.0,AVOID,20.79,79.21,19.52,42,40,NEUTRAL,6,REJECTED,AVOID,0,NO ENTRY,0.0,0,NO TRADE,REJECTED,AVOID,1.17,1.97,2.02,1.9,2.16,2.28,False,0,0.0,0,,NO POSITION,,0.0,0,0,0,0.0,0.0,0.0,0.0,0.0,0.0,0.0,0,False,NO ACTION,No actual open position,NORMAL,NO ACTION,0.0,0.0,0.0,0.0,0.0,0.0,0.0,NOT APPLICABLE,0.0,exit_intelligence_engine_v1_1_position_state_aware,Strong trend | Warnings: Trade validation rejected | Validation status rejected | Entry timing rejected | Risk engine rejected | AI final decision restrictive | Institutional decision restrictive | Weak trade validation | Entry engine restrictive | Risk engine says no trade | Weak risk/reward | Weak smart money | Weak market | Weak sector
STYLERS,STYLERS INT.LTD.,TEXTILE,APPAREL / TEXTILE,13JUL2026,51.75,-3.2891048402167784,35040,1813320.0,0.0,AVOID,23.63,76.37,19.5,51,50,NEUTRAL,5,REJECTED,AVOID,0,NO ENTRY,0.0,0,NO TRADE,REJECTED,AVOID,1.16,50.97,52.27,49.16,55.89,58.99,False,0,0.0,0,,NO POSITION,,0.0,0,0,0,0.0,0.0,0.0,0.0,0.0,0.0,0.0,0,False,NO ACTION,No actual open position,NORMAL,NO ACTION,0.0,0.0,0.0,0.0,0.0,0.0,0.0,NOT APPLICABLE,0.0,exit_intelligence_engine_v1_1_position_state_aware,Strong trend | Warnings: Trade validation rejected | Validation status rejected | Entry timing rejected | Risk engine rejected | AI final decision restrictive | Institutional decision restrictive | Weak trade validation | Entry engine restrictive | Risk engine says no trade | Weak risk/reward | Weak market | Weak sector
HICL,HABIB INS.,INSURANCE,UNKNOWN,13JUL2026,11.57,1.6695957820738092,210457,2434987.49,0.0,AVOID,24.63,75.37,19.49,48,55,NEUTRAL,3,REJECTED,AVOID,0,NO ENTRY,0.0,0,NO TRADE,REJECTED,AVOID,1.16,11.4,11.69,10.99,12.5,13.19,False,0,0.0,0,,NO POSITION,,0.0,0,0,0,0.0,0.0,0.0,0.0,0.0,0.0,0.0,0,False,NO ACTION,No actual open position,NORMAL,NO ACTION,0.0,0.0,0.0,0.0,0.0,0.0,0.0,NOT APPLICABLE,0.0,exit_intelligence_engine_v1_1_position_state_aware,Strong trend | Warnings: Trade validation rejected | Validation status rejected | Entry timing rejected | Risk engine rejected | AI final decision restrictive | Institutional decision restrictive | Weak trade validation | Entry engine restrictive | Risk engine says no trade | Weak risk/reward | Weak market | Weak sector
ADAMS,ADAM SUGAR,SUGAR,SUGAR MILLS,13JUL2026,70.02,3.6258694686991313,16054,1124101.0799999998,0.0,AVOID,23.99,76.01,19.49,47,45,NEUTRAL,5,REJECTED,AVOID,0,NO ENTRY,0.0,0,NO TRADE,REJECTED,AVOID,1.17,68.97,70.72,66.52,75.62,79.82,False,0,0.0,0,,NO POSITION,,0.0,0,0,0,0.0,0.0,0.0,0.0,0.0,0.0,0.0,0,False,NO ACTION,No actual open position,NORMAL,NO ACTION,0.0,0.0,0.0,0.0,0.0,0.0,0.0,NOT APPLICABLE,0.0,exit_intelligence_engine_v1_1_position_state_aware,Strong trend | Warnings: Trade validation rejected | Validation status rejected | Entry timing rejected | Risk engine rejected | AI final decision restrictive | Institutional decision restrictive | Weak trade validation | Entry engine restrictive | Risk engine says no trade | Weak risk/reward | Weak market
P01GHS230627,1 YEAR GHS,GOVT SECURITIES,1 YEAR GHS,13JUL2026,90.53,0.011047282368542992,1005000,90982650.0,0.0,AVOID,23.15,76.85,19.49,48,67,NEUTRAL,0,REJECTED,AVOID,0,NO ENTRY,0.0,0,NO TRADE,REJECTED,AVOID,1.16,89.17,91.44,86.0,97.77,103.2,False,0,0.0,0,,NO POSITION,,0.0,0,0,0,0.0,0.0,0.0,0.0,0.0,0.0,0.0,0,False,NO ACTION,No actual open position,NORMAL,NO ACTION,0.0,0.0,0.0,0.0,0.0,0.0,0.0,NOT APPLICABLE,0.0,exit_intelligence_engine_v1_1_position_state_aware,Balanced multi-engine consensus | Warnings: Trade validation rejected | Validation status rejected | Entry timing rejected | Risk engine rejected | AI final decision restrictive | Institutional decision restrictive | Weak trade validation | Entry engine restrictive | Risk engine says no trade | Weak risk/reward | Weak market | Very high volatility
MWMP,MANDVIWALA,MEDIA,CINEMA / ENTERTAINMENT,13JUL2026,68.4,2.3339317773788184,76140,5207976.0,0.0,AVOID,24.47,75.53,19.44,56,50,NEUTRAL,0,REJECTED,AVOID,0,NO ENTRY,0.0,0,NO TRADE,REJECTED,AVOID,1.17,67.37,69.08,64.98,73.87,77.98,False,0,0.0,0,,NO POSITION,,0.0,0,0,0,0.0,0.0,0.0,0.0,0.0,0.0,0.0,0,False,NO ACTION,No actual open position,NORMAL,NO ACTION,0.0,0.0,0.0,0.0,0.0,0.0,0.0,NOT APPLICABLE,0.0,exit_intelligence_engine_v1_1_position_state_aware,Strong trend | Warnings: Trade validation rejected | Validation status rejected | Entry timing rejected | Risk engine rejected | AI final decision restrictive | Institutional decision restrictive | Weak trade validation | Entry engine restrictive | Risk engine says no trade | Weak risk/reward | Weak market | Weak sector
PSO,P.S.O.,OIL_GAS,UNKNOWN,13JUL2026,356.66,0.6661021732994676,4496960,1603885753.6000001,0.0,AVOID,20.49,79.51,19.43,47,45,NEUTRAL,0,REJECTED,AVOID,0,NO ENTRY,0.0,0,NO TRADE,REJECTED,AVOID,1.17,351.31,360.23,338.83,385.19,406.59,False,0,0.0,0,,NO POSITION,,0.0,0,0,0,0.0,0.0,0.0,0.0,0.0,0.0,0.0,0,False,NO ACTION,No actual open position,NORMAL,NO ACTION,0.0,0.0,0.0,0.0,0.0,0.0,0.0,NOT APPLICABLE,0.0,exit_intelligence_engine_v1_1_position_state_aware,Balanced multi-engine consensus | Warnings: Trade validation rejected | Validation status rejected | Entry timing rejected | Risk engine rejected | AI final decision restrictive | Institutional decision restrictive | Weak trade validation | Entry engine restrictive | Risk engine says no trade | Weak risk/reward | Weak market | Weak sector
FDPL,FIRST DAWOOD PROP,PROPERTY,PROPERTY / REAL ESTATE,13JUL2026,5.29,-0.3766478342749449,877686,4642958.94,0.0,AVOID,22.57,77.43,19.4,43,50,NEUTRAL,5,REJECTED,AVOID,0,NO ENTRY,0.0,0,NO TRADE,REJECTED,AVOID,1.19,5.21,5.34,5.03,5.71,6.03,False,0,0.0,0,,NO POSITION,,0.0,0,0,0,0.0,0.0,0.0,0.0,0.0,0.0,0.0,0,False,NO ACTION,No actual open position,NORMAL,NO ACTION,0.0,0.0,0.0,0.0,0.0,0.0,0.0,NOT APPLICABLE,0.0,exit_intelligence_engine_v1_1_position_state_aware,Strong trend | Warnings: Trade validation rejected | Validation status rejected | Entry timing rejected | Risk engine rejected | AI final decision restrictive | Institutional decision restrictive | Weak trade validation | Entry engine restrictive | Risk engine says no trade | Weak risk/reward | Weak smart money | Weak market | Weak sector
GTYR,GHANDHARA TYRE,AUTO PARTS,TYRES,13JUL2026,31.98,0.724409448818899,611940,19569841.2,0.0,AVOID,22.24,77.76,19.39,43,50,NEUTRAL,5,REJECTED,AVOID,0,NO ENTRY,0.0,0,NO TRADE,REJECTED,AVOID,1.17,31.5,32.3,30.38,34.54,36.46,False,0,0.0,0,,NO POSITION,,0.0,0,0,0,0.0,0.0,0.0,0.0,0.0,0.0,0.0,0,False,NO ACTION,No actual open position,NORMAL,NO ACTION,0.0,0.0,0.0,0.0,0.0,0.0,0.0,NOT APPLICABLE,0.0,exit_intelligence_engine_v1_1_position_state_aware,Strong trend | Warnings: Trade validation rejected | Validation status rejected | Entry timing rejected | Risk engine rejected | AI final decision restrictive | Institutional decision restrictive | Weak trade validation | Entry engine restrictive | Risk engine says no trade | Weak risk/reward | Weak smart money | Weak market | Weak sector
SZTM,SHAHZAD TEX.,TEXTILE,TEXTILE MILLS,13JUL2026,97.57,-7.420058829110928,81816,7982787.119999999,0.0,AVOID,23.42,76.58,19.38,51,50,NEUTRAL,0,REJECTED,AVOID,0,NO ENTRY,0.0,0,NO TRADE,REJECTED,AVOID,1.17,96.11,98.55,92.69,105.38,111.23,False,0,0.0,0,,NO POSITION,,0.0,0,0,0,0.0,0.0,0.0,0.0,0.0,0.0,0.0,0,False,NO ACTION,No actual open position,NORMAL,NO ACTION,0.0,0.0,0.0,0.0,0.0,0.0,0.0,NOT APPLICABLE,0.0,exit_intelligence_engine_v1_1_position_state_aware,Strong trend | Warnings: Trade validation rejected | Validation status rejected | Entry timing rejected | Risk engine rejected | AI final decision restrictive | Institutional decision restrictive | Weak trade validation | Entry engine restrictive | Risk engine says no trade | Weak risk/reward | Weak market | Weak sector | High volatility
EPQL,ENGRO POWERGEN,POWER,UNKNOWN,13JUL2026,25.56,-0.506033476060734,196627,5025786.12,0.0,AVOID,22.27,77.73,19.35,50,50,NEUTRAL,3,REJECTED,AVOID,0,NO ENTRY,0.0,0,NO TRADE,REJECTED,AVOID,1.16,25.18,25.82,24.28,27.6,29.14,False,0,0.0,0,,NO POSITION,,0.0,0,0,0,0.0,0.0,0.0,0.0,0.0,0.0,0.0,0,False,NO ACTION,No actual open position,NORMAL,NO ACTION,0.0,0.0,0.0,0.0,0.0,0.0,0.0,NOT APPLICABLE,0.0,exit_intelligence_engine_v1_1_position_state_aware,Strong trend | Warnings: Trade validation rejected | Validation status rejected | Entry timing rejected | Risk engine rejected | AI final decision restrictive | Institutional decision restrictive | Weak trade validation | Entry engine restrictive | Risk engine says no trade | Weak risk/reward | Weak market | Weak sector
CPPL,CHERAT PACKAGING,PACKAGING,PAPER / PACKAGING,13JUL2026,100.32,-1.0358094110683744,89188,8947340.16,0.0,AVOID,20.97,79.03,19.34,38,50,NEUTRAL,5,REJECTED,AVOID,0,NO ENTRY,0.0,0,NO TRADE,REJECTED,AVOID,1.17,98.82,101.32,95.3,108.35,114.36,False,0,0.0,0,,NO POSITION,,0.0,0,0,0,0.0,0.0,0.0,0.0,0.0,0.0,0.0,0,False,NO ACTION,No actual open position,NORMAL,NO ACTION,0.0,0.0,0.0,0.0,0.0,0.0,0.0,NOT APPLICABLE,0.0,exit_intelligence_engine_v1_1_position_state_aware,Strong trend | Warnings: Trade validation rejected | Validation status rejected | Entry timing rejected | Risk engine rejected | AI final decision restrictive | Institutional decision restrictive | Weak trade validation | Entry engine restrictive | Risk engine says no trade | Weak risk/reward | Weak smart money | Weak market | Weak sector
AMTEX,AMTEX LIMITED,TEXTILE,TEXTILE MILLS,13JUL2026,4.69,-2.291666666666655,1146745,5378234.050000001,0.0,AVOID,23.32,76.68,19.32,49,50,NEUTRAL,0,REJECTED,AVOID,0,NO ENTRY,0.0,0,NO TRADE,REJECTED,AVOID,1.18,4.62,4.74,4.46,5.07,5.35,False,0,0.0,0,,NO POSITION,,0.0,0,0,0,0.0,0.0,0.0,0.0,0.0,0.0,0.0,0,False,NO ACTION,No actual open position,NORMAL,NO ACTION,0.0,0.0,0.0,0.0,0.0,0.0,0.0,NOT APPLICABLE,0.0,exit_intelligence_engine_v1_1_position_state_aware,Strong trend | Warnings: Trade validation rejected | Validation status rejected | Entry timing rejected | Risk engine rejected | AI final decision restrictive | Institutional decision restrictive | Weak trade validation | Entry engine restrictive | Risk engine says no trade | Weak risk/reward | Weak market | Weak sector
JATM,J.A.TEXTILE,TEXTILE,TEXTILE MILLS,13JUL2026,39.11,2.8939752696658814,46167,1805591.3699999999,0.0,AVOID,24.08,75.92,19.29,51,50,NEUTRAL,0,REJECTED,AVOID,0,NO ENTRY,0.0,0,NO TRADE,REJECTED,AVOID,1.17,38.52,39.5,37.15,42.24,44.59,False,0,0.0,0,,NO POSITION,,0.0,0,0,0,0.0,0.0,0.0,0.0,0.0,0.0,0.0,0,False,NO ACTION,No actual open position,NORMAL,NO ACTION,0.0,0.0,0.0,0.0,0.0,0.0,0.0,NOT APPLICABLE,0.0,exit_intelligence_engine_v1_1_position_state_aware,Strong trend | Warnings: Trade validation rejected | Validation status rejected | Entry timing rejected | Risk engine rejected | AI final decision restrictive | Institutional decision restrictive | Weak trade validation | Entry engine restrictive | Risk engine says no trade | Weak risk/reward | Weak market | Weak sector | High volatility
ICIBL,INVEST BANK,BANKS,INVESTMENT BANK,13JUL2026,24.24,-9.988860007426666,299849,7268339.76,0.0,AVOID,24.04,75.96,19.29,53,62,NEUTRAL,0,REJECTED,AVOID,0,NO ENTRY,0.0,0,NO TRADE,REJECTED,AVOID,1.17,23.88,24.48,23.03,26.18,27.63,False,0,0.0,0,,NO POSITION,,0.0,0,0,0,0.0,0.0,0.0,0.0,0.0,0.0,0.0,0,False,NO ACTION,No actual open position,NORMAL,NO ACTION,0.0,0.0,0.0,0.0,0.0,0.0,0.0,NOT APPLICABLE,0.0,exit_intelligence_engine_v1_1_position_state_aware,Strong trend | Warnings: Trade validation rejected | Validation status rejected | Entry timing rejected | Risk engine rejected | AI final decision restrictive | Institutional decision restrictive | Weak trade validation | Entry engine restrictive | Risk engine says no trade | Weak risk/reward | Weak market | Weak sector | RSI extremely overheated
SLM,SERVICE LONG MARCH,AUTO PARTS,TYRES,13JUL2026,25.0,0.7658202337767082,9107886,227697150.0,0.0,AVOID,19.83,80.17,19.29,50,50,NEUTRAL,0,REJECTED,AVOID,0,NO ENTRY,0.0,0,NO TRADE,REJECTED,AVOID,1.17,24.62,25.25,23.75,27.0,28.5,False,0,0.0,0,,NO POSITION,,0.0,0,0,0,0.0,0.0,0.0,0.0,0.0,0.0,0.0,0,False,NO ACTION,No actual open position,NORMAL,NO ACTION,0.0,0.0,0.0,0.0,0.0,0.0,0.0,NOT APPLICABLE,0.0,exit_intelligence_engine_v1_1_position_state_aware,Balanced multi-engine consensus | Warnings: Trade validation rejected | Validation status rejected | Entry timing rejected | Risk engine rejected | AI final decision restrictive | Institutional decision restrictive | Weak trade validation | Entry engine restrictive | Risk engine says no trade | Weak risk/reward | Weak market | Weak sector
IMAGE,IMAGE PAKISTAN,TEXTILE,FASHION / APPAREL,13JUL2026,26.34,-0.265051117001137,322137,8485088.58,0.0,AVOID,23.24,76.76,19.26,51,50,NEUTRAL,0,REJECTED,AVOID,0,NO ENTRY,0.0,0,NO TRADE,REJECTED,AVOID,1.17,25.94,26.6,25.02,28.45,30.03,False,0,0.0,0,,NO POSITION,,0.0,0,0,0,0.0,0.0,0.0,0.0,0.0,0.0,0.0,0,False,NO ACTION,No actual open position,NORMAL,NO ACTION,0.0,0.0,0.0,0.0,0.0,0.0,0.0,NOT APPLICABLE,0.0,exit_intelligence_engine_v1_1_position_state_aware,Strong trend | Warnings: Trade validation rejected | Validation status rejected | Entry timing rejected | Risk engine rejected | AI final decision restrictive | Institutional decision restrictive | Weak trade validation | Entry engine restrictive | Risk engine says no trade | Weak risk/reward | Weak market | Weak sector
CHAS,CHASHMA SUGAR,SUGAR,SUGAR MILLS,13JUL2026,118.47,-4.8815736651947,20640,2445220.8,0.0,AVOID,23.83,76.17,19.25,51,50,NEUTRAL,0,REJECTED,AVOID,0,NO ENTRY,0.0,0,NO TRADE,REJECTED,AVOID,1.17,116.69,119.65,112.55,127.95,135.06,False,0,0.0,0,,NO POSITION,,0.0,0,0,0,0.0,0.0,0.0,0.0,0.0,0.0,0.0,0,False,NO ACTION,No actual open position,NORMAL,NO ACTION,0.0,0.0,0.0,0.0,0.0,0.0,0.0,NOT APPLICABLE,0.0,exit_intelligence_engine_v1_1_position_state_aware,Strong trend | Warnings: Trade validation rejected | Validation status rejected | Entry timing rejected | Risk engine rejected | AI final decision restrictive | Institutional decision restrictive | Weak trade validation | Entry engine restrictive | Risk engine says no trade | Weak risk/reward | Weak market | High volatility
MLCF,MAPLE LEAF,CEMENT,UNKNOWN,13JUL2026,100.94,-3.1657712970069043,12914927,1303632731.3799999,0.0,AVOID,17.53,82.47,19.25,36,40,NEUTRAL,4,REJECTED,AVOID,0,NO ENTRY,0.0,0,NO TRADE,REJECTED,AVOID,1.17,99.43,101.95,95.89,109.02,115.07,False,0,0.0,0,,NO POSITION,,0.0,0,0,0,0.0,0.0,0.0,0.0,0.0,0.0,0.0,0,False,NO ACTION,No actual open position,NORMAL,NO ACTION,0.0,0.0,0.0,0.0,0.0,0.0,0.0,NOT APPLICABLE,0.0,exit_intelligence_engine_v1_1_position_state_aware,Strong trend | Warnings: Trade validation rejected | Validation status rejected | Entry timing rejected | Risk engine rejected | AI final decision restrictive | Institutional decision restrictive | Weak trade validation | Entry engine restrictive | Risk engine says no trade | Weak risk/reward | Weak smart money | Weak market | Weak sector
DEL,DAWOOD EQUITIES,INSURANCE,LIFE INSURANCE,13JUL2026,20.54,-4.951411383618696,56046,1151184.8399999999,0.0,AVOID,24.05,75.95,19.24,50,50,NEUTRAL,0,REJECTED,AVOID,0,NO ENTRY,0.0,0,NO TRADE,REJECTED,AVOID,1.15,20.23,20.75,19.51,22.18,23.42,False,0,0.0,0,,NO POSITION,,0.0,0,0,0,0.0,0.0,0.0,0.0,0.0,0.0,0.0,0,False,NO ACTION,No actual open position,NORMAL,NO ACTION,0.0,0.0,0.0,0.0,0.0,0.0,0.0,NOT APPLICABLE,0.0,exit_intelligence_engine_v1_1_position_state_aware,Strong trend | Warnings: Trade validation rejected | Validation status rejected | Entry timing rejected | Risk engine rejected | AI final decision restrictive | Institutional decision restrictive | Weak trade validation | Entry engine restrictive | Risk engine says no trade | Weak risk/reward | Weak market | Weak sector
STPL,SIDDIQSONS TIN,PACKAGING,TIN PLATE / PACKAGING,13JUL2026,8.41,-2.3228803716608515,598235,5031156.35,0.0,AVOID,22.83,77.17,19.22,51,50,NEUTRAL,0,REJECTED,AVOID,0,NO ENTRY,0.0,0,NO TRADE,REJECTED,AVOID,1.18,8.28,8.49,7.99,9.08,9.59,False,0,0.0,0,,NO POSITION,,0.0,0,0,0,0.0,0.0,0.0,0.0,0.0,0.0,0.0,0,False,NO ACTION,No actual open position,NORMAL,NO ACTION,0.0,0.0,0.0,0.0,0.0,0.0,0.0,NOT APPLICABLE,0.0,exit_intelligence_engine_v1_1_position_state_aware,Strong trend | Warnings: Trade validation rejected | Validation status rejected | Entry timing rejected | Risk engine rejected | AI final decision restrictive | Institutional decision restrictive | Weak trade validation | Entry engine restrictive | Risk engine says no trade | Weak risk/reward | Weak market | Weak sector
MSOT,MASOOD TEXTILE,TEXTILE,UNKNOWN,13JUL2026,126.49,0.06328613242623075,14599,1846627.51,0.0,AVOID,23.96,76.04,19.2,56,55,NEUTRAL,0,REJECTED,AVOID,0,NO ENTRY,0.0,0,NO TRADE,REJECTED,AVOID,1.17,124.59,127.75,120.17,136.61,144.2,False,0,0.0,0,,NO POSITION,,0.0,0,0,0,0.0,0.0,0.0,0.0,0.0,0.0,0.0,0,False,NO ACTION,No actual open position,NORMAL,NO ACTION,0.0,0.0,0.0,0.0,0.0,0.0,0.0,NOT APPLICABLE,0.0,exit_intelligence_engine_v1_1_position_state_aware,Strong trend | Warnings: Trade validation rejected | Validation status rejected | Entry timing rejected | Risk engine rejected | AI final decision restrictive | Institutional decision restrictive | Weak trade validation | Entry engine restrictive | Risk engine says no trade | Weak risk/reward | Weak market | Weak sector | High volatility
TSPL,TRI-STAR POWER,POWER,INDEPENDENT POWER PRODUCER,13JUL2026,17.2,2.0771513353115596,115097,1979668.4,0.0,AVOID,23.49,76.51,19.19,49,55,NEUTRAL,0,REJECTED,AVOID,0,NO ENTRY,0.0,0,NO TRADE,REJECTED,AVOID,1.17,16.94,17.37,16.34,18.58,19.61,False,0,0.0,0,,NO POSITION,,0.0,0,0,0,0.0,0.0,0.0,0.0,0.0,0.0,0.0,0,False,NO ACTION,No actual open position,NORMAL,NO ACTION,0.0,0.0,0.0,0.0,0.0,0.0,0.0,NOT APPLICABLE,0.0,exit_intelligence_engine_v1_1_position_state_aware,Strong trend | Warnings: Trade validation rejected | Validation status rejected | Entry timing rejected | Risk engine rejected | AI final decision restrictive | Institutional decision restrictive | Weak trade validation | Entry engine restrictive | Risk engine says no trade | Weak risk/reward | Weak market | Weak sector | High volatility
BWCL,BESTWAY CEMENT,CEMENT,UNKNOWN,13JUL2026,499.47,-0.4127287953104425,15261,7622411.670000001,0.0,AVOID,22.24,77.76,19.17,50,50,NEUTRAL,0,REJECTED,AVOID,0,NO ENTRY,0.0,0,NO TRADE,REJECTED,AVOID,1.17,491.98,504.46,474.5,539.43,569.4,False,0,0.0,0,,NO POSITION,,0.0,0,0,0,0.0,0.0,0.0,0.0,0.0,0.0,0.0,0,False,NO ACTION,No actual open position,NORMAL,NO ACTION,0.0,0.0,0.0,0.0,0.0,0.0,0.0,NOT APPLICABLE,0.0,exit_intelligence_engine_v1_1_position_state_aware,Strong trend | Warnings: Trade validation rejected | Validation status rejected | Entry timing rejected | Risk engine rejected | AI final decision restrictive | Institutional decision restrictive | Weak trade validation | Entry engine restrictive | Risk engine says no trade | Weak risk/reward | Weak market | Weak sector
ASTM,ASIM TEXTILE,TEXTILE,TEXTILE MILLS,13JUL2026,25.83,0.46674445740955833,30710,793239.2999999999,0.0,AVOID,25.59,74.41,19.15,64,65,NEUTRAL,0,REJECTED,AVOID,0,NO ENTRY,0.0,0,NO TRADE,REJECTED,AVOID,1.17,25.44,26.09,24.54,27.9,29.45,False,0,0.0,0,,NO POSITION,,0.0,0,0,0,0.0,0.0,0.0,0.0,0.0,0.0,0.0,0,False,NO ACTION,No actual open position,NORMAL,NO ACTION,0.0,0.0,0.0,0.0,0.0,0.0,0.0,NOT APPLICABLE,0.0,exit_intelligence_engine_v1_1_position_state_aware,Strong trend | Warnings: Trade validation rejected | Validation status rejected | Entry timing rejected | Risk engine rejected | AI final decision restrictive | Institutional decision restrictive | Weak trade validation | Entry engine restrictive | Risk engine says no trade | Weak risk/reward | Weak market | Weak sector | High volatility
SSOM,S.S.OIL,OIL & GAS,OIL / ENERGY,13JUL2026,481.26,0.5242819843342018,30475,14666398.5,0.0,AVOID,22.06,77.94,19.12,50,50,NEUTRAL,1,REJECTED,AVOID,0,NO ENTRY,0.0,0,NO TRADE,REJECTED,AVOID,1.17,474.04,486.07,457.2,519.76,548.64,False,0,0.0,0,,NO POSITION,,0.0,0,0,0,0.0,0.0,0.0,0.0,0.0,0.0,0.0,0,False,NO ACTION,No actual open position,NORMAL,NO ACTION,0.0,0.0,0.0,0.0,0.0,0.0,0.0,NOT APPLICABLE,0.0,exit_intelligence_engine_v1_1_position_state_aware,Strong trend | Warnings: Trade validation rejected | Validation status rejected | Entry timing rejected | Risk engine rejected | AI final decision restrictive | Institutional decision restrictive | Weak trade validation | Entry engine restrictive | Risk engine says no trade | Weak risk/reward | Weak market | Weak sector
CHBL,CHENAB LIMITED,TEXTILE,TEXTILE MILLS,13JUL2026,10.71,-4.374999999999987,256034,2742124.14,0.0,AVOID,21.03,78.97,19.12,43,50,NEUTRAL,5,REJECTED,AVOID,0,NO ENTRY,0.0,0,NO TRADE,REJECTED,AVOID,1.15,10.55,10.82,10.17,11.57,12.21,False,0,0.0,0,,NO POSITION,,0.0,0,0,0,0.0,0.0,0.0,0.0,0.0,0.0,0.0,0,False,NO ACTION,No actual open position,NORMAL,NO ACTION,0.0,0.0,0.0,0.0,0.0,0.0,0.0,NOT APPLICABLE,0.0,exit_intelligence_engine_v1_1_position_state_aware,Strong trend | Warnings: Trade validation rejected | Validation status rejected | Entry timing rejected | Risk engine rejected | AI final decision restrictive | Institutional decision restrictive | Weak trade validation | Entry engine restrictive | Risk engine says no trade | Weak risk/reward | Weak smart money | Weak market | Weak sector
GEMBCEM,BURJ CLEAN ENERGY,POWER,CLEAN ENERGY,13JUL2026,13.24,-4.679625629949606,1501,19873.24,0.0,AVOID,25.69,74.31,19.11,59,62,NEUTRAL,0,REJECTED,AVOID,0,NO ENTRY,0.0,0,NO TRADE,REJECTED,AVOID,1.18,13.04,13.37,12.58,14.3,15.09,False,0,0.0,0,,NO POSITION,,0.0,0,0,0,0.0,0.0,0.0,0.0,0.0,0.0,0.0,0,False,NO ACTION,No actual open position,NORMAL,NO ACTION,0.0,0.0,0.0,0.0,0.0,0.0,0.0,NOT APPLICABLE,0.0,exit_intelligence_engine_v1_1_position_state_aware,Strong trend | Warnings: Trade validation rejected | Validation status rejected | Entry timing rejected | Risk engine rejected | AI final decision restrictive | Institutional decision restrictive | Weak trade validation | Entry engine restrictive | Risk engine says no trade | Weak risk/reward | Weak market | Weak sector | High volatility
DINT,DIN TEXTILE,TEXTILE,TEXTILE MILLS,13JUL2026,74.32,0.0,250800,18639456.0,0.0,AVOID,18.01,81.99,19.11,43,40,NEUTRAL,1,REJECTED,AVOID,0,NO ENTRY,0.0,0,NO TRADE,REJECTED,AVOID,1.17,73.21,75.06,70.6,80.27,84.72,False,0,0.0,0,,NO POSITION,,0.0,0,0,0,0.0,0.0,0.0,0.0,0.0,0.0,0.0,0,False,NO ACTION,No actual open position,NORMAL,NO ACTION,0.0,0.0,0.0,0.0,0.0,0.0,0.0,NOT APPLICABLE,0.0,exit_intelligence_engine_v1_1_position_state_aware,Strong trend | Warnings: Trade validation rejected | Validation status rejected | Entry timing rejected | Risk engine rejected | AI final decision restrictive | Institutional decision restrictive | Weak trade validation | Entry engine restrictive | Risk engine says no trade | Weak risk/reward | Weak smart money | Weak market | Weak sector | High volatility
MCB,MCB BANK LTD,BANKS,UNKNOWN,13JUL2026,412.51,-1.164434434674273,89651,36981934.01,0.0,AVOID,17.55,82.45,19.11,36,40,NEUTRAL,7,REJECTED,AVOID,0,NO ENTRY,0.0,0,NO TRADE,REJECTED,AVOID,1.17,406.32,416.64,391.88,445.51,470.26,False,0,0.0,0,,NO POSITION,,0.0,0,0,0,0.0,0.0,0.0,0.0,0.0,0.0,0.0,0,False,NO ACTION,No actual open position,NORMAL,NO ACTION,0.0,0.0,0.0,0.0,0.0,0.0,0.0,NOT APPLICABLE,0.0,exit_intelligence_engine_v1_1_position_state_aware,Strong trend | Warnings: Trade validation rejected | Validation status rejected | Entry timing rejected | Risk engine rejected | AI final decision restrictive | Institutional decision restrictive | Weak trade validation | Entry engine restrictive | Risk engine says no trade | Weak risk/reward | Weak smart money | Weak market | Weak sector
HWQS,HASEEB WAQAS SUGAR,SUGAR,SUGAR MILLS,13JUL2026,20.0,2.564102564102564,93873,1877460.0,0.0,AVOID,23.34,76.66,19.1,42,45,NEUTRAL,0,REJECTED,AVOID,0,NO ENTRY,0.0,0,NO TRADE,REJECTED,AVOID,1.17,19.7,20.2,19.0,21.6,22.8,False,0,0.0,0,,NO POSITION,,0.0,0,0,0,0.0,0.0,0.0,0.0,0.0,0.0,0.0,0,False,NO ACTION,No actual open position,NORMAL,NO ACTION,0.0,0.0,0.0,0.0,0.0,0.0,0.0,NOT APPLICABLE,0.0,exit_intelligence_engine_v1_1_position_state_aware,Strong trend | Warnings: Trade validation rejected | Validation status rejected | Entry timing rejected | Risk engine rejected | AI final decision restrictive | Institutional decision restrictive | Weak trade validation | Entry engine restrictive | Risk engine says no trade | Weak risk/reward | Weak smart money | Weak market
ALAC,ASKARI LIFE ASS,INSURANCE,UNKNOWN,13JUL2026,24.59,-3.9077764751856194,142691,3508771.69,0.0,AVOID,21.95,78.05,19.09,46,50,NEUTRAL,2,REJECTED,AVOID,0,NO ENTRY,0.0,0,NO TRADE,REJECTED,AVOID,1.16,24.22,24.84,23.36,26.56,28.03,False,0,0.0,0,,NO POSITION,,0.0,0,0,0,0.0,0.0,0.0,0.0,0.0,0.0,0.0,0,False,NO ACTION,No actual open position,NORMAL,NO ACTION,0.0,0.0,0.0,0.0,0.0,0.0,0.0,NOT APPLICABLE,0.0,exit_intelligence_engine_v1_1_position_state_aware,Strong trend | Warnings: Trade validation rejected | Validation status rejected | Entry timing rejected | Risk engine rejected | AI final decision restrictive | Institutional decision restrictive | Weak trade validation | Entry engine restrictive | Risk engine says no trade | Weak risk/reward | Weak market | Weak sector
FANM,AL-NOOR MOD,MODARABA,MODARABA,13JUL2026,7.33,0.0,178228,1306411.24,0.0,AVOID,23.33,76.67,19.07,51,50,NEUTRAL,0,REJECTED,AVOID,0,NO ENTRY,0.0,0,NO TRADE,REJECTED,AVOID,1.18,7.22,7.4,6.96,7.92,8.36,False,0,0.0,0,,NO POSITION,,0.0,0,0,0,0.0,0.0,0.0,0.0,0.0,0.0,0.0,0,False,NO ACTION,No actual open position,NORMAL,NO ACTION,0.0,0.0,0.0,0.0,0.0,0.0,0.0,NOT APPLICABLE,0.0,exit_intelligence_engine_v1_1_position_state_aware,Strong trend | Warnings: Trade validation rejected | Validation status rejected | Entry timing rejected | Risk engine rejected | AI final decision restrictive | Institutional decision restrictive | Weak trade validation | Entry engine restrictive | Risk engine says no trade | Weak risk/reward | Weak market
FIL,FATEH INDUSTRIES,TEXTILE,TEXTILE / MANUFACTURING,13JUL2026,360.26,-9.509695569175127,2853,1027821.78,0.0,AVOID,22.36,77.64,19.06,51,50,NEUTRAL,0,REJECTED,AVOID,0,NO ENTRY,0.0,0,NO TRADE,REJECTED,AVOID,1.17,354.86,363.86,342.25,389.08,410.7,False,0,0.0,0,,NO POSITION,,0.0,0,0,0,0.0,0.0,0.0,0.0,0.0,0.0,0.0,0,False,NO ACTION,No actual open position,NORMAL,NO ACTION,0.0,0.0,0.0,0.0,0.0,0.0,0.0,NOT APPLICABLE,0.0,exit_intelligence_engine_v1_1_position_state_aware,Strong trend | Warnings: Trade validation rejected | Validation status rejected | Entry timing rejected | Risk engine rejected | AI final decision restrictive | Institutional decision restrictive | Weak trade validation | Entry engine restrictive | Risk engine says no trade | Weak risk/reward | Weak market | Weak sector | High volatility
SPEL,SPEL LIMITED,PACKAGING,UNKNOWN,13JUL2026,53.4,-2.944383860414403,256141,13677929.4,0.0,AVOID,20.0,80.0,19.05,45,50,NEUTRAL,4,REJECTED,AVOID,0,NO ENTRY,0.0,0,NO TRADE,REJECTED,AVOID,1.17,52.6,53.93,50.73,57.67,60.88,False,0,0.0,0,,NO POSITION,,0.0,0,0,0,0.0,0.0,0.0,0.0,0.0,0.0,0.0,0,False,NO ACTION,No actual open position,NORMAL,NO ACTION,0.0,0.0,0.0,0.0,0.0,0.0,0.0,NOT APPLICABLE,0.0,exit_intelligence_engine_v1_1_position_state_aware,Strong trend | Warnings: Trade validation rejected | Validation status rejected | Entry timing rejected | Risk engine rejected | AI final decision restrictive | Institutional decision restrictive | Weak trade validation | Entry engine restrictive | Risk engine says no trade | Weak risk/reward | Weak market | Weak sector
REDCO,REDCO TEXTILE,TEXTILE,TEXTILE MILLS,13JUL2026,34.69,-0.4591104734576863,4926,170882.94,0.0,AVOID,24.71,75.29,19.03,59,60,NEUTRAL,0,REJECTED,AVOID,0,NO ENTRY,0.0,0,NO TRADE,REJECTED,AVOID,1.17,34.17,35.04,32.96,37.47,39.55,False,0,0.0,0,,NO POSITION,,0.0,0,0,0,0.0,0.0,0.0,0.0,0.0,0.0,0.0,0,False,NO ACTION,No actual open position,NORMAL,NO ACTION,0.0,0.0,0.0,0.0,0.0,0.0,0.0,NOT APPLICABLE,0.0,exit_intelligence_engine_v1_1_position_state_aware,Strong trend | Warnings: Trade validation rejected | Validation status rejected | Entry timing rejected | Risk engine rejected | AI final decision restrictive | Institutional decision restrictive | Weak trade validation | Entry engine restrictive | Risk engine says no trade | Weak risk/reward | Weak market | Weak sector
ENGROH,ENGRO HOLDINGS,HOLDING,HOLDING COMPANY,13JUL2026,277.35,-1.193444959030982,1068307,296294946.45000005,0.0,AVOID,17.45,82.55,19.01,38,40,NEUTRAL,0,REJECTED,AVOID,0,NO ENTRY,0.0,0,NO TRADE,REJECTED,AVOID,1.17,273.19,280.12,263.48,299.54,316.18,False,0,0.0,0,,NO POSITION,,0.0,0,0,0,0.0,0.0,0.0,0.0,0.0,0.0,0.0,0,False,NO ACTION,No actual open position,NORMAL,NO ACTION,0.0,0.0,0.0,0.0,0.0,0.0,0.0,NOT APPLICABLE,0.0,exit_intelligence_engine_v1_1_position_state_aware,Strong trend | Warnings: Trade validation rejected | Validation status rejected | Entry timing rejected | Risk engine rejected | AI final decision restrictive | Institutional decision restrictive | Weak trade validation | Entry engine restrictive | Risk engine says no trade | Weak risk/reward | Weak smart money | Weak market | Weak sector
MUGHAL,MUGHAL IRON,STEEL,UNKNOWN,13JUL2026,85.96,-3.372302158273382,1112950,95669182.0,0.0,AVOID,17.19,82.81,19.01,36,40,NEUTRAL,4,REJECTED,AVOID,0,NO ENTRY,0.0,0,NO TRADE,REJECTED,AVOID,1.17,84.67,86.82,81.66,92.84,97.99,False,0,0.0,0,,NO POSITION,,0.0,0,0,0,0.0,0.0,0.0,0.0,0.0,0.0,0.0,0,False,NO ACTION,No actual open position,NORMAL,NO ACTION,0.0,0.0,0.0,0.0,0.0,0.0,0.0,NOT APPLICABLE,0.0,exit_intelligence_engine_v1_1_position_state_aware,Strong trend | Warnings: Trade validation rejected | Validation status rejected | Entry timing rejected | Risk engine rejected | AI final decision restrictive | Institutional decision restrictive | Weak trade validation | Entry engine restrictive | Risk engine says no trade | Weak risk/reward | Weak smart money | Weak market | Weak sector
PASM,PARAMOUNT SP,TEXTILE,SPINNING,13JUL2026,13.6,-6.336088154269973,143083,1945928.8,0.0,AVOID,22.27,77.73,18.99,51,50,NEUTRAL,0,REJECTED,AVOID,0,NO ENTRY,0.0,0,NO TRADE,REJECTED,AVOID,1.16,13.4,13.74,12.92,14.69,15.5,False,0,0.0,0,,NO POSITION,,0.0,0,0,0,0.0,0.0,0.0,0.0,0.0,0.0,0.0,0,False,NO ACTION,No actual open position,NORMAL,NO ACTION,0.0,0.0,0.0,0.0,0.0,0.0,0.0,NOT APPLICABLE,0.0,exit_intelligence_engine_v1_1_position_state_aware,Strong trend | Warnings: Trade validation rejected | Validation status rejected | Entry timing rejected | Risk engine rejected | AI final decision restrictive | Institutional decision restrictive | Weak trade validation | Entry engine restrictive | Risk engine says no trade | Weak risk/reward | Weak market | Weak sector | High volatility
PAEL,PAK ELEKTRON,ENGINEERING,UNKNOWN,13JUL2026,43.91,-2.487230735065522,8742512,383883701.91999996,0.0,AVOID,16.96,83.04,18.99,37,40,NEUTRAL,0,REJECTED,AVOID,0,NO ENTRY,0.0,0,NO TRADE,REJECTED,AVOID,1.16,43.25,44.35,41.71,47.42,50.06,False,0,0.0,0,,NO POSITION,,0.0,0,0,0,0.0,0.0,0.0,0.0,0.0,0.0,0.0,0,False,NO ACTION,No actual open position,NORMAL,NO ACTION,0.0,0.0,0.0,0.0,0.0,0.0,0.0,NOT APPLICABLE,0.0,exit_intelligence_engine_v1_1_position_state_aware,Balanced multi-engine consensus | Warnings: Trade validation rejected | Validation status rejected | Entry timing rejected | Risk engine rejected | AI final decision restrictive | Institutional decision restrictive | Weak trade validation | Entry engine restrictive | Risk engine says no trade | Weak risk/reward | Weak smart money | Weak market | Weak sector
MACTER,MACTER INT. LTD,PHARMA,UNKNOWN,13JUL2026,287.34,-2.4842190999796543,26890,7726572.6,0.0,AVOID,20.19,79.81,18.97,50,50,NEUTRAL,0,REJECTED,AVOID,0,NO ENTRY,0.0,0,NO TRADE,REJECTED,AVOID,1.17,283.03,290.21,272.97,310.33,327.57,False,0,0.0,0,,NO POSITION,,0.0,0,0,0,0.0,0.0,0.0,0.0,0.0,0.0,0.0,0,False,NO ACTION,No actual open position,NORMAL,NO ACTION,0.0,0.0,0.0,0.0,0.0,0.0,0.0,NOT APPLICABLE,0.0,exit_intelligence_engine_v1_1_position_state_aware,Strong trend | Warnings: Trade validation rejected | Validation status rejected | Entry timing rejected | Risk engine rejected | AI final decision restrictive | Institutional decision restrictive | Weak trade validation | Entry engine restrictive | Risk engine says no trade | Weak risk/reward | Weak market | Weak sector
ARUJ,ARUJ INDUSTRIES,TEXTILE,TEXTILE MILLS,13JUL2026,11.74,1.4693171996542778,28463,334155.62,0.0,AVOID,24.43,75.57,18.95,56,55,NEUTRAL,0,REJECTED,AVOID,0,NO ENTRY,0.0,0,NO TRADE,REJECTED,AVOID,1.15,11.56,11.86,11.15,12.68,13.38,False,0,0.0,0,,NO POSITION,,0.0,0,0,0,0.0,0.0,0.0,0.0,0.0,0.0,0.0,0,False,NO ACTION,No actual open position,NORMAL,NO ACTION,0.0,0.0,0.0,0.0,0.0,0.0,0.0,NOT APPLICABLE,0.0,exit_intelligence_engine_v1_1_position_state_aware,Strong trend | Warnings: Trade validation rejected | Validation status rejected | Entry timing rejected | Risk engine rejected | AI final decision restrictive | Institutional decision restrictive | Weak trade validation | Entry engine restrictive | Risk engine says no trade | Weak risk/reward | Weak market | Weak sector
BOP,B.O.PUNJAB,BANKS,UNKNOWN,13JUL2026,35.29,-2.2437673130193967,8655180,305441302.2,0.0,AVOID,16.96,83.04,18.95,36,40,NEUTRAL,0,REJECTED,AVOID,0,NO ENTRY,0.0,0,NO TRADE,REJECTED,AVOID,1.17,34.76,35.64,33.53,38.11,40.23,False,0,0.0,0,,NO POSITION,,0.0,0,0,0,0.0,0.0,0.0,0.0,0.0,0.0,0.0,0,False,NO ACTION,No actual open position,NORMAL,NO ACTION,0.0,0.0,0.0,0.0,0.0,0.0,0.0,NOT APPLICABLE,0.0,exit_intelligence_engine_v1_1_position_state_aware,Strong trend | Warnings: Trade validation rejected | Validation status rejected | Entry timing rejected | Risk engine rejected | AI final decision restrictive | Institutional decision restrictive | Weak trade validation | Entry engine restrictive | Risk engine says no trade | Weak risk/reward | Weak smart money | Weak market | Weak sector
OGDC,OIL & GAS DEV,OIL_GAS,UNKNOWN,13JUL2026,331.59,-0.7601831622422472,4341766,1439686187.9399998,0.0,AVOID,16.54,83.46,18.93,31,40,NEUTRAL,0,REJECTED,AVOID,0,NO ENTRY,0.0,0,NO TRADE,REJECTED,AVOID,1.17,326.62,334.91,315.01,358.12,378.01,False,0,0.0,0,,NO POSITION,,0.0,0,0,0,0.0,0.0,0.0,0.0,0.0,0.0,0.0,0,False,NO ACTION,No actual open position,NORMAL,NO ACTION,0.0,0.0,0.0,0.0,0.0,0.0,0.0,NOT APPLICABLE,0.0,exit_intelligence_engine_v1_1_position_state_aware,Strong trend | Warnings: Trade validation rejected | Validation status rejected | Entry timing rejected | Risk engine rejected | AI final decision restrictive | Institutional decision restrictive | Weak trade validation | Entry engine restrictive | Risk engine says no trade | Weak risk/reward | Weak smart money | Weak market | Weak sector
HIRAT,HIRA TEXTILE,TEXTILE,TEXTILE MILLS,13JUL2026,7.0,-4.5020463847203285,1370121,9590847.0,0.0,AVOID,19.82,80.18,18.92,43,40,NEUTRAL,0,REJECTED,AVOID,0,NO ENTRY,0.0,0,NO TRADE,REJECTED,AVOID,1.17,6.89,7.07,6.65,7.56,7.98,False,0,0.0,0,,NO POSITION,,0.0,0,0,0,0.0,0.0,0.0,0.0,0.0,0.0,0.0,0,False,NO ACTION,No actual open position,NORMAL,NO ACTION,0.0,0.0,0.0,0.0,0.0,0.0,0.0,NOT APPLICABLE,0.0,exit_intelligence_engine_v1_1_position_state_aware,Strong trend | Warnings: Trade validation rejected | Validation status rejected | Entry timing rejected | Risk engine rejected | AI final decision restrictive | Institutional decision restrictive | Weak trade validation | Entry engine restrictive | Risk engine says no trade | Weak risk/reward | Weak smart money | Weak market | Weak sector
PIM,POPULAR ISLAMIC,MODARABA,ISLAMIC MODARABA,13JUL2026,24.19,1.6386554621848766,1705,41243.950000000004,0.0,AVOID,24.49,75.51,18.91,56,55,NEUTRAL,0,REJECTED,AVOID,0,NO ENTRY,0.0,0,NO TRADE,REJECTED,AVOID,1.17,23.83,24.43,22.98,26.13,27.58,False,0,0.0,0,,NO POSITION,,0.0,0,0,0,0.0,0.0,0.0,0.0,0.0,0.0,0.0,0,False,NO ACTION,No actual open position,NORMAL,NO ACTION,0.0,0.0,0.0,0.0,0.0,0.0,0.0,NOT APPLICABLE,0.0,exit_intelligence_engine_v1_1_position_state_aware,Strong trend | Warnings: Trade validation rejected | Validation status rejected | Entry timing rejected | Risk engine rejected | AI final decision restrictive | Institutional decision restrictive | Weak trade validation | Entry engine restrictive | Risk engine says no trade | Weak risk/reward | Weak market | High volatility
LSEFSL,LSE FIN. SERVICES,FINANCE,FINANCIAL SERVICES,13JUL2026,21.85,-1.220614828209763,102061,2230032.85,0.0,AVOID,21.02,78.98,18.89,40,50,NEUTRAL,0,REJECTED,AVOID,0,NO ENTRY,0.0,0,NO TRADE,REJECTED,AVOID,1.17,21.52,22.07,20.76,23.6,24.91,False,0,0.0,0,,NO POSITION,,0.0,0,0,0,0.0,0.0,0.0,0.0,0.0,0.0,0.0,0,False,NO ACTION,No actual open position,NORMAL,NO ACTION,0.0,0.0,0.0,0.0,0.0,0.0,0.0,NOT APPLICABLE,0.0,exit_intelligence_engine_v1_1_position_state_aware,Strong trend | Warnings: Trade validation rejected | Validation status rejected | Entry timing rejected | Risk engine rejected | AI final decision restrictive | Institutional decision restrictive | Weak trade validation | Entry engine restrictive | Risk engine says no trade | Weak risk/reward | Weak smart money | Weak market | High volatility
ARCTM,ARCTIC TEXTILE,TEXTILE,TEXTILE MILLS,13JUL2026,41.53,-1.1190476190476164,137189,5697459.17,0.0,AVOID,20.3,79.7,18.89,46,50,NEUTRAL,0,REJECTED,AVOID,0,NO ENTRY,0.0,0,NO TRADE,REJECTED,AVOID,1.16,40.91,41.95,39.45,44.85,47.34,False,0,0.0,0,,NO POSITION,,0.0,0,0,0,0.0,0.0,0.0,0.0,0.0,0.0,0.0,0,False,NO ACTION,No actual open position,NORMAL,NO ACTION,0.0,0.0,0.0,0.0,0.0,0.0,0.0,NOT APPLICABLE,0.0,exit_intelligence_engine_v1_1_position_state_aware,Strong trend | Warnings: Trade validation rejected | Validation status rejected | Entry timing rejected | Risk engine rejected | AI final decision restrictive | Institutional decision restrictive | Weak trade validation | Entry engine restrictive | Risk engine says no trade | Weak risk/reward | Weak market | Weak sector | High volatility
NONS,NOON SUGAR,SUGAR,SUGAR MILLS,13JUL2026,108.65,-3.3448981407348017,33895,3682691.75,0.0,AVOID,20.85,79.15,18.87,44,50,NEUTRAL,0,REJECTED,AVOID,0,NO ENTRY,0.0,0,NO TRADE,REJECTED,AVOID,1.17,107.02,109.74,103.22,117.34,123.86,False,0,0.0,0,,NO POSITION,,0.0,0,0,0,0.0,0.0,0.0,0.0,0.0,0.0,0.0,0,False,NO ACTION,No actual open position,NORMAL,NO ACTION,0.0,0.0,0.0,0.0,0.0,0.0,0.0,NOT APPLICABLE,0.0,exit_intelligence_engine_v1_1_position_state_aware,Strong trend | Warnings: Trade validation rejected | Validation status rejected | Entry timing rejected | Risk engine rejected | AI final decision restrictive | Institutional decision restrictive | Weak trade validation | Entry engine restrictive | Risk engine says no trade | Weak risk/reward | Weak smart money | Weak market | High volatility
LUCK,LUCKY CEMENT,CEMENT,UNKNOWN,13JUL2026,459.46,-1.946305860258655,1271920,584396363.1999999,0.0,AVOID,16.42,83.58,18.87,37,40,NEUTRAL,0,REJECTED,AVOID,0,NO ENTRY,0.0,0,NO TRADE,REJECTED,AVOID,1.17,452.57,464.05,436.49,496.22,523.78,False,0,0.0,0,,NO POSITION,,0.0,0,0,0,0.0,0.0,0.0,0.0,0.0,0.0,0.0,0,False,NO ACTION,No actual open position,NORMAL,NO ACTION,0.0,0.0,0.0,0.0,0.0,0.0,0.0,NOT APPLICABLE,0.0,exit_intelligence_engine_v1_1_position_state_aware,Balanced multi-engine consensus | Warnings: Trade validation rejected | Validation status rejected | Entry timing rejected | Risk engine rejected | AI final decision restrictive | Institutional decision restrictive | Weak trade validation | Entry engine restrictive | Risk engine says no trade | Weak risk/reward | Weak smart money | Weak market | Weak sector
IBFL,IBRAHIM FIBRES,TEXTILE,FIBRES / TEXTILE,13JUL2026,342.82,0.31896526497526556,2168,743233.76,0.0,AVOID,23.72,76.28,18.86,58,65,NEUTRAL,0,REJECTED,AVOID,0,NO ENTRY,0.0,0,NO TRADE,REJECTED,AVOID,1.17,337.68,346.25,325.68,370.25,390.81,False,0,0.0,0,,NO POSITION,,0.0,0,0,0,0.0,0.0,0.0,0.0,0.0,0.0,0.0,0,False,NO ACTION,No actual open position,NORMAL,NO ACTION,0.0,0.0,0.0,0.0,0.0,0.0,0.0,NOT APPLICABLE,0.0,exit_intelligence_engine_v1_1_position_state_aware,Strong trend | Warnings: Trade validation rejected | Validation status rejected | Entry timing rejected | Risk engine rejected | AI final decision restrictive | Institutional decision restrictive | Weak trade validation | Entry engine restrictive | Risk engine says no trade | Weak risk/reward | Weak market | Weak sector
SPWL,SAIF POWER LTD,POWER,UNKNOWN,13JUL2026,9.73,-1.4184397163120446,267440,2602191.2,0.0,AVOID,20.26,79.74,18.86,50,50,NEUTRAL,4,REJECTED,AVOID,0,NO ENTRY,0.0,0,NO TRADE,REJECTED,AVOID,1.15,9.58,9.83,9.24,10.51,11.09,False,0,0.0,0,,NO POSITION,,0.0,0,0,0,0.0,0.0,0.0,0.0,0.0,0.0,0.0,0,False,NO ACTION,No actual open position,NORMAL,NO ACTION,0.0,0.0,0.0,0.0,0.0,0.0,0.0,NOT APPLICABLE,0.0,exit_intelligence_engine_v1_1_position_state_aware,Strong trend | Warnings: Trade validation rejected | Validation status rejected | Entry timing rejected | Risk engine rejected | AI final decision restrictive | Institutional decision restrictive | Weak trade validation | Entry engine restrictive | Risk engine says no trade | Weak risk/reward | Weak market | Weak sector
GRYL,GRAYS LEASING,LEASING,LEASING,13JUL2026,21.49,0.6086142322097332,15800,339542.0,0.0,AVOID,23.22,76.78,18.85,50,55,NEUTRAL,0,REJECTED,AVOID,0,NO ENTRY,0.0,0,NO TRADE,REJECTED,AVOID,1.18,21.17,21.7,20.42,23.21,24.5,False,0,0.0,0,,NO POSITION,,0.0,0,0,0,0.0,0.0,0.0,0.0,0.0,0.0,0.0,0,False,NO ACTION,No actual open position,NORMAL,NO ACTION,0.0,0.0,0.0,0.0,0.0,0.0,0.0,NOT APPLICABLE,0.0,exit_intelligence_engine_v1_1_position_state_aware,Strong trend | Warnings: Trade validation rejected | Validation status rejected | Entry timing rejected | Risk engine rejected | AI final decision restrictive | Institutional decision restrictive | Weak trade validation | Entry engine restrictive | Risk engine says no trade | Weak risk/reward | Weak market
EPCLPS,ENGRO POLY (PR),CHEMICAL,POLYMER / PREFERENCE SHARE,13JUL2026,12.2,0.0,33033,403002.6,0.0,AVOID,23.15,76.85,18.85,51,50,NEUTRAL,0,REJECTED,AVOID,0,NO ENTRY,0.0,0,NO TRADE,REJECTED,AVOID,1.18,12.02,12.32,11.59,13.18,13.91,False,0,0.0,0,,NO POSITION,,0.0,0,0,0,0.0,0.0,0.0,0.0,0.0,0.0,0.0,0,False,NO ACTION,No actual open position,NORMAL,NO ACTION,0.0,0.0,0.0,0.0,0.0,0.0,0.0,NOT APPLICABLE,0.0,exit_intelligence_engine_v1_1_position_state_aware,Strong trend | Warnings: Trade validation rejected | Validation status rejected | Entry timing rejected | Risk engine rejected | AI final decision restrictive | Institutional decision restrictive | Weak trade validation | Entry engine restrictive | Risk engine says no trade | Weak risk/reward | Weak market
NAGC,NAGINA COTTON,TEXTILE,COTTON / TEXTILE,13JUL2026,81.95,2.6299311208516074,1153,94488.35,0.0,AVOID,23.23,76.77,18.83,56,50,NEUTRAL,0,REJECTED,AVOID,0,NO ENTRY,0.0,0,NO TRADE,REJECTED,AVOID,1.17,80.72,82.77,77.85,88.51,93.42,False,0,0.0,0,,NO POSITION,,0.0,0,0,0,0.0,0.0,0.0,0.0,0.0,0.0,0.0,0,False,NO ACTION,No actual open position,NORMAL,NO ACTION,0.0,0.0,0.0,0.0,0.0,0.0,0.0,NOT APPLICABLE,0.0,exit_intelligence_engine_v1_1_position_state_aware,Strong trend | Warnings: Trade validation rejected | Validation status rejected | Entry timing rejected | Risk engine rejected | AI final decision restrictive | Institutional decision restrictive | Weak trade validation | Entry engine restrictive | Risk engine says no trade | Weak risk/reward | Weak market | Weak sector
MFFL,MITHCHELLSFRUIT,FOOD,FRUIT PRODUCTS,13JUL2026,178.04,0.9182632354608348,5987,1065925.48,0.0,AVOID,20.12,79.88,18.83,43,50,NEUTRAL,1,REJECTED,AVOID,0,NO ENTRY,0.0,0,NO TRADE,REJECTED,AVOID,1.17,175.37,179.82,169.14,192.28,202.97,False,0,0.0,0,,NO POSITION,,0.0,0,0,0,0.0,0.0,0.0,0.0,0.0,0.0,0.0,0,False,NO ACTION,No actual open position,NORMAL,NO ACTION,0.0,0.0,0.0,0.0,0.0,0.0,0.0,NOT APPLICABLE,0.0,exit_intelligence_engine_v1_1_position_state_aware,Strong trend | Warnings: Trade validation rejected | Validation status rejected | Entry timing rejected | Risk engine rejected | AI final decision restrictive | Institutional decision restrictive | Weak trade validation | Entry engine restrictive | Risk engine says no trade | Weak risk/reward | Weak smart money | Weak market | Weak sector
WAHN,WAH-NOBLE,CHEMICAL,EXPLOSIVES / CHEMICALS,13JUL2026,300.01,-2.2768729641693843,5145,1543551.45,0.0,AVOID,19.73,80.27,18.81,43,50,NEUTRAL,1,REJECTED,AVOID,0,NO ENTRY,0.0,0,NO TRADE,REJECTED,AVOID,1.17,295.51,303.01,285.01,324.01,342.01,False,0,0.0,0,,NO POSITION,,0.0,0,0,0,0.0,0.0,0.0,0.0,0.0,0.0,0.0,0,False,NO ACTION,No actual open position,NORMAL,NO ACTION,0.0,0.0,0.0,0.0,0.0,0.0,0.0,NOT APPLICABLE,0.0,exit_intelligence_engine_v1_1_position_state_aware,Strong trend | Warnings: Trade validation rejected | Validation status rejected | Entry timing rejected | Risk engine rejected | AI final decision restrictive | Institutional decision restrictive | Weak trade validation | Entry engine restrictive | Risk engine says no trade | Weak risk/reward | Weak smart money | Weak market
SUTM,SUNRAYS TEXTILE,TEXTILE,TEXTILE MILLS,13JUL2026,117.43,1.6797991168066604,11680,1371582.4000000001,0.0,AVOID,20.32,79.68,18.8,43,50,NEUTRAL,1,REJECTED,AVOID,0,NO ENTRY,0.0,0,NO TRADE,REJECTED,AVOID,1.17,115.67,118.6,111.56,126.82,133.87,False,0,0.0,0,,NO POSITION,,0.0,0,0,0,0.0,0.0,0.0,0.0,0.0,0.0,0.0,0,False,NO ACTION,No actual open position,NORMAL,NO ACTION,0.0,0.0,0.0,0.0,0.0,0.0,0.0,NOT APPLICABLE,0.0,exit_intelligence_engine_v1_1_position_state_aware,Strong trend | Warnings: Trade validation rejected | Validation status rejected | Entry timing rejected | Risk engine rejected | AI final decision restrictive | Institutional decision restrictive | Weak trade validation | Entry engine restrictive | Risk engine says no trade | Weak risk/reward | Weak smart money | Weak market | Weak sector
OLPM,OLP MODARABA,MODARABA,MODARABA,13JUL2026,24.88,-3.640588690937263,22846,568408.48,0.0,AVOID,22.6,77.4,18.78,51,50,NEUTRAL,0,REJECTED,AVOID,0,NO ENTRY,0.0,0,NO TRADE,REJECTED,AVOID,1.17,24.51,25.13,23.64,26.87,28.36,False,0,0.0,0,,NO POSITION,,0.0,0,0,0,0.0,0.0,0.0,0.0,0.0,0.0,0.0,0,False,NO ACTION,No actual open position,NORMAL,NO ACTION,0.0,0.0,0.0,0.0,0.0,0.0,0.0,NOT APPLICABLE,0.0,exit_intelligence_engine_v1_1_position_state_aware,Strong trend | Warnings: Trade validation rejected | Validation status rejected | Entry timing rejected | Risk engine rejected | AI final decision restrictive | Institutional decision restrictive | Weak trade validation | Entry engine restrictive | Risk engine says no trade | Weak risk/reward | Weak market
KOHTM,KOHAT TEXTILE,TEXTILE,TEXTILE MILLS,13JUL2026,146.56,-3.8257103484480504,146423,21459754.88,0.0,AVOID,18.36,81.64,18.78,36,50,NEUTRAL,0,REJECTED,AVOID,0,NO ENTRY,0.0,0,NO TRADE,REJECTED,AVOID,1.16,144.36,148.03,139.23,158.28,167.08,False,0,0.0,0,,NO POSITION,,0.0,0,0,0,0.0,0.0,0.0,0.0,0.0,0.0,0.0,0,False,NO ACTION,No actual open position,NORMAL,NO ACTION,0.0,0.0,0.0,0.0,0.0,0.0,0.0,NOT APPLICABLE,0.0,exit_intelligence_engine_v1_1_position_state_aware,Strong trend | Warnings: Trade validation rejected | Validation status rejected | Entry timing rejected | Risk engine rejected | AI final decision restrictive | Institutional decision restrictive | Weak trade validation | Entry engine restrictive | Risk engine says no trade | Weak risk/reward | Weak smart money | Weak market | Weak sector | Very high volatility
POWERPS,POWER CEM (PR),CEMENT,CEMENT / PREFERENCE SHARE,13JUL2026,29.29,0.0,100,2929.0,0.0,AVOID,23.38,76.62,18.77,64,60,NEUTRAL,0,REJECTED,AVOID,0,NO ENTRY,0.0,0,NO TRADE,REJECTED,AVOID,1.17,28.85,29.58,27.83,31.63,33.39,False,0,0.0,0,,NO POSITION,,0.0,0,0,0,0.0,0.0,0.0,0.0,0.0,0.0,0.0,0,False,NO ACTION,No actual open position,NORMAL,NO ACTION,0.0,0.0,0.0,0.0,0.0,0.0,0.0,NOT APPLICABLE,0.0,exit_intelligence_engine_v1_1_position_state_aware,Strong trend | Warnings: Trade validation rejected | Validation status rejected | Entry timing rejected | Risk engine rejected | AI final decision restrictive | Institutional decision restrictive | Weak trade validation | Entry engine restrictive | Risk engine says no trade | Weak risk/reward | Weak market | Weak sector
HUBC,HUB POWER CO.,POWER,UNKNOWN,13JUL2026,222.78,-1.8806430301695705,2457720,547530861.6,0.0,AVOID,16.22,83.78,18.77,43,40,NEUTRAL,0,REJECTED,AVOID,0,NO ENTRY,0.0,0,NO TRADE,REJECTED,AVOID,1.17,219.44,225.01,211.64,240.6,253.97,False,0,0.0,0,,NO POSITION,,0.0,0,0,0,0.0,0.0,0.0,0.0,0.0,0.0,0.0,0,False,NO ACTION,No actual open position,NORMAL,NO ACTION,0.0,0.0,0.0,0.0,0.0,0.0,0.0,NOT APPLICABLE,0.0,exit_intelligence_engine_v1_1_position_state_aware,Balanced multi-engine consensus | Warnings: Trade validation rejected | Validation status rejected | Entry timing rejected | Risk engine rejected | AI final decision restrictive | Institutional decision restrictive | Weak trade validation | Entry engine restrictive | Risk engine says no trade | Weak risk/reward | Weak smart money | Weak market | Weak sector
RUPL,RUPALI POLYESTER,TEXTILE,POLYESTER / TEXTILE,13JUL2026,31.78,1.3069811922218684,1057,33591.46,0.0,AVOID,22.82,77.18,18.75,50,55,NEUTRAL,0,REJECTED,AVOID,0,NO ENTRY,0.0,0,NO TRADE,REJECTED,AVOID,1.16,31.3,32.1,30.19,34.32,36.23,False,0,0.0,0,,NO POSITION,,0.0,0,0,0,0.0,0.0,0.0,0.0,0.0,0.0,0.0,0,False,NO ACTION,No actual open position,NORMAL,NO ACTION,0.0,0.0,0.0,0.0,0.0,0.0,0.0,NOT APPLICABLE,0.0,exit_intelligence_engine_v1_1_position_state_aware,Strong trend | Warnings: Trade validation rejected | Validation status rejected | Entry timing rejected | Risk engine rejected | AI final decision restrictive | Institutional decision restrictive | Weak trade validation | Entry engine restrictive | Risk engine says no trade | Weak risk/reward | Weak market | Weak sector
PIL,PICIC INS.LTD.,INSURANCE,GENERAL INSURANCE,13JUL2026,5.65,-1.3961605584642245,133016,751540.4,0.0,AVOID,22.78,77.22,18.74,51,50,NEUTRAL,0,REJECTED,AVOID,0,NO ENTRY,0.0,0,NO TRADE,REJECTED,AVOID,1.15,5.57,5.71,5.37,6.1,6.44,False,0,0.0,0,,NO POSITION,,0.0,0,0,0,0.0,0.0,0.0,0.0,0.0,0.0,0.0,0,False,NO ACTION,No actual open position,NORMAL,NO ACTION,0.0,0.0,0.0,0.0,0.0,0.0,0.0,NOT APPLICABLE,0.0,exit_intelligence_engine_v1_1_position_state_aware,Strong trend | Warnings: Trade validation rejected | Validation status rejected | Entry timing rejected | Risk engine rejected | AI final decision restrictive | Institutional decision restrictive | Weak trade validation | Entry engine restrictive | Risk engine says no trade | Weak risk/reward | Weak market | Weak sector | High volatility
AGHA,AGHA STEEL IND.,STEEL,UNKNOWN,13JUL2026,8.0,0.0,3861085,30888680.0,0.0,AVOID,17.89,82.11,18.73,42,40,NEUTRAL,0,REJECTED,AVOID,0,NO ENTRY,0.0,0,NO TRADE,REJECTED,AVOID,1.17,7.88,8.08,7.6,8.64,9.12,False,0,0.0,0,,NO POSITION,,0.0,0,0,0,0.0,0.0,0.0,0.0,0.0,0.0,0.0,0,False,NO ACTION,No actual open position,NORMAL,NO ACTION,0.0,0.0,0.0,0.0,0.0,0.0,0.0,NOT APPLICABLE,0.0,exit_intelligence_engine_v1_1_position_state_aware,Strong trend | Warnings: Trade validation rejected | Validation status rejected | Entry timing rejected | Risk engine rejected | AI final decision restrictive | Institutional decision restrictive | Weak trade validation | Entry engine restrictive | Risk engine says no trade | Weak risk/reward | Weak smart money | Weak market | Weak sector
TGL,TARIQ GLASS IND,GLASS & CERAMICS,GLASS MANUFACTURING,13JUL2026,193.94,-4.032856648028109,444115,86131663.1,0.0,AVOID,16.42,83.58,18.72,30,40,NEUTRAL,0,REJECTED,AVOID,0,NO ENTRY,0.0,0,NO TRADE,REJECTED,AVOID,1.17,191.03,195.88,184.24,209.46,221.09,False,0,0.0,0,,NO POSITION,,0.0,0,0,0,0.0,0.0,0.0,0.0,0.0,0.0,0.0,0,False,NO ACTION,No actual open position,NORMAL,NO ACTION,0.0,0.0,0.0,0.0,0.0,0.0,0.0,NOT APPLICABLE,0.0,exit_intelligence_engine_v1_1_position_state_aware,Strong trend | Warnings: Trade validation rejected | Validation status rejected | Entry timing rejected | Risk engine rejected | AI final decision restrictive | Institutional decision restrictive | Weak trade validation | Entry engine restrictive | Risk engine says no trade | Weak risk/reward | Weak smart money | Weak market
HINO,HINOPAK MOTOR,AUTOMOBILE,COMMERCIAL VEHICLES,13JUL2026,433.3,-0.6352191161969367,9455,4096851.5,0.0,AVOID,20.25,79.75,18.71,45,50,NEUTRAL,0,REJECTED,AVOID,0,NO ENTRY,0.0,0,NO TRADE,REJECTED,AVOID,1.17,426.8,437.63,411.63,467.96,493.96,False,0,0.0,0,,NO POSITION,,0.0,0,0,0,0.0,0.0,0.0,0.0,0.0,0.0,0.0,0,False,NO ACTION,No actual open position,NORMAL,NO ACTION,0.0,0.0,0.0,0.0,0.0,0.0,0.0,NOT APPLICABLE,0.0,exit_intelligence_engine_v1_1_position_state_aware,Strong trend | Warnings: Trade validation rejected | Validation status rejected | Entry timing rejected | Risk engine rejected | AI final decision restrictive | Institutional decision restrictive | Weak trade validation | Entry engine restrictive | Risk engine says no trade | Weak risk/reward | Weak market | Weak sector
PIBTL,PAK INT.BULK,TRANSPORT,UNKNOWN,13JUL2026,17.59,-2.114635503617134,7423340,130576550.6,0.0,AVOID,15.48,84.52,18.71,35,40,NEUTRAL,0,REJECTED,AVOID,0,NO ENTRY,0.0,0,NO TRADE,REJECTED,AVOID,1.16,17.33,17.77,16.71,19.0,20.05,False,0,0.0,0,,NO POSITION,,0.0,0,0,0,0.0,0.0,0.0,0.0,0.0,0.0,0.0,0,False,NO ACTION,No actual open position,NORMAL,NO ACTION,0.0,0.0,0.0,0.0,0.0,0.0,0.0,NOT APPLICABLE,0.0,exit_intelligence_engine_v1_1_position_state_aware,Balanced multi-engine consensus | Warnings: Trade validation rejected | Validation status rejected | Entry timing rejected | Risk engine rejected | AI final decision restrictive | Institutional decision restrictive | Weak trade validation | Entry engine restrictive | Risk engine says no trade | Weak risk/reward | Weak smart money | Weak market | Weak sector
BPL,BURSHANE LPG,OIL & GAS,LPG MARKETING,13JUL2026,57.4,-0.39909769217422164,123518,7089933.2,0.0,AVOID,18.73,81.27,18.7,39,50,NEUTRAL,0,REJECTED,AVOID,0,NO ENTRY,0.0,0,NO TRADE,REJECTED,AVOID,1.17,56.54,57.97,54.53,61.99,65.44,False,0,0.0,0,,NO POSITION,,0.0,0,0,0,0.0,0.0,0.0,0.0,0.0,0.0,0.0,0,False,NO ACTION,No actual open position,NORMAL,NO ACTION,0.0,0.0,0.0,0.0,0.0,0.0,0.0,NOT APPLICABLE,0.0,exit_intelligence_engine_v1_1_position_state_aware,Strong trend | Warnings: Trade validation rejected | Validation status rejected | Entry timing rejected | Risk engine rejected | AI final decision restrictive | Institutional decision restrictive | Weak trade validation | Entry engine restrictive | Risk engine says no trade | Weak risk/reward | Weak smart money | Weak market | Weak sector
FCCL,FAUJI CEMENT,CEMENT,UNKNOWN,13JUL2026,54.22,-2.9706513958482526,4541931,246263498.82,0.0,AVOID,15.17,84.83,18.7,35,40,NEUTRAL,0,REJECTED,AVOID,0,NO ENTRY,0.0,0,NO TRADE,REJECTED,AVOID,1.17,53.41,54.76,51.51,58.56,61.81,False,0,0.0,0,,NO POSITION,,0.0,0,0,0,0.0,0.0,0.0,0.0,0.0,0.0,0.0,0,False,NO ACTION,No actual open position,NORMAL,NO ACTION,0.0,0.0,0.0,0.0,0.0,0.0,0.0,NOT APPLICABLE,0.0,exit_intelligence_engine_v1_1_position_state_aware,Balanced multi-engine consensus | Warnings: Trade validation rejected | Validation status rejected | Entry timing rejected | Risk engine rejected | AI final decision restrictive | Institutional decision restrictive | Weak trade validation | Entry engine restrictive | Risk engine says no trade | Weak risk/reward | Weak smart money | Weak market | Weak sector
FSWL,FATEH SPORTS,TEXTILE,SPORTS TEXTILE,13JUL2026,206.2,-9.999563528436132,13183,2718334.5999999996,0.0,AVOID,19.08,80.92,18.68,43,50,NEUTRAL,0,REJECTED,AVOID,0,NO ENTRY,0.0,0,NO TRADE,REJECTED,AVOID,1.17,203.11,208.26,195.89,222.7,235.07,False,0,0.0,0,,NO POSITION,,0.0,0,0,0,0.0,0.0,0.0,0.0,0.0,0.0,0.0,0,False,NO ACTION,No actual open position,NORMAL,NO ACTION,0.0,0.0,0.0,0.0,0.0,0.0,0.0,NOT APPLICABLE,0.0,exit_intelligence_engine_v1_1_position_state_aware,Strong trend | Warnings: Trade validation rejected | Validation status rejected | Entry timing rejected | Risk engine rejected | AI final decision restrictive | Institutional decision restrictive | Weak trade validation | Entry engine restrictive | Risk engine says no trade | Weak risk/reward | Weak smart money | Weak market | Weak sector | High volatility
AGP,AGP LIMITED,PHARMA,UNKNOWN,13JUL2026,205.44,-2.727272727272723,172887,35517905.28,0.0,AVOID,16.03,83.97,18.68,36,40,NEUTRAL,4,REJECTED,AVOID,0,NO ENTRY,0.0,0,NO TRADE,REJECTED,AVOID,1.17,202.36,207.49,195.17,221.88,234.2,False,0,0.0,0,,NO POSITION,,0.0,0,0,0,0.0,0.0,0.0,0.0,0.0,0.0,0.0,0,False,NO ACTION,No actual open position,NORMAL,NO ACTION,0.0,0.0,0.0,0.0,0.0,0.0,0.0,NOT APPLICABLE,0.0,exit_intelligence_engine_v1_1_position_state_aware,Strong trend | Warnings: Trade validation rejected | Validation status rejected | Entry timing rejected | Risk engine rejected | AI final decision restrictive | Institutional decision restrictive | Weak trade validation | Entry engine restrictive | Risk engine says no trade | Weak risk/reward | Weak smart money | Weak market | Weak sector
AHTM,AHMED HASSAN,TEXTILE,TEXTILE MILLS,13JUL2026,95.08,0.0,231,21963.48,0.0,AVOID,21.9,78.1,18.67,51,50,NEUTRAL,0,REJECTED,AVOID,0,NO ENTRY,0.0,0,NO TRADE,REJECTED,AVOID,1.17,93.65,96.03,90.33,102.69,108.39,False,0,0.0,0,,NO POSITION,,0.0,0,0,0,0.0,0.0,0.0,0.0,0.0,0.0,0.0,0,False,NO ACTION,No actual open position,NORMAL,NO ACTION,0.0,0.0,0.0,0.0,0.0,0.0,0.0,NOT APPLICABLE,0.0,exit_intelligence_engine_v1_1_position_state_aware,Strong trend | Warnings: Trade validation rejected | Validation status rejected | Entry timing rejected | Risk engine rejected | AI final decision restrictive | Institutional decision restrictive | Weak trade validation | Entry engine restrictive | Risk engine says no trade | Weak risk/reward | Weak market | Weak sector | High volatility
STML,SHAMS TEXTILE,TEXTILE,TEXTILE MILLS,13JUL2026,47.42,0.0,23,1090.66,0.0,AVOID,21.88,78.12,18.66,51,50,NEUTRAL,0,REJECTED,AVOID,0,NO ENTRY,0.0,0,NO TRADE,REJECTED,AVOID,1.17,46.71,47.89,45.05,51.21,54.06,False,0,0.0,0,,NO POSITION,,0.0,0,0,0,0.0,0.0,0.0,0.0,0.0,0.0,0.0,0,False,NO ACTION,No actual open position,NORMAL,NO ACTION,0.0,0.0,0.0,0.0,0.0,0.0,0.0,NOT APPLICABLE,0.0,exit_intelligence_engine_v1_1_position_state_aware,Strong trend | Warnings: Trade validation rejected | Validation status rejected | Entry timing rejected | Risk engine rejected | AI final decision restrictive | Institutional decision restrictive | Weak trade validation | Entry engine restrictive | Risk engine says no trade | Weak risk/reward | Weak market | Weak sector
ASTL,AMRELI STEELS,STEEL,UNKNOWN,13JUL2026,16.7,-1.7647058823529453,1090093,18204553.099999998,0.0,AVOID,18.72,81.28,18.66,43,50,NEUTRAL,0,REJECTED,AVOID,0,NO ENTRY,0.0,0,NO TRADE,REJECTED,AVOID,1.16,16.45,16.87,15.86,18.04,19.04,False,0,0.0,0,,NO POSITION,,0.0,0,0,0,0.0,0.0,0.0,0.0,0.0,0.0,0.0,0,False,NO ACTION,No actual open position,NORMAL,NO ACTION,0.0,0.0,0.0,0.0,0.0,0.0,0.0,NOT APPLICABLE,0.0,exit_intelligence_engine_v1_1_position_state_aware,Strong trend | Warnings: Trade validation rejected | Validation status rejected | Entry timing rejected | Risk engine rejected | AI final decision restrictive | Institutional decision restrictive | Weak trade validation | Entry engine restrictive | Risk engine says no trade | Weak risk/reward | Weak smart money | Weak market | Weak sector
FML,FEROZE 1888,TEXTILE,TOWEL / TEXTILE,13JUL2026,60.87,-3.442258883248734,51703,3147161.61,0.0,AVOID,19.05,80.95,18.64,38,50,NEUTRAL,0,REJECTED,AVOID,0,NO ENTRY,0.0,0,NO TRADE,REJECTED,AVOID,1.17,59.96,61.48,57.83,65.74,69.39,False,0,0.0,0,,NO POSITION,,0.0,0,0,0,0.0,0.0,0.0,0.0,0.0,0.0,0.0,0,False,NO ACTION,No actual open position,NORMAL,NO ACTION,0.0,0.0,0.0,0.0,0.0,0.0,0.0,NOT APPLICABLE,0.0,exit_intelligence_engine_v1_1_position_state_aware,Strong trend | Warnings: Trade validation rejected | Validation status rejected | Entry timing rejected | Risk engine rejected | AI final decision restrictive | Institutional decision restrictive | Weak trade validation | Entry engine restrictive | Risk engine says no trade | Weak risk/reward | Weak smart money | Weak market | Weak sector
PPL,PAK PETROLEUM,OIL_GAS,UNKNOWN,13JUL2026,232.42,-1.7459310927922314,3092517,718762801.14,0.0,AVOID,15.24,84.76,18.63,43,40,NEUTRAL,0,REJECTED,AVOID,0,NO ENTRY,0.0,0,NO TRADE,REJECTED,AVOID,1.17,228.93,234.74,220.8,251.01,264.96,False,0,0.0,0,,NO POSITION,,0.0,0,0,0,0.0,0.0,0.0,0.0,0.0,0.0,0.0,0,False,NO ACTION,No actual open position,NORMAL,NO ACTION,0.0,0.0,0.0,0.0,0.0,0.0,0.0,NOT APPLICABLE,0.0,exit_intelligence_engine_v1_1_position_state_aware,Balanced multi-engine consensus | Warnings: Trade validation rejected | Validation status rejected | Entry timing rejected | Risk engine rejected | AI final decision restrictive | Institutional decision restrictive | Weak trade validation | Entry engine restrictive | Risk engine says no trade | Weak risk/reward | Weak smart money | Weak market | Weak sector
PRWM,PROSPERITY WEAVING,TEXTILE,WEAVING,13JUL2026,76.72,-5.225447807288455,10548,809242.5599999999,0.0,AVOID,21.67,78.33,18.62,51,50,NEUTRAL,0,REJECTED,AVOID,0,NO ENTRY,0.0,0,NO TRADE,REJECTED,AVOID,1.16,75.57,77.49,72.88,82.86,87.46,False,0,0.0,0,,NO POSITION,,0.0,0,0,0,0.0,0.0,0.0,0.0,0.0,0.0,0.0,0,False,NO ACTION,No actual open position,NORMAL,NO ACTION,0.0,0.0,0.0,0.0,0.0,0.0,0.0,NOT APPLICABLE,0.0,exit_intelligence_engine_v1_1_position_state_aware,Strong trend | Warnings: Trade validation rejected | Validation status rejected | Entry timing rejected | Risk engine rejected | AI final decision restrictive | Institutional decision restrictive | Weak trade validation | Entry engine restrictive | Risk engine says no trade | Weak risk/reward | Weak market | Weak sector
DOL,DESCON OXYCHEM,CHEMICAL,UNKNOWN,13JUL2026,32.11,-2.133495885400801,436130,14004134.299999999,0.0,AVOID,17.74,82.26,18.61,34,40,NEUTRAL,0,REJECTED,AVOID,0,NO ENTRY,0.0,0,NO TRADE,REJECTED,AVOID,1.17,31.63,32.43,30.5,34.68,36.61,False,0,0.0,0,,NO POSITION,,0.0,0,0,0,0.0,0.0,0.0,0.0,0.0,0.0,0.0,0,False,NO ACTION,No actual open position,NORMAL,NO ACTION,0.0,0.0,0.0,0.0,0.0,0.0,0.0,NOT APPLICABLE,0.0,exit_intelligence_engine_v1_1_position_state_aware,Strong trend | Warnings: Trade validation rejected | Validation status rejected | Entry timing rejected | Risk engine rejected | AI final decision restrictive | Institutional decision restrictive | Weak trade validation | Entry engine restrictive | Risk engine says no trade | Weak risk/reward | Weak smart money | Weak market
UDLI,UDL INT.LTD.,FOOD,FOOD DISTRIBUTION,13JUL2026,18.8,0.37373198077949965,37088,697254.4,0.0,AVOID,22.21,77.79,18.6,56,50,NEUTRAL,0,REJECTED,AVOID,0,NO ENTRY,0.0,0,NO TRADE,REJECTED,AVOID,1.16,18.52,18.99,17.86,20.3,21.43,False,0,0.0,0,,NO POSITION,,0.0,0,0,0,0.0,0.0,0.0,0.0,0.0,0.0,0.0,0,False,NO ACTION,No actual open position,NORMAL,NO ACTION,0.0,0.0,0.0,0.0,0.0,0.0,0.0,NOT APPLICABLE,0.0,exit_intelligence_engine_v1_1_position_state_aware,Strong trend | Warnings: Trade validation rejected | Validation status rejected | Entry timing rejected | Risk engine rejected | AI final decision restrictive | Institutional decision restrictive | Weak trade validation | Entry engine restrictive | Risk engine says no trade | Weak risk/reward | Weak market | Weak sector
UVIC,UNIVERSAL INS.,INSURANCE,GENERAL INSURANCE,13JUL2026,25.0,0.0,2858,71450.0,0.0,AVOID,21.41,78.59,18.6,51,50,NEUTRAL,0,REJECTED,AVOID,0,NO ENTRY,0.0,0,NO TRADE,REJECTED,AVOID,1.17,24.62,25.25,23.75,27.0,28.5,False,0,0.0,0,,NO POSITION,,0.0,0,0,0,0.0,0.0,0.0,0.0,0.0,0.0,0.0,0,False,NO ACTION,No actual open position,NORMAL,NO ACTION,0.0,0.0,0.0,0.0,0.0,0.0,0.0,NOT APPLICABLE,0.0,exit_intelligence_engine_v1_1_position_state_aware,Strong trend | Warnings: Trade validation rejected | Validation status rejected | Entry timing rejected | Risk engine rejected | AI final decision restrictive | Institutional decision restrictive | Weak trade validation | Entry engine restrictive | Risk engine says no trade | Weak risk/reward | Weak market | Weak sector
ICCI,ICC INDUSTRIES,ENGINEERING,INDUSTRIAL MANUFACTURING,13JUL2026,14.11,-1.3286713286713376,22354,315414.94,0.0,AVOID,21.41,78.59,18.59,51,50,NEUTRAL,0,REJECTED,AVOID,0,NO ENTRY,0.0,0,NO TRADE,REJECTED,AVOID,1.16,13.9,14.25,13.4,15.24,16.09,False,0,0.0,0,,NO POSITION,,0.0,0,0,0,0.0,0.0,0.0,0.0,0.0,0.0,0.0,0,False,NO ACTION,No actual open position,NORMAL,NO ACTION,0.0,0.0,0.0,0.0,0.0,0.0,0.0,NOT APPLICABLE,0.0,exit_intelligence_engine_v1_1_position_state_aware,Strong trend | Warnings: Trade validation rejected | Validation status rejected | Entry timing rejected | Risk engine rejected | AI final decision restrictive | Institutional decision restrictive | Weak trade validation | Entry engine restrictive | Risk engine says no trade | Weak risk/reward | Weak market | Weak sector
PAKOXY,PAK OXYGEN LTD.,CHEMICAL,INDUSTRIAL GASES,13JUL2026,298.0,-0.31444437010771314,1877,559346.0,0.0,AVOID,21.28,78.72,18.58,51,50,NEUTRAL,0,REJECTED,AVOID,0,NO ENTRY,0.0,0,NO TRADE,REJECTED,AVOID,1.17,293.53,300.98,283.1,321.84,339.72,False,0,0.0,0,,NO POSITION,,0.0,0,0,0,0.0,0.0,0.0,0.0,0.0,0.0,0.0,0,False,NO ACTION,No actual open position,NORMAL,NO ACTION,0.0,0.0,0.0,0.0,0.0,0.0,0.0,NOT APPLICABLE,0.0,exit_intelligence_engine_v1_1_position_state_aware,Strong trend | Warnings: Trade validation rejected | Validation status rejected | Entry timing rejected | Risk engine rejected | AI final decision restrictive | Institutional decision restrictive | Weak trade validation | Entry engine restrictive | Risk engine says no trade | Weak risk/reward | Weak market
ARMG,ARM GREEN INDUS.,ENGINEERING,INDUSTRIAL MANUFACTURING,13JUL2026,66.05,0.39519683842527875,1485,98084.25,0.0,AVOID,21.45,78.55,18.56,56,55,NEUTRAL,0,REJECTED,AVOID,0,NO ENTRY,0.0,0,NO TRADE,REJECTED,AVOID,1.17,65.06,66.71,62.75,71.33,75.3,False,0,0.0,0,,NO POSITION,,0.0,0,0,0,0.0,0.0,0.0,0.0,0.0,0.0,0.0,0,False,NO ACTION,No actual open position,NORMAL,NO ACTION,0.0,0.0,0.0,0.0,0.0,0.0,0.0,NOT APPLICABLE,0.0,exit_intelligence_engine_v1_1_position_state_aware,Strong trend | Warnings: Trade validation rejected | Validation status rejected | Entry timing rejected | Risk engine rejected | AI final decision restrictive | Institutional decision restrictive | Weak trade validation | Entry engine restrictive | Risk engine says no trade | Weak risk/reward | Weak market | Weak sector | High volatility
NEXT,NEXT CAPITAL,INVESTMENT,UNKNOWN,13JUL2026,16.18,-6.63589151759953,36339,587965.02,0.0,AVOID,21.1,78.9,18.56,51,50,NEUTRAL,0,REJECTED,AVOID,0,NO ENTRY,0.0,0,NO TRADE,REJECTED,AVOID,1.16,15.94,16.34,15.37,17.47,18.45,False,0,0.0,0,,NO POSITION,,0.0,0,0,0,0.0,0.0,0.0,0.0,0.0,0.0,0.0,0,False,NO ACTION,No actual open position,NORMAL,NO ACTION,0.0,0.0,0.0,0.0,0.0,0.0,0.0,NOT APPLICABLE,0.0,exit_intelligence_engine_v1_1_position_state_aware,Strong trend | Warnings: Trade validation rejected | Validation status rejected | Entry timing rejected | Risk engine rejected | AI final decision restrictive | Institutional decision restrictive | Weak trade validation | Entry engine restrictive | Risk engine says no trade | Weak risk/reward | Weak market | Weak sector | High volatility
HUSI,HUSSAIN INDUSTRIES,TEXTILE,TEXTILE / INDUSTRIAL,13JUL2026,52.06,0.0,416,21656.96,0.0,AVOID,21.09,78.91,18.56,51,50,NEUTRAL,0,REJECTED,AVOID,0,NO ENTRY,0.0,0,NO TRADE,REJECTED,AVOID,1.17,51.28,52.58,49.46,56.22,59.35,False,0,0.0,0,,NO POSITION,,0.0,0,0,0,0.0,0.0,0.0,0.0,0.0,0.0,0.0,0,False,NO ACTION,No actual open position,NORMAL,NO ACTION,0.0,0.0,0.0,0.0,0.0,0.0,0.0,NOT APPLICABLE,0.0,exit_intelligence_engine_v1_1_position_state_aware,Strong trend | Warnings: Trade validation rejected | Validation status rejected | Entry timing rejected | Risk engine rejected | AI final decision restrictive | Institutional decision restrictive | Weak trade validation | Entry engine restrictive | Risk engine says no trade | Weak risk/reward | Weak market | Weak sector | High volatility
AATM,ALI ASGHAR TEXTILE,TEXTILE,TEXTILE MILLS,13JUL2026,63.91,-2.308162641394077,3893,248801.62999999998,0.0,AVOID,21.08,78.92,18.55,51,50,NEUTRAL,0,REJECTED,AVOID,0,NO ENTRY,0.0,0,NO TRADE,REJECTED,AVOID,1.16,62.95,64.55,60.71,69.02,72.86,False,0,0.0,0,,NO POSITION,,0.0,0,0,0,0.0,0.0,0.0,0.0,0.0,0.0,0.0,0,False,NO ACTION,No actual open position,NORMAL,NO ACTION,0.0,0.0,0.0,0.0,0.0,0.0,0.0,NOT APPLICABLE,0.0,exit_intelligence_engine_v1_1_position_state_aware,Strong trend | Warnings: Trade validation rejected | Validation status rejected | Entry timing rejected | Risk engine rejected | AI final decision restrictive | Institutional decision restrictive | Weak trade validation | Entry engine restrictive | Risk engine says no trade | Weak risk/reward | Weak market | Weak sector | High volatility
SELECT,SELECT TECHNOLOGIES,UNKNOWN,UNKNOWN,13JUL2026,31.59,-7.088235294117648,7240945,228741452.55,0.0,AVOID,14.33,85.67,18.55,37,40,NEUTRAL,0,REJECTED,AVOID,0,NO ENTRY,0.0,0,NO TRADE,REJECTED,AVOID,1.16,31.12,31.91,30.01,34.12,36.01,False,0,0.0,0,,NO POSITION,,0.0,0,0,0,0.0,0.0,0.0,0.0,0.0,0.0,0.0,0,False,NO ACTION,No actual open position,NORMAL,NO ACTION,0.0,0.0,0.0,0.0,0.0,0.0,0.0,NOT APPLICABLE,0.0,exit_intelligence_engine_v1_1_position_state_aware,Sector supportive || Warnings: Trade validation rejected | Validation status rejected | Entry timing rejected | Risk engine rejected | AI final decision restrictive | Institutional decision restrictive | Weak trade validation | Entry engine restrictive | Risk engine says no trade | Weak risk/reward | Weak smart money | Weak market
SNGP,SUI NORTH GAS,OIL_GAS,UNKNOWN,13JUL2026,110.77,-1.4501779359430689,1583673,175423458.21,0.0,AVOID,14.13,85.87,18.55,30,40,NEUTRAL,0,REJECTED,AVOID,0,NO ENTRY,0.0,0,NO TRADE,REJECTED,AVOID,1.17,109.11,111.88,105.23,119.63,126.28,False,0,0.0,0,,NO POSITION,,0.0,0,0,0,0.0,0.0,0.0,0.0,0.0,0.0,0.0,0,False,NO ACTION,No actual open position,NORMAL,NO ACTION,0.0,0.0,0.0,0.0,0.0,0.0,0.0,NOT APPLICABLE,0.0,exit_intelligence_engine_v1_1_position_state_aware,Balanced multi-engine consensus | Warnings: Trade validation rejected | Validation status rejected | Entry timing rejected | Risk engine rejected | AI final decision restrictive | Institutional decision restrictive | Weak trade validation | Entry engine restrictive | Risk engine says no trade | Weak risk/reward | Weak smart money | Weak market | Weak sector
JSGCL,JS GLOBAL CAP.,SECURITIES,BROKERAGE / CAPITAL,13JUL2026,168.36,4.714516730936691,1164,195971.04,0.0,AVOID,21.38,78.62,18.54,51,50,NEUTRAL,0,REJECTED,AVOID,0,NO ENTRY,0.0,0,NO TRADE,REJECTED,AVOID,1.17,165.83,170.04,159.94,181.83,191.93,False,0,0.0,0,,NO POSITION,,0.0,0,0,0,0.0,0.0,0.0,0.0,0.0,0.0,0.0,0,False,NO ACTION,No actual open position,NORMAL,NO ACTION,0.0,0.0,0.0,0.0,0.0,0.0,0.0,NOT APPLICABLE,0.0,exit_intelligence_engine_v1_1_position_state_aware,Strong trend | Warnings: Trade validation rejected | Validation status rejected | Entry timing rejected | Risk engine rejected | AI final decision restrictive | Institutional decision restrictive | Weak trade validation | Entry engine restrictive | Risk engine says no trade | Weak risk/reward | Weak market | Weak sector
JUBS,JUBILEE SPINNING,TEXTILE,SPINNING,13JUL2026,55.7,0.0,12,668.4000000000001,0.0,AVOID,21.07,78.93,18.54,51,50,NEUTRAL,0,REJECTED,AVOID,0,NO ENTRY,0.0,0,NO TRADE,REJECTED,AVOID,1.16,54.86,56.26,52.91,60.16,63.5,False,0,0.0,0,,NO POSITION,,0.0,0,0,0,0.0,0.0,0.0,0.0,0.0,0.0,0.0,0,False,NO ACTION,No actual open position,NORMAL,NO ACTION,0.0,0.0,0.0,0.0,0.0,0.0,0.0,NOT APPLICABLE,0.0,exit_intelligence_engine_v1_1_position_state_aware,Strong trend | Warnings: Trade validation rejected | Validation status rejected | Entry timing rejected | Risk engine rejected | AI final decision restrictive | Institutional decision restrictive | Weak trade validation | Entry engine restrictive | Risk engine says no trade | Weak risk/reward | Weak market | Weak sector
LEUL,LEATHER UP LTD.,LEATHER,LEATHER PRODUCTS,13JUL2026,45.59,-2.2931847406772254,24200,1103278.0,0.0,AVOID,18.96,81.04,18.54,46,50,NEUTRAL,0,REJECTED,AVOID,0,NO ENTRY,0.0,0,NO TRADE,REJECTED,AVOID,1.16,44.91,46.05,43.31,49.24,51.97,False,0,0.0,0,,NO POSITION,,0.0,0,0,0,0.0,0.0,0.0,0.0,0.0,0.0,0.0,0,False,NO ACTION,No actual open position,NORMAL,NO ACTION,0.0,0.0,0.0,0.0,0.0,0.0,0.0,NOT APPLICABLE,0.0,exit_intelligence_engine_v1_1_position_state_aware,Strong trend | Warnings: Trade validation rejected | Validation status rejected | Entry timing rejected | Risk engine rejected | AI final decision restrictive | Institutional decision restrictive | Weak trade validation | Entry engine restrictive | Risk engine says no trade | Weak risk/reward | Weak market | Weak sector | High volatility
SHSML,SHAHMURAD SUGAR,SUGAR,SUGAR MILLS,13JUL2026,390.01,-2.5218695326168534,8531,3327175.31,0.0,AVOID,18.86,81.14,18.54,43,50,NEUTRAL,0,REJECTED,AVOID,0,NO ENTRY,0.0,0,NO TRADE,REJECTED,AVOID,1.17,384.16,393.91,370.51,421.21,444.61,False,0,0.0,0,,NO POSITION,,0.0,0,0,0,0.0,0.0,0.0,0.0,0.0,0.0,0.0,0,False,NO ACTION,No actual open position,NORMAL,NO ACTION,0.0,0.0,0.0,0.0,0.0,0.0,0.0,NOT APPLICABLE,0.0,exit_intelligence_engine_v1_1_position_state_aware,Strong trend | Warnings: Trade validation rejected | Validation status rejected | Entry timing rejected | Risk engine rejected | AI final decision restrictive | Institutional decision restrictive | Weak trade validation | Entry engine restrictive | Risk engine says no trade | Weak risk/reward | Weak smart money | Weak market
PAKL,PAK LEATHER,LEATHER,LEATHER PRODUCTS,13JUL2026,57.59,-3.8243152972611876,11393,656122.87,0.0,AVOID,20.88,79.12,18.53,51,50,NEUTRAL,0,REJECTED,AVOID,0,NO ENTRY,0.0,0,NO TRADE,REJECTED,AVOID,1.16,56.73,58.17,54.71,62.2,65.65,False,0,0.0,0,,NO POSITION,,0.0,0,0,0,0.0,0.0,0.0,0.0,0.0,0.0,0.0,0,False,NO ACTION,No actual open position,NORMAL,NO ACTION,0.0,0.0,0.0,0.0,0.0,0.0,0.0,NOT APPLICABLE,0.0,exit_intelligence_engine_v1_1_position_state_aware,Strong trend | Warnings: Trade validation rejected | Validation status rejected | Entry timing rejected | Risk engine rejected | AI final decision restrictive | Institutional decision restrictive | Weak trade validation | Entry engine restrictive | Risk engine says no trade | Weak risk/reward | Weak market | Weak sector | High volatility
ZIL,ZIL LIMITED,CONSUMER GOODS,PERSONAL CARE,13JUL2026,370.03,-3.898296280905892,1521,562815.63,0.0,AVOID,20.36,79.64,18.51,50,50,NEUTRAL,0,REJECTED,AVOID,0,NO ENTRY,0.0,0,NO TRADE,REJECTED,AVOID,1.17,364.48,373.73,351.53,399.63,421.83,False,0,0.0,0,,NO POSITION,,0.0,0,0,0,0.0,0.0,0.0,0.0,0.0,0.0,0.0,0,False,NO ACTION,No actual open position,NORMAL,NO ACTION,0.0,0.0,0.0,0.0,0.0,0.0,0.0,NOT APPLICABLE,0.0,exit_intelligence_engine_v1_1_position_state_aware,Strong trend | Warnings: Trade validation rejected | Validation status rejected | Entry timing rejected | Risk engine rejected | AI final decision restrictive | Institutional decision restrictive | Weak trade validation | Entry engine restrictive | Risk engine says no trade | Weak risk/reward | Weak market
MIRKS,MIRPURKHAS SUGAR,SUGAR,SUGAR MILLS,13JUL2026,35.98,1.095813430738953,38593,1388576.14,0.0,AVOID,18.56,81.44,18.5,43,50,NEUTRAL,0,REJECTED,AVOID,0,NO ENTRY,0.0,0,NO TRADE,REJECTED,AVOID,1.17,35.44,36.34,34.18,38.86,41.02,False,0,0.0,0,,NO POSITION,,0.0,0,0,0,0.0,0.0,0.0,0.0,0.0,0.0,0.0,0,False,NO ACTION,No actual open position,NORMAL,NO ACTION,0.0,0.0,0.0,0.0,0.0,0.0,0.0,NOT APPLICABLE,0.0,exit_intelligence_engine_v1_1_position_state_aware,Strong trend | Warnings: Trade validation rejected | Validation status rejected | Entry timing rejected | Risk engine rejected | AI final decision restrictive | Institutional decision restrictive | Weak trade validation | Entry engine restrictive | Risk engine says no trade | Weak risk/reward | Weak smart money | Weak market
KEL,K-ELECTRIC LTD.,POWER,UNKNOWN,13JUL2026,7.93,-2.098765432098765,29610051,234807704.42999998,0.0,AVOID,14.17,85.83,18.5,35,40,NEUTRAL,0,REJECTED,AVOID,0,NO ENTRY,0.0,0,NO TRADE,REJECTED,AVOID,1.15,7.81,8.01,7.53,8.56,9.04,False,0,0.0,0,,NO POSITION,,0.0,0,0,0,0.0,0.0,0.0,0.0,0.0,0.0,0.0,0,False,NO ACTION,No actual open position,NORMAL,NO ACTION,0.0,0.0,0.0,0.0,0.0,0.0,0.0,NOT APPLICABLE,0.0,exit_intelligence_engine_v1_1_position_state_aware,Balanced multi-engine consensus | Warnings: Trade validation rejected | Validation status rejected | Entry timing rejected | Risk engine rejected | AI final decision restrictive | Institutional decision restrictive | Weak trade validation | Entry engine restrictive | Risk engine says no trade | Weak risk/reward | Weak smart money | Weak market | Weak sector
PCAL,PAKISTAN CABLES-,CABLES,ELECTRIC CABLES,13JUL2026,174.26,-2.707833175143779,3038,529401.88,0.0,AVOID,20.52,79.48,18.49,50,50,NEUTRAL,0,REJECTED,AVOID,0,NO ENTRY,0.0,0,NO TRADE,REJECTED,AVOID,1.17,171.65,176.0,165.55,188.2,198.66,False,0,0.0,0,,NO POSITION,,0.0,0,0,0,0.0,0.0,0.0,0.0,0.0,0.0,0.0,0,False,NO ACTION,No actual open position,NORMAL,NO ACTION,0.0,0.0,0.0,0.0,0.0,0.0,0.0,NOT APPLICABLE,0.0,exit_intelligence_engine_v1_1_position_state_aware,Strong trend | Warnings: Trade validation rejected | Validation status rejected | Entry timing rejected | Risk engine rejected | AI final decision restrictive | Institutional decision restrictive | Weak trade validation | Entry engine restrictive | Risk engine says no trade | Weak risk/reward | Weak market | Weak sector
FLYNG,FLYING CEMENT,CEMENT,CEMENT MANUFACTURING,13JUL2026,45.19,-0.4844747852895813,26664,1204946.16,0.0,AVOID,18.48,81.52,18.49,45,50,NEUTRAL,0,REJECTED,AVOID,0,NO ENTRY,0.0,0,NO TRADE,REJECTED,AVOID,1.17,44.51,45.64,42.93,48.81,51.52,False,0,0.0,0,,NO POSITION,,0.0,0,0,0,0.0,0.0,0.0,0.0,0.0,0.0,0.0,0,False,NO ACTION,No actual open position,NORMAL,NO ACTION,0.0,0.0,0.0,0.0,0.0,0.0,0.0,NOT APPLICABLE,0.0,exit_intelligence_engine_v1_1_position_state_aware,Strong trend | Warnings: Trade validation rejected | Validation status rejected | Entry timing rejected | Risk engine rejected | AI final decision restrictive | Institutional decision restrictive | Weak trade validation | Entry engine restrictive | Risk engine says no trade | Weak risk/reward | Weak market | Weak sector
ITANZ,ITANZ TECHNOLOGIES,TECHNOLOGY,IT SERVICES,13JUL2026,41.58,-3.076923076923078,1749105,72727785.89999999,0.0,AVOID,15.02,84.98,18.48,31,40,NEUTRAL,0,REJECTED,AVOID,0,NO ENTRY,0.0,0,NO TRADE,REJECTED,AVOID,1.16,40.96,42.0,39.5,44.91,47.4,False,0,0.0,0,,NO POSITION,,0.0,0,0,0,0.0,0.0,0.0,0.0,0.0,0.0,0.0,0,False,NO ACTION,No actual open position,NORMAL,NO ACTION,0.0,0.0,0.0,0.0,0.0,0.0,0.0,NOT APPLICABLE,0.0,exit_intelligence_engine_v1_1_position_state_aware,Strong trend | Warnings: Trade validation rejected | Validation status rejected | Entry timing rejected | Risk engine rejected | AI final decision restrictive | Institutional decision restrictive | Weak trade validation | Entry engine restrictive | Risk engine says no trade | Weak risk/reward | Weak smart money | Weak market | Weak sector | High volatility
FPRM,PARAMOUNT MOD,MODARABA,MODARABA,13JUL2026,14.1,0.42735042735043094,3060,43146.0,0.0,AVOID,21.25,78.75,18.47,51,50,NEUTRAL,0,REJECTED,AVOID,0,NO ENTRY,0.0,0,NO TRADE,REJECTED,AVOID,1.16,13.89,14.24,13.39,15.23,16.07,False,0,0.0,0,,NO POSITION,,0.0,0,0,0,0.0,0.0,0.0,0.0,0.0,0.0,0.0,0,False,NO ACTION,No actual open position,NORMAL,NO ACTION,0.0,0.0,0.0,0.0,0.0,0.0,0.0,NOT APPLICABLE,0.0,exit_intelligence_engine_v1_1_position_state_aware,Strong trend | Warnings: Trade validation rejected | Validation status rejected | Entry timing rejected | Risk engine rejected | AI final decision restrictive | Institutional decision restrictive | Weak trade validation | Entry engine restrictive | Risk engine says no trade | Weak risk/reward | Weak market
ALTN,ALTERN ENERGY,POWER,INDEPENDENT POWER PRODUCER,13JUL2026,8.36,0.966183574879228,687690,5749088.399999999,0.0,AVOID,17.38,82.62,18.47,47,45,NEUTRAL,0,REJECTED,AVOID,0,NO ENTRY,0.0,0,NO TRADE,REJECTED,AVOID,1.18,8.23,8.44,7.94,9.03,9.53,False,0,0.0,0,,NO POSITION,,0.0,0,0,0,0.0,0.0,0.0,0.0,0.0,0.0,0.0,0,False,NO ACTION,No actual open position,NORMAL,NO ACTION,0.0,0.0,0.0,0.0,0.0,0.0,0.0,NOT APPLICABLE,0.0,exit_intelligence_engine_v1_1_position_state_aware,Balanced multi-engine consensus | Warnings: Trade validation rejected | Validation status rejected | Entry timing rejected | Risk engine rejected | AI final decision restrictive | Institutional decision restrictive | Weak trade validation | Entry engine restrictive | Risk engine says no trade | Weak risk/reward | Weak market | Weak sector
BNWM,BANNU WOOLLEN,TEXTILE,WOOLLEN / TEXTILE,13JUL2026,68.15,-0.1172504763300576,1952,133028.80000000002,0.0,AVOID,20.2,79.8,18.46,51,50,NEUTRAL,0,REJECTED,AVOID,0,NO ENTRY,0.0,0,NO TRADE,REJECTED,AVOID,1.17,67.13,68.83,64.74,73.6,77.69,False,0,0.0,0,,NO POSITION,,0.0,0,0,0,0.0,0.0,0.0,0.0,0.0,0.0,0.0,0,False,NO ACTION,No actual open position,NORMAL,NO ACTION,0.0,0.0,0.0,0.0,0.0,0.0,0.0,NOT APPLICABLE,0.0,exit_intelligence_engine_v1_1_position_state_aware,Strong trend | Warnings: Trade validation rejected | Validation status rejected | Entry timing rejected | Risk engine rejected | AI final decision restrictive | Institutional decision restrictive | Weak trade validation | Entry engine restrictive | Risk engine says no trade | Weak risk/reward | Weak market | Weak sector
PAKQATAR,PAK QATAR FAMILY,INSURANCE,LIFE INSURANCE,13JUL2026,22.48,-1.4467338886453236,558532,12555799.36,0.0,AVOID,16.97,83.03,18.46,36,40,NEUTRAL,0,REJECTED,AVOID,0,NO ENTRY,0.0,0,NO TRADE,REJECTED,AVOID,1.18,22.14,22.7,21.36,24.28,25.63,False,0,0.0,0,,NO POSITION,,0.0,0,0,0,0.0,0.0,0.0,0.0,0.0,0.0,0.0,0,False,NO ACTION,No actual open position,NORMAL,NO ACTION,0.0,0.0,0.0,0.0,0.0,0.0,0.0,NOT APPLICABLE,0.0,exit_intelligence_engine_v1_1_position_state_aware,Strong trend | Warnings: Trade validation rejected | Validation status rejected | Entry timing rejected | Risk engine rejected | AI final decision restrictive | Institutional decision restrictive | Weak trade validation | Entry engine restrictive | Risk engine says no trade | Weak risk/reward | Weak smart money | Weak market | Weak sector
GAMON,GAMMON PAK,CONSTRUCTION,CONSTRUCTION,13JUL2026,21.0,0.9615384615384581,5296,111216.0,0.0,AVOID,20.91,79.09,18.45,50,55,NEUTRAL,0,REJECTED,AVOID,0,NO ENTRY,0.0,0,NO TRADE,REJECTED,AVOID,1.17,20.68,21.21,19.95,22.68,23.94,False,0,0.0,0,,NO POSITION,,0.0,0,0,0,0.0,0.0,0.0,0.0,0.0,0.0,0.0,0,False,NO ACTION,No actual open position,NORMAL,NO ACTION,0.0,0.0,0.0,0.0,0.0,0.0,0.0,NOT APPLICABLE,0.0,exit_intelligence_engine_v1_1_position_state_aware,Strong trend | Warnings: Trade validation rejected | Validation status rejected | Entry timing rejected | Risk engine rejected | AI final decision restrictive | Institutional decision restrictive | Weak trade validation | Entry engine restrictive | Risk engine says no trade | Weak risk/reward | Weak market
INIL,INT. IND.LTD.,STEEL,UNKNOWN,13JUL2026,171.92,-2.4567375886524894,87070,14969074.399999999,0.0,AVOID,17.08,82.92,18.45,38,50,NEUTRAL,0,REJECTED,AVOID,0,NO ENTRY,0.0,0,NO TRADE,REJECTED,AVOID,1.17,169.34,173.64,163.32,185.67,195.99,False,0,0.0,0,,NO POSITION,,0.0,0,0,0,0.0,0.0,0.0,0.0,0.0,0.0,0.0,0,False,NO ACTION,No actual open position,NORMAL,NO ACTION,0.0,0.0,0.0,0.0,0.0,0.0,0.0,NOT APPLICABLE,0.0,exit_intelligence_engine_v1_1_position_state_aware,Strong trend | Warnings: Trade validation rejected | Validation status rejected | Entry timing rejected | Risk engine rejected | AI final decision restrictive | Institutional decision restrictive | Weak trade validation | Entry engine restrictive | Risk engine says no trade | Weak risk/reward | Weak smart money | Weak market | Weak sector
NCML,NAZIR COTTON MILLS,TEXTILE,COTTON / TEXTILE,13JUL2026,14.9,0.9485094850948549,19851,295779.9,0.0,AVOID,20.63,79.37,18.44,50,55,NEUTRAL,0,REJECTED,AVOID,0,NO ENTRY,0.0,0,NO TRADE,REJECTED,AVOID,1.16,14.68,15.05,14.15,16.09,16.99,False,0,0.0,0,,NO POSITION,,0.0,0,0,0,0.0,0.0,0.0,0.0,0.0,0.0,0.0,0,False,NO ACTION,No actual open position,NORMAL,NO ACTION,0.0,0.0,0.0,0.0,0.0,0.0,0.0,NOT APPLICABLE,0.0,exit_intelligence_engine_v1_1_position_state_aware,Strong trend | Warnings: Trade validation rejected | Validation status rejected | Entry timing rejected | Risk engine rejected | AI final decision restrictive | Institutional decision restrictive | Weak trade validation | Entry engine restrictive | Risk engine says no trade | Weak risk/reward | Weak market | Weak sector
AICL,ADAMJEE INS.,INSURANCE,UNKNOWN,13JUL2026,80.26,-0.0871405452508318,265619,21318580.94,0.0,AVOID,15.71,84.29,18.44,37,40,NEUTRAL,0,REJECTED,AVOID,0,NO ENTRY,0.0,0,NO TRADE,REJECTED,AVOID,1.17,79.06,81.06,76.25,86.68,91.5,False,0,0.0,0,,NO POSITION,,0.0,0,0,0,0.0,0.0,0.0,0.0,0.0,0.0,0.0,0,False,NO ACTION,No actual open position,NORMAL,NO ACTION,0.0,0.0,0.0,0.0,0.0,0.0,0.0,NOT APPLICABLE,0.0,exit_intelligence_engine_v1_1_position_state_aware,Strong trend | Warnings: Trade validation rejected | Validation status rejected | Entry timing rejected | Risk engine rejected | AI final decision restrictive | Institutional decision restrictive | Weak trade validation | Entry engine restrictive | Risk engine says no trade | Weak risk/reward | Weak smart money | Weak market | Weak sector
GCWL,GHANI CHEMWORLD,CHEMICAL,INDUSTRIAL CHEMICALS,13JUL2026,17.01,-2.297530155083277,669024,11380098.24,0.0,AVOID,16.67,83.33,18.43,42,40,NEUTRAL,0,REJECTED,AVOID,0,NO ENTRY,0.0,0,NO TRADE,REJECTED,AVOID,1.17,16.75,17.18,16.16,18.37,19.39,False,0,0.0,0,,NO POSITION,,0.0,0,0,0,0.0,0.0,0.0,0.0,0.0,0.0,0.0,0,False,NO ACTION,No actual open position,NORMAL,NO ACTION,0.0,0.0,0.0,0.0,0.0,0.0,0.0,NOT APPLICABLE,0.0,exit_intelligence_engine_v1_1_position_state_aware,Balanced multi-engine consensus | Warnings: Trade validation rejected | Validation status rejected | Entry timing rejected | Risk engine rejected | AI final decision restrictive | Institutional decision restrictive | Weak trade validation | Entry engine restrictive | Risk engine says no trade | Weak risk/reward | Weak smart money | Weak market
P01GHS200527,1 YEAR GHS,GOVT SECURITIES,1 YEAR GHS,13JUL2026,90.9,0.011002310485207521,5000,454500.0,0.0,AVOID,21.14,78.86,18.41,58,67,NEUTRAL,0,REJECTED,AVOID,0,NO ENTRY,0.0,0,NO TRADE,REJECTED,AVOID,1.17,89.54,91.81,86.36,98.17,103.63,False,0,0.0,0,,NO POSITION,,0.0,0,0,0,0.0,0.0,0.0,0.0,0.0,0.0,0.0,0,False,NO ACTION,No actual open position,NORMAL,NO ACTION,0.0,0.0,0.0,0.0,0.0,0.0,0.0,NOT APPLICABLE,0.0,exit_intelligence_engine_v1_1_position_state_aware,Balanced multi-engine consensus | Warnings: Trade validation rejected | Validation status rejected | Entry timing rejected | Risk engine rejected | AI final decision restrictive | Institutional decision restrictive | Weak trade validation | Entry engine restrictive | Risk engine says no trade | Weak risk/reward | Weak market
DWSM,DEWAN SUGAR,SUGAR,SUGAR MILLS,13JUL2026,7.31,-1.6150740242261117,114200,834802.0,0.0,AVOID,20.62,79.38,18.4,51,50,NEUTRAL,0,REJECTED,AVOID,0,NO ENTRY,0.0,0,NO TRADE,REJECTED,AVOID,1.16,7.2,7.38,6.94,7.89,8.33,False,0,0.0,0,,NO POSITION,,0.0,0,0,0,0.0,0.0,0.0,0.0,0.0,0.0,0.0,0,False,NO ACTION,No actual open position,NORMAL,NO ACTION,0.0,0.0,0.0,0.0,0.0,0.0,0.0,NOT APPLICABLE,0.0,exit_intelligence_engine_v1_1_position_state_aware,Strong trend | Warnings: Trade validation rejected | Validation status rejected | Entry timing rejected | Risk engine rejected | AI final decision restrictive | Institutional decision restrictive | Weak trade validation | Entry engine restrictive | Risk engine says no trade | Weak risk/reward | Weak market
PPP,PAK PAPER PROD,PAPER & BOARD,PAPER PRODUCTS,13JUL2026,139.23,-1.784706546275396,5906,822292.3799999999,0.0,AVOID,19.66,80.34,18.4,50,50,NEUTRAL,0,REJECTED,AVOID,0,NO ENTRY,0.0,0,NO TRADE,REJECTED,AVOID,1.17,137.14,140.62,132.27,150.37,158.72,False,0,0.0,0,,NO POSITION,,0.0,0,0,0,0.0,0.0,0.0,0.0,0.0,0.0,0.0,0,False,NO ACTION,No actual open position,NORMAL,NO ACTION,0.0,0.0,0.0,0.0,0.0,0.0,0.0,NOT APPLICABLE,0.0,exit_intelligence_engine_v1_1_position_state_aware,Strong trend | Warnings: Trade validation rejected | Validation status rejected | Entry timing rejected | Risk engine rejected | AI final decision restrictive | Institutional decision restrictive | Weak trade validation | Entry engine restrictive | Risk engine says no trade | Weak risk/reward | Weak market | Weak sector
SHDT,SHADAB TEXTILE,TEXTILE,TEXTILE MILLS,13JUL2026,61.35,-4.543332814688027,125163,7678750.05,0.0,AVOID,16.11,83.89,18.4,38,40,NEUTRAL,0,REJECTED,AVOID,0,NO ENTRY,0.0,0,NO TRADE,REJECTED,AVOID,1.17,60.43,61.96,58.28,66.26,69.94,False,0,0.0,0,,NO POSITION,,0.0,0,0,0,0.0,0.0,0.0,0.0,0.0,0.0,0.0,0,False,NO ACTION,No actual open position,NORMAL,NO ACTION,0.0,0.0,0.0,0.0,0.0,0.0,0.0,NOT APPLICABLE,0.0,exit_intelligence_engine_v1_1_position_state_aware,Strong trend | Warnings: Trade validation rejected | Validation status rejected | Entry timing rejected | Risk engine rejected | AI final decision restrictive | Institutional decision restrictive | Weak trade validation | Entry engine restrictive | Risk engine says no trade | Weak risk/reward | Weak smart money | Weak market | Weak sector | High volatility
NSRM,NATIONAL SILK,TEXTILE,SILK / TEXTILE,13JUL2026,193.54,9.940922517609636,1790,346436.6,0.0,AVOID,20.67,79.33,18.38,51,50,NEUTRAL,0,REJECTED,AVOID,0,NO ENTRY,0.0,0,NO TRADE,REJECTED,AVOID,1.17,190.64,195.48,183.86,209.02,220.64,False,0,0.0,0,,NO POSITION,,0.0,0,0,0,0.0,0.0,0.0,0.0,0.0,0.0,0.0,0,False,NO ACTION,No actual open position,NORMAL,NO ACTION,0.0,0.0,0.0,0.0,0.0,0.0,0.0,NOT APPLICABLE,0.0,exit_intelligence_engine_v1_1_position_state_aware,Strong trend | Warnings: Trade validation rejected | Validation status rejected | Entry timing rejected | Risk engine rejected | AI final decision restrictive | Institutional decision restrictive | Weak trade validation | Entry engine restrictive | Risk engine says no trade | Weak risk/reward | Weak market | Weak sector | Near upper cap / extended | High volatility
SANSM,SANGHAR SUGAR,SUGAR,SUGAR MILLS,13JUL2026,130.98,0.0,84,11002.32,0.0,AVOID,19.71,80.29,18.38,44,50,NEUTRAL,0,REJECTED,AVOID,0,NO ENTRY,0.0,0,NO TRADE,REJECTED,AVOID,1.17,129.02,132.29,124.43,141.46,149.32,False,0,0.0,0,,NO POSITION,,0.0,0,0,0,0.0,0.0,0.0,0.0,0.0,0.0,0.0,0,False,NO ACTION,No actual open position,NORMAL,NO ACTION,0.0,0.0,0.0,0.0,0.0,0.0,0.0,NOT APPLICABLE,0.0,exit_intelligence_engine_v1_1_position_state_aware,Strong trend | Warnings: Trade validation rejected | Validation status rejected | Entry timing rejected | Risk engine rejected | AI final decision restrictive | Institutional decision restrictive | Weak trade validation | Entry engine restrictive | Risk engine says no trade | Weak risk/reward | Weak smart money | Weak market
GEMNETS,NETS INTERNATIONAL,UNKNOWN,UNKNOWN,13JUL2026,30.18,0.0,10,301.8,0.0,AVOID,19.64,80.36,18.37,45,50,NEUTRAL,0,REJECTED,AVOID,0,NO ENTRY,0.0,0,NO TRADE,REJECTED,AVOID,1.17,29.73,30.48,28.67,32.59,34.41,False,0,0.0,0,,NO POSITION,,0.0,0,0,0,0.0,0.0,0.0,0.0,0.0,0.0,0.0,0,False,NO ACTION,No actual open position,NORMAL,NO ACTION,0.0,0.0,0.0,0.0,0.0,0.0,0.0,NOT APPLICABLE,0.0,exit_intelligence_engine_v1_1_position_state_aware,Strong trend | Sector supportive || Warnings: Trade validation rejected | Validation status rejected | Entry timing rejected | Risk engine rejected | AI final decision restrictive | Institutional decision restrictive | Weak trade validation | Entry engine restrictive | Risk engine says no trade | Weak risk/reward | Weak market | High volatility
EFUL,EFU LIFE ASSURANCE,INSURANCE,LIFE INSURANCE,13JUL2026,156.1,-0.3511011809767069,4867,759738.7,0.0,AVOID,19.9,80.1,18.35,45,50,NEUTRAL,0,REJECTED,AVOID,0,NO ENTRY,0.0,0,NO TRADE,REJECTED,AVOID,1.17,153.76,157.66,148.29,168.59,177.95,False,0,0.0,0,,NO POSITION,,0.0,0,0,0,0.0,0.0,0.0,0.0,0.0,0.0,0.0,0,False,NO ACTION,No actual open position,NORMAL,NO ACTION,0.0,0.0,0.0,0.0,0.0,0.0,0.0,NOT APPLICABLE,0.0,exit_intelligence_engine_v1_1_position_state_aware,Strong trend | Warnings: Trade validation rejected | Validation status rejected | Entry timing rejected | Risk engine rejected | AI final decision restrictive | Institutional decision restrictive | Weak trade validation | Entry engine restrictive | Risk engine says no trade | Weak risk/reward | Weak market | Weak sector
BAFS,BABA FARID,AGRICULTURE,SEED / AGRICULTURE,13JUL2026,395.99,-4.778050305391238,1555,615764.4500000001,0.0,AVOID,19.71,80.29,18.35,51,50,NEUTRAL,0,REJECTED,AVOID,0,NO ENTRY,0.0,0,NO TRADE,REJECTED,AVOID,1.17,390.05,399.95,376.19,427.67,451.43,False,0,0.0,0,,NO POSITION,,0.0,0,0,0,0.0,0.0,0.0,0.0,0.0,0.0,0.0,0,False,NO ACTION,No actual open position,NORMAL,NO ACTION,0.0,0.0,0.0,0.0,0.0,0.0,0.0,NOT APPLICABLE,0.0,exit_intelligence_engine_v1_1_position_state_aware,Strong trend | Warnings: Trade validation rejected | Validation status rejected | Entry timing rejected | Risk engine rejected | AI final decision restrictive | Institutional decision restrictive | Weak trade validation | Entry engine restrictive | Risk engine says no trade | Weak risk/reward | Weak market | Weak sector
RUBY,RUBY TEXTILE,TEXTILE,TEXTILE MILLS,13JUL2026,17.39,0.0,365,6347.35,0.0,AVOID,19.38,80.62,18.35,51,50,NEUTRAL,0,REJECTED,AVOID,0,NO ENTRY,0.0,0,NO TRADE,REJECTED,AVOID,1.17,17.13,17.56,16.52,18.78,19.82,False,0,0.0,0,,NO POSITION,,0.0,0,0,0,0.0,0.0,0.0,0.0,0.0,0.0,0.0,0,False,NO ACTION,No actual open position,NORMAL,NO ACTION,0.0,0.0,0.0,0.0,0.0,0.0,0.0,NOT APPLICABLE,0.0,exit_intelligence_engine_v1_1_position_state_aware,Strong trend | Warnings: Trade validation rejected | Validation status rejected | Entry timing rejected | Risk engine rejected | AI final decision restrictive | Institutional decision restrictive | Weak trade validation | Entry engine restrictive | Risk engine says no trade | Weak risk/reward | Weak market | Weak sector
AHCL,ARIF HABIB CORP,INVESTMENT,UNKNOWN,13JUL2026,15.5,-1.7121116043119822,1403100,21748050.0,0.0,AVOID,15.1,84.9,18.34,37,40,NEUTRAL,0,REJECTED,AVOID,0,NO ENTRY,0.0,0,NO TRADE,REJECTED,AVOID,1.17,15.27,15.65,14.72,16.74,17.67,False,0,0.0,0,,NO POSITION,,0.0,0,0,0,0.0,0.0,0.0,0.0,0.0,0.0,0.0,0,False,NO ACTION,No actual open position,NORMAL,NO ACTION,0.0,0.0,0.0,0.0,0.0,0.0,0.0,NOT APPLICABLE,0.0,exit_intelligence_engine_v1_1_position_state_aware,Balanced multi-engine consensus | Warnings: Trade validation rejected | Validation status rejected | Entry timing rejected | Risk engine rejected | AI final decision restrictive | Institutional decision restrictive | Weak trade validation | Entry engine restrictive | Risk engine says no trade | Weak risk/reward | Weak smart money | Weak market | Weak sector
DAAG,DATA AGRO,AGRICULTURE,AGRO,13JUL2026,91.91,2.1222222222222182,3412,313596.92,0.0,AVOID,20.17,79.83,18.33,45,50,NEUTRAL,0,REJECTED,AVOID,0,NO ENTRY,0.0,0,NO TRADE,REJECTED,AVOID,1.16,90.53,92.83,87.31,99.26,104.78,False,0,0.0,0,,NO POSITION,,0.0,0,0,0,0.0,0.0,0.0,0.0,0.0,0.0,0.0,0,False,NO ACTION,No actual open position,NORMAL,NO ACTION,0.0,0.0,0.0,0.0,0.0,0.0,0.0,NOT APPLICABLE,0.0,exit_intelligence_engine_v1_1_position_state_aware,Strong trend | Warnings: Trade validation rejected | Validation status rejected | Entry timing rejected | Risk engine rejected | AI final decision restrictive | Institutional decision restrictive | Weak trade validation | Entry engine restrictive | Risk engine says no trade | Weak risk/reward | Weak market | Weak sector
AGTL,AL-GHAZI TRACTORS,AUTOMOBILE,AGRICULTURAL TRACTORS,13JUL2026,394.96,-1.240248049609931,11376,4493064.96,0.0,AVOID,17.34,82.66,18.33,38,50,NEUTRAL,0,REJECTED,AVOID,0,NO ENTRY,0.0,0,NO TRADE,REJECTED,AVOID,1.17,389.04,398.91,375.21,426.56,450.25,False,0,0.0,0,,NO POSITION,,0.0,0,0,0,0.0,0.0,0.0,0.0,0.0,0.0,0.0,0,False,NO ACTION,No actual open position,NORMAL,NO ACTION,0.0,0.0,0.0,0.0,0.0,0.0,0.0,NOT APPLICABLE,0.0,exit_intelligence_engine_v1_1_position_state_aware,Strong trend | Warnings: Trade validation rejected | Validation status rejected | Entry timing rejected | Risk engine rejected | AI final decision restrictive | Institutional decision restrictive | Weak trade validation | Entry engine restrictive | Risk engine says no trade | Weak risk/reward | Weak smart money | Weak market | Weak sector
SEARL,THE SEARLE COMPANY,PHARMA,UNKNOWN,13JUL2026,94.11,-1.4348554671135363,2153312,202648192.32,0.0,AVOID,12.55,87.45,18.33,30,40,NEUTRAL,0,REJECTED,AVOID,0,NO ENTRY,0.0,0,NO TRADE,REJECTED,AVOID,1.17,92.7,95.05,89.4,101.64,107.29,False,0,0.0,0,,NO POSITION,,0.0,0,0,0,0.0,0.0,0.0,0.0,0.0,0.0,0.0,0,False,NO ACTION,No actual open position,NORMAL,NO ACTION,0.0,0.0,0.0,0.0,0.0,0.0,0.0,NOT APPLICABLE,0.0,exit_intelligence_engine_v1_1_position_state_aware,Balanced multi-engine consensus | Warnings: Trade validation rejected | Validation status rejected | Entry timing rejected | Risk engine rejected | AI final decision restrictive | Institutional decision restrictive | Weak trade validation | Entry engine restrictive | Risk engine says no trade | Weak risk/reward | Weak smart money | Weak market | Weak sector
SASML,SINDH ABADGAR,SUGAR,SUGAR MILLS,13JUL2026,386.97,-0.7769230769230699,1091,422184.27,0.0,AVOID,19.49,80.51,18.32,46,50,NEUTRAL,0,REJECTED,AVOID,0,NO ENTRY,0.0,0,NO TRADE,REJECTED,AVOID,1.17,381.17,390.84,367.62,417.93,441.15,False,0,0.0,0,,NO POSITION,,0.0,0,0,0,0.0,0.0,0.0,0.0,0.0,0.0,0.0,0,False,NO ACTION,No actual open position,NORMAL,NO ACTION,0.0,0.0,0.0,0.0,0.0,0.0,0.0,NOT APPLICABLE,0.0,exit_intelligence_engine_v1_1_position_state_aware,Strong trend | Warnings: Trade validation rejected | Validation status rejected | Entry timing rejected | Risk engine rejected | AI final decision restrictive | Institutional decision restrictive | Weak trade validation | Entry engine restrictive | Risk engine says no trade | Weak risk/reward | Weak market
DWTM,DEWAN TEXTILE,TEXTILE,UNKNOWN,13JUL2026,10.35,-0.28901734104047333,370566,3835358.1,0.0,AVOID,16.8,83.2,18.32,29,50,DISTRIBUTION RISK,0,REJECTED,AVOID,0,NO ENTRY,0.0,0,NO TRADE,REJECTED,AVOID,1.18,10.19,10.45,9.83,11.18,11.8,False,0,0.0,0,,NO POSITION,,0.0,0,0,0,0.0,0.0,0.0,0.0,0.0,0.0,0.0,0,False,NO ACTION,No actual open position,NORMAL,NO ACTION,0.0,0.0,0.0,0.0,0.0,0.0,0.0,NOT APPLICABLE,0.0,exit_intelligence_engine_v1_1_position_state_aware,Strong trend | Warnings: Trade validation rejected | Validation status rejected | Entry timing rejected | Risk engine rejected | AI final decision restrictive | Institutional decision restrictive | Weak trade validation | Entry engine restrictive | Risk engine says no trade | Weak risk/reward | Weak smart money | Weak market | Weak sector | High volatility
FNEL,F. NAT.EQUITIES,FINANCE,EQUITY / FINANCE,13JUL2026,1.26,0.8000000000000007,64233518,80934232.68,0.0,AVOID,12.31,87.69,18.32,36,63,DISTRIBUTION RISK,0,REJECTED,AVOID,0,NO ENTRY,0.0,0,NO TRADE,REJECTED,AVOID,1.29,1.24,1.27,1.2,1.36,1.44,False,0,0.0,0,,NO POSITION,,0.0,0,0,0,0.0,0.0,0.0,0.0,0.0,0.0,0.0,0,False,NO ACTION,No actual open position,NORMAL,NO ACTION,0.0,0.0,0.0,0.0,0.0,0.0,0.0,NOT APPLICABLE,0.0,exit_intelligence_engine_v1_1_position_state_aware,Balanced multi-engine consensus | Warnings: Trade validation rejected | Validation status rejected | Entry timing rejected | Risk engine rejected | AI final decision restrictive | Institutional decision restrictive | Weak trade validation | Entry engine restrictive | Risk engine says no trade | Weak smart money | Weak trend | Weak market
CCM,CRESCENT COTTON,TEXTILE,COTTON / TEXTILE,13JUL2026,42.02,1.3262599469496124,2833,119042.66,0.0,AVOID,19.12,80.88,18.31,45,50,NEUTRAL,0,REJECTED,AVOID,0,NO ENTRY,0.0,0,NO TRADE,REJECTED,AVOID,1.17,41.39,42.44,39.92,45.38,47.9,False,0,0.0,0,,NO POSITION,,0.0,0,0,0,0.0,0.0,0.0,0.0,0.0,0.0,0.0,0,False,NO ACTION,No actual open position,NORMAL,NO ACTION,0.0,0.0,0.0,0.0,0.0,0.0,0.0,NOT APPLICABLE,0.0,exit_intelligence_engine_v1_1_position_state_aware,Strong trend | Warnings: Trade validation rejected | Validation status rejected | Entry timing rejected | Risk engine rejected | AI final decision restrictive | Institutional decision restrictive | Weak trade validation | Entry engine restrictive | Risk engine says no trade | Weak risk/reward | Weak market | Weak sector | High volatility
WTL,WORLDCALL TELECOM,TELECOM,TELECOM SERVICES,13JUL2026,1.28,-3.030303030303033,25629717,32806037.76,0.0,AVOID,13.7,86.3,18.31,42,40,NEUTRAL,0,REJECTED,AVOID,0,NO ENTRY,0.0,0,NO TRADE,REJECTED,AVOID,1.29,1.26,1.29,1.22,1.38,1.46,False,0,0.0,0,,NO POSITION,,0.0,0,0,0,0.0,0.0,0.0,0.0,0.0,0.0,0.0,0,False,NO ACTION,No actual open position,NORMAL,NO ACTION,0.0,0.0,0.0,0.0,0.0,0.0,0.0,NOT APPLICABLE,0.0,exit_intelligence_engine_v1_1_position_state_aware,Balanced multi-engine consensus | Warnings: Trade validation rejected | Validation status rejected | Entry timing rejected | Risk engine rejected | AI final decision restrictive | Institutional decision restrictive | Weak trade validation | Entry engine restrictive | Risk engine says no trade | Weak smart money | Weak trend | Weak market
KOHC,KOHAT CEMENT,CEMENT,UNKNOWN,13JUL2026,100.18,-1.2615809185885936,560513,56152192.34,0.0,AVOID,13.66,86.34,18.31,30,40,NEUTRAL,0,REJECTED,AVOID,0,NO ENTRY,0.0,0,NO TRADE,REJECTED,AVOID,1.17,98.68,101.18,95.17,108.19,114.21,False,0,0.0,0,,NO POSITION,,0.0,0,0,0,0.0,0.0,0.0,0.0,0.0,0.0,0.0,0,False,NO ACTION,No actual open position,NORMAL,NO ACTION,0.0,0.0,0.0,0.0,0.0,0.0,0.0,NOT APPLICABLE,0.0,exit_intelligence_engine_v1_1_position_state_aware,Balanced multi-engine consensus | Warnings: Trade validation rejected | Validation status rejected | Entry timing rejected | Risk engine rejected | AI final decision restrictive | Institutional decision restrictive | Weak trade validation | Entry engine restrictive | Risk engine says no trade | Weak risk/reward | Weak smart money | Weak market | Weak sector
ORM,ORIENT RENTAL,RENTAL SERVICES,EQUIPMENT RENTAL,13JUL2026,10.64,-0.1876172607879885,46198,491546.72000000003,0.0,AVOID,18.81,81.19,18.27,45,50,NEUTRAL,0,REJECTED,AVOID,0,NO ENTRY,0.0,0,NO TRADE,REJECTED,AVOID,1.16,10.48,10.75,10.11,11.49,12.13,False,0,0.0,0,,NO POSITION,,0.0,0,0,0,0.0,0.0,0.0,0.0,0.0,0.0,0.0,0,False,NO ACTION,No actual open position,NORMAL,NO ACTION,0.0,0.0,0.0,0.0,0.0,0.0,0.0,NOT APPLICABLE,0.0,exit_intelligence_engine_v1_1_position_state_aware,Strong trend | Warnings: Trade validation rejected | Validation status rejected | Entry timing rejected | Risk engine rejected | AI final decision restrictive | Institutional decision restrictive | Weak trade validation | Entry engine restrictive | Risk engine says no trade | Weak risk/reward | Weak market | Weak sector
DFSM,DEWAN FAROOQUE SP.,TEXTILE,UNKNOWN,13JUL2026,21.01,-2.5510204081632524,9721192,204242243.92000002,0.0,AVOID,10.89,89.11,18.27,13,40,NEUTRAL,0,REJECTED,AVOID,0,NO ENTRY,0.0,0,NO TRADE,REJECTED,AVOID,1.17,20.69,21.22,19.96,22.69,23.95,False,0,0.0,0,,NO POSITION,,0.0,0,0,0,0.0,0.0,0.0,0.0,0.0,0.0,0.0,0,False,NO ACTION,No actual open position,NORMAL,NO ACTION,0.0,0.0,0.0,0.0,0.0,0.0,0.0,NOT APPLICABLE,0.0,exit_intelligence_engine_v1_1_position_state_aware,Balanced multi-engine consensus | Warnings: Trade validation rejected | Validation status rejected | Entry timing rejected | Risk engine rejected | AI final decision restrictive | Institutional decision restrictive | Weak trade validation | Entry engine restrictive | Risk engine says no trade | Weak risk/reward | Weak smart money | Weak market | Weak sector | Very high volatility
FRCL,FRONTIER CERAM,CERAMICS,CERAMICS,13JUL2026,102.96,-2.913719943422917,1120,115315.2,0.0,AVOID,18.98,81.02,18.25,51,50,NEUTRAL,0,REJECTED,AVOID,0,NO ENTRY,0.0,0,NO TRADE,REJECTED,AVOID,1.17,101.42,103.99,97.81,111.2,117.37,False,0,0.0,0,,NO POSITION,,0.0,0,0,0,0.0,0.0,0.0,0.0,0.0,0.0,0.0,0,False,NO ACTION,No actual open position,NORMAL,NO ACTION,0.0,0.0,0.0,0.0,0.0,0.0,0.0,NOT APPLICABLE,0.0,exit_intelligence_engine_v1_1_position_state_aware,Strong trend | Warnings: Trade validation rejected | Validation status rejected | Entry timing rejected | Risk engine rejected | AI final decision restrictive | Institutional decision restrictive | Weak trade validation | Entry engine restrictive | Risk engine says no trade | Weak risk/reward | Weak market | Weak sector | High volatility
TPLL,TPL LIFE INSURANCE,INSURANCE,LIFE INSURANCE,13JUL2026,24.56,-1.760000000000005,585,14367.599999999999,0.0,AVOID,18.58,81.42,18.22,45,50,NEUTRAL,0,REJECTED,AVOID,0,NO ENTRY,0.0,0,NO TRADE,REJECTED,AVOID,1.16,24.19,24.81,23.33,26.52,28.0,False,0,0.0,0,,NO POSITION,,0.0,0,0,0,0.0,0.0,0.0,0.0,0.0,0.0,0.0,0,False,NO ACTION,No actual open position,NORMAL,NO ACTION,0.0,0.0,0.0,0.0,0.0,0.0,0.0,NOT APPLICABLE,0.0,exit_intelligence_engine_v1_1_position_state_aware,Strong trend | Warnings: Trade validation rejected | Validation status rejected | Entry timing rejected | Risk engine rejected | AI final decision restrictive | Institutional decision restrictive | Weak trade validation | Entry engine restrictive | Risk engine says no trade | Weak risk/reward | Weak market | Weak sector | High volatility
CTM,COLONY TEX.MILLS LTD,TEXTILE,TEXTILE MILLS,13JUL2026,7.38,-0.4048582995951451,227880,1681754.4,0.0,AVOID,16.53,83.47,18.19,43,40,NEUTRAL,0,REJECTED,AVOID,0,NO ENTRY,0.0,0,NO TRADE,REJECTED,AVOID,1.18,7.27,7.45,7.01,7.97,8.41,False,0,0.0,0,,NO POSITION,,0.0,0,0,0,0.0,0.0,0.0,0.0,0.0,0.0,0.0,0,False,NO ACTION,No actual open position,NORMAL,NO ACTION,0.0,0.0,0.0,0.0,0.0,0.0,0.0,NOT APPLICABLE,0.0,exit_intelligence_engine_v1_1_position_state_aware,Strong trend | Warnings: Trade validation rejected | Validation status rejected | Entry timing rejected | Risk engine rejected | AI final decision restrictive | Institutional decision restrictive | Weak trade validation | Entry engine restrictive | Risk engine says no trade | Weak risk/reward | Weak smart money | Weak market | Weak sector
ANL,AZGARD NINE,TEXTILE,TEXTILE / APPAREL,13JUL2026,10.77,-2.1798365122615824,534516,5756737.319999999,0.0,AVOID,15.37,84.63,18.19,37,40,NEUTRAL,0,REJECTED,AVOID,0,NO ENTRY,0.0,0,NO TRADE,REJECTED,AVOID,1.15,10.61,10.88,10.23,11.63,12.28,False,0,0.0,0,,NO POSITION,,0.0,0,0,0,0.0,0.0,0.0,0.0,0.0,0.0,0.0,0,False,NO ACTION,No actual open position,NORMAL,NO ACTION,0.0,0.0,0.0,0.0,0.0,0.0,0.0,NOT APPLICABLE,0.0,exit_intelligence_engine_v1_1_position_state_aware,Strong trend | Warnings: Trade validation rejected | Validation status rejected | Entry timing rejected | Risk engine rejected | AI final decision restrictive | Institutional decision restrictive | Weak trade validation | Entry engine restrictive | Risk engine says no trade | Weak risk/reward | Weak smart money | Weak market | Weak sector
GLAXO,GLAXOSMITHKLINE,PHARMA,UNKNOWN,13JUL2026,366.07,-1.8605399319053102,187726,68720856.82,0.0,AVOID,12.72,87.28,18.19,30,40,NEUTRAL,0,REJECTED,AVOID,0,NO ENTRY,0.0,0,NO TRADE,REJECTED,AVOID,1.17,360.58,369.73,347.77,395.36,417.32,False,0,0.0,0,,NO POSITION,,0.0,0,0,0,0.0,0.0,0.0,0.0,0.0,0.0,0.0,0,False,NO ACTION,No actual open position,NORMAL,NO ACTION,0.0,0.0,0.0,0.0,0.0,0.0,0.0,NOT APPLICABLE,0.0,exit_intelligence_engine_v1_1_position_state_aware,Balanced multi-engine consensus | Warnings: Trade validation rejected | Validation status rejected | Entry timing rejected | Risk engine rejected | AI final decision restrictive | Institutional decision restrictive | Weak trade validation | Entry engine restrictive | Risk engine says no trade | Weak risk/reward | Weak smart money | Weak market | Weak sector
GEMMEL,MUGHAL ENERGY LTD,POWER,ENERGY / POWER,13JUL2026,24.73,0.0,225,5564.25,0.0,AVOID,19.0,81.0,18.18,45,52,NEUTRAL,0,REJECTED,AVOID,0,NO ENTRY,0.0,0,NO TRADE,REJECTED,AVOID,1.16,24.36,24.98,23.49,26.71,28.19,False,0,0.0,0,,NO POSITION,,0.0,0,0,0,0.0,0.0,0.0,0.0,0.0,0.0,0.0,0,False,NO ACTION,No actual open position,NORMAL,NO ACTION,0.0,0.0,0.0,0.0,0.0,0.0,0.0,NOT APPLICABLE,0.0,exit_intelligence_engine_v1_1_position_state_aware,Strong trend | Warnings: Trade validation rejected | Validation status rejected | Entry timing rejected | Risk engine rejected | AI final decision restrictive | Institutional decision restrictive | Weak trade validation | Entry engine restrictive | Risk engine says no trade | Weak risk/reward | Weak market | Weak sector
FECM,ELITE CAP.MOD,MODARABA,MODARABA,13JUL2026,17.93,2.750716332378226,4955,88843.15,0.0,AVOID,18.81,81.19,18.18,45,50,NEUTRAL,0,REJECTED,AVOID,0,NO ENTRY,0.0,0,NO TRADE,REJECTED,AVOID,1.16,17.66,18.11,17.03,19.36,20.44,False,0,0.0,0,,NO POSITION,,0.0,0,0,0,0.0,0.0,0.0,0.0,0.0,0.0,0.0,0,False,NO ACTION,No actual open position,NORMAL,NO ACTION,0.0,0.0,0.0,0.0,0.0,0.0,0.0,NOT APPLICABLE,0.0,exit_intelligence_engine_v1_1_position_state_aware,Strong trend | Warnings: Trade validation rejected | Validation status rejected | Entry timing rejected | Risk engine rejected | AI final decision restrictive | Institutional decision restrictive | Weak trade validation | Entry engine restrictive | Risk engine says no trade | Weak risk/reward | Weak market
SLYT,SALLY TEXTILE,TEXTILE,TEXTILE MILLS,13JUL2026,16.07,-7.324106113033446,1723,27688.61,0.0,AVOID,17.97,82.03,18.18,44,50,NEUTRAL,0,REJECTED,AVOID,0,NO ENTRY,0.0,0,NO TRADE,REJECTED,AVOID,1.18,15.83,16.23,15.27,17.36,18.32,False,0,0.0,0,,NO POSITION,,0.0,0,0,0,0.0,0.0,0.0,0.0,0.0,0.0,0.0,0,False,NO ACTION,No actual open position,NORMAL,NO ACTION,0.0,0.0,0.0,0.0,0.0,0.0,0.0,NOT APPLICABLE,0.0,exit_intelligence_engine_v1_1_position_state_aware,Strong trend | Warnings: Trade validation rejected | Validation status rejected | Entry timing rejected | Risk engine rejected | AI final decision restrictive | Institutional decision restrictive | Weak trade validation | Entry engine restrictive | Risk engine says no trade | Weak risk/reward | Weak smart money | Weak market | Weak sector | High volatility
HCAR,HONDA ATLAS CARS,AUTOMOBILE,PASSENGER CARS,13JUL2026,241.22,-1.7673888255416204,303761,73273228.42,0.0,AVOID,12.65,87.35,18.18,22,40,NEUTRAL,0,REJECTED,AVOID,0,NO ENTRY,0.0,0,NO TRADE,REJECTED,AVOID,1.17,237.6,243.63,229.16,260.52,274.99,False,0,0.0,0,,NO POSITION,,0.0,0,0,0,0.0,0.0,0.0,0.0,0.0,0.0,0.0,0,False,NO ACTION,No actual open position,NORMAL,NO ACTION,0.0,0.0,0.0,0.0,0.0,0.0,0.0,NOT APPLICABLE,0.0,exit_intelligence_engine_v1_1_position_state_aware,Strong trend | Warnings: Trade validation rejected | Validation status rejected | Entry timing rejected | Risk engine rejected | AI final decision restrictive | Institutional decision restrictive | Weak trade validation | Entry engine restrictive | Risk engine says no trade | Weak risk/reward | Weak smart money | Weak market | Weak sector
JGICL,JUBILEE GEN.INS,INSURANCE,GENERAL INSURANCE,13JUL2026,80.08,-2.0188425302826447,17352,1389548.16,0.0,AVOID,16.24,83.76,18.17,43,40,NEUTRAL,0,REJECTED,AVOID,0,NO ENTRY,0.0,0,NO TRADE,REJECTED,AVOID,1.17,78.88,80.88,76.08,86.49,91.29,False,0,0.0,0,,NO POSITION,,0.0,0,0,0,0.0,0.0,0.0,0.0,0.0,0.0,0.0,0,False,NO ACTION,No actual open position,NORMAL,NO ACTION,0.0,0.0,0.0,0.0,0.0,0.0,0.0,NOT APPLICABLE,0.0,exit_intelligence_engine_v1_1_position_state_aware,Strong trend | Warnings: Trade validation rejected | Validation status rejected | Entry timing rejected | Risk engine rejected | AI final decision restrictive | Institutional decision restrictive | Weak trade validation | Entry engine restrictive | Risk engine says no trade | Weak risk/reward | Weak smart money | Weak market | Weak sector
GATM,GUL AHMED,TEXTILE,UNKNOWN,13JUL2026,28.24,-2.754820936639121,1109216,31324259.84,0.0,AVOID,13.64,86.36,18.15,30,40,NEUTRAL,0,REJECTED,AVOID,0,NO ENTRY,0.0,0,NO TRADE,REJECTED,AVOID,1.17,27.82,28.52,26.83,30.5,32.19,False,0,0.0,0,,NO POSITION,,0.0,0,0,0,0.0,0.0,0.0,0.0,0.0,0.0,0.0,0,False,NO ACTION,No actual open position,NORMAL,NO ACTION,0.0,0.0,0.0,0.0,0.0,0.0,0.0,NOT APPLICABLE,0.0,exit_intelligence_engine_v1_1_position_state_aware,Balanced multi-engine consensus | Warnings: Trade validation rejected | Validation status rejected | Entry timing rejected | Risk engine rejected | AI final decision restrictive | Institutional decision restrictive | Weak trade validation | Entry engine restrictive | Risk engine says no trade | Weak risk/reward | Weak smart money | Weak market | Weak sector
ICL,ITTEHAD CHEMICALS,CHEMICAL,INDUSTRIAL CHEMICALS,13JUL2026,145.86,-0.7755102040816234,78220,11409169.200000001,0.0,AVOID,15.22,84.78,18.14,43,40,NEUTRAL,0,REJECTED,AVOID,0,NO ENTRY,0.0,0,NO TRADE,REJECTED,AVOID,1.17,143.67,147.32,138.57,157.53,166.28,False,0,0.0,0,,NO POSITION,,0.0,0,0,0,0.0,0.0,0.0,0.0,0.0,0.0,0.0,0,False,NO ACTION,No actual open position,NORMAL,NO ACTION,0.0,0.0,0.0,0.0,0.0,0.0,0.0,NOT APPLICABLE,0.0,exit_intelligence_engine_v1_1_position_state_aware,Balanced multi-engine consensus | Warnings: Trade validation rejected | Validation status rejected | Entry timing rejected | Risk engine rejected | AI final decision restrictive | Institutional decision restrictive | Weak trade validation | Entry engine restrictive | Risk engine says no trade | Weak risk/reward | Weak smart money | Weak market
JKSM,J.K.SPINNING,TEXTILE,SPINNING,13JUL2026,210.7,-3.8996579247434484,1033,217653.09999999998,0.0,AVOID,18.31,81.69,18.13,46,50,NEUTRAL,0,REJECTED,AVOID,0,NO ENTRY,0.0,0,NO TRADE,REJECTED,AVOID,1.17,207.54,212.81,200.16,227.56,240.2,False,0,0.0,0,,NO POSITION,,0.0,0,0,0,0.0,0.0,0.0,0.0,0.0,0.0,0.0,0,False,NO ACTION,No actual open position,NORMAL,NO ACTION,0.0,0.0,0.0,0.0,0.0,0.0,0.0,NOT APPLICABLE,0.0,exit_intelligence_engine_v1_1_position_state_aware,Strong trend | Warnings: Trade validation rejected | Validation status rejected | Entry timing rejected | Risk engine rejected | AI final decision restrictive | Institutional decision restrictive | Weak trade validation | Entry engine restrictive | Risk engine says no trade | Weak risk/reward | Weak market | Weak sector | High volatility
BAPL,BAWANY AIR PROD,CHEMICAL,INDUSTRIAL GASES,13JUL2026,34.04,1.8856629751571465,71098,2420175.92,0.0,AVOID,15.87,84.13,18.13,35,45,NEUTRAL,0,REJECTED,AVOID,0,NO ENTRY,0.0,0,NO TRADE,REJECTED,AVOID,1.17,33.53,34.38,32.34,36.76,38.81,False,0,0.0,0,,NO POSITION,,0.0,0,0,0,0.0,0.0,0.0,0.0,0.0,0.0,0.0,0,False,NO ACTION,No actual open position,NORMAL,NO ACTION,0.0,0.0,0.0,0.0,0.0,0.0,0.0,NOT APPLICABLE,0.0,exit_intelligence_engine_v1_1_position_state_aware,Balanced multi-engine consensus | Warnings: Trade validation rejected | Validation status rejected | Entry timing rejected | Risk engine rejected | AI final decision restrictive | Institutional decision restrictive | Weak trade validation | Entry engine restrictive | Risk engine says no trade | Weak risk/reward | Weak smart money | Weak market
NML,NISHAT MILLS LTD,TEXTILE,UNKNOWN,13JUL2026,151.47,-2.2774193548387105,2447641,370744182.27,0.0,AVOID,10.99,89.01,18.13,30,40,NEUTRAL,0,REJECTED,AVOID,0,NO ENTRY,0.0,0,NO TRADE,REJECTED,AVOID,1.17,149.2,152.98,143.9,163.59,172.68,False,0,0.0,0,,NO POSITION,,0.0,0,0,0,0.0,0.0,0.0,0.0,0.0,0.0,0.0,0,False,NO ACTION,No actual open position,NORMAL,NO ACTION,0.0,0.0,0.0,0.0,0.0,0.0,0.0,NOT APPLICABLE,0.0,exit_intelligence_engine_v1_1_position_state_aware,Balanced multi-engine consensus | Warnings: Trade validation rejected | Validation status rejected | Entry timing rejected | Risk engine rejected | AI final decision restrictive | Institutional decision restrictive | Weak trade validation | Entry engine restrictive | Risk engine says no trade | Weak risk/reward | Weak smart money | Weak market | Weak sector
AGSML,ABDULLAH SHAH,SUGAR,SUGAR MILLS,13JUL2026,9.59,-0.20811654526534418,235557,2258991.63,0.0,AVOID,16.29,83.71,18.12,43,40,NEUTRAL,0,REJECTED,AVOID,0,NO ENTRY,0.0,0,NO TRADE,REJECTED,AVOID,1.16,9.45,9.69,9.11,10.36,10.93,False,0,0.0,0,,NO POSITION,,0.0,0,0,0,0.0,0.0,0.0,0.0,0.0,0.0,0.0,0,False,NO ACTION,No actual open position,NORMAL,NO ACTION,0.0,0.0,0.0,0.0,0.0,0.0,0.0,NOT APPLICABLE,0.0,exit_intelligence_engine_v1_1_position_state_aware,Strong trend | Warnings: Trade validation rejected | Validation status rejected | Entry timing rejected | Risk engine rejected | AI final decision restrictive | Institutional decision restrictive | Weak trade validation | Entry engine restrictive | Risk engine says no trade | Weak risk/reward | Weak smart money | Weak market
CLCPS,CHENAB LTD.(PR),TEXTILE,TEXTILE / PREFERENCE SHARE,13JUL2026,3.97,-2.2167487684728924,43083,171039.51,0.0,AVOID,17.53,82.47,18.11,46,50,NEUTRAL,0,REJECTED,AVOID,0,NO ENTRY,0.0,0,NO TRADE,REJECTED,AVOID,1.17,3.91,4.01,3.77,4.29,4.53,False,0,0.0,0,,NO POSITION,,0.0,0,0,0,0.0,0.0,0.0,0.0,0.0,0.0,0.0,0,False,NO ACTION,No actual open position,NORMAL,NO ACTION,0.0,0.0,0.0,0.0,0.0,0.0,0.0,NOT APPLICABLE,0.0,exit_intelligence_engine_v1_1_position_state_aware,Strong trend | Warnings: Trade validation rejected | Validation status rejected | Entry timing rejected | Risk engine rejected | AI final decision restrictive | Institutional decision restrictive | Weak trade validation | Entry engine restrictive | Risk engine says no trade | Weak risk/reward | Weak market | Weak sector | High volatility
TOMCL,THE ORGANIC MEAT,FOOD,UNKNOWN,13JUL2026,40.04,-3.3550567221819954,1703869,68222914.76,0.0,AVOID,12.2,87.8,18.1,30,40,NEUTRAL,0,REJECTED,AVOID,0,NO ENTRY,0.0,0,NO TRADE,REJECTED,AVOID,1.17,39.44,40.44,38.04,43.24,45.65,False,0,0.0,0,,NO POSITION,,0.0,0,0,0,0.0,0.0,0.0,0.0,0.0,0.0,0.0,0,False,NO ACTION,No actual open position,NORMAL,NO ACTION,0.0,0.0,0.0,0.0,0.0,0.0,0.0,NOT APPLICABLE,0.0,exit_intelligence_engine_v1_1_position_state_aware,Balanced multi-engine consensus | Warnings: Trade validation rejected | Validation status rejected | Entry timing rejected | Risk engine rejected | AI final decision restrictive | Institutional decision restrictive | Weak trade validation | Entry engine restrictive | Risk engine says no trade | Weak risk/reward | Weak smart money | Weak market | Weak sector
STJT,SHAHTAJ TEXTILE,TEXTILE,TEXTILE MILLS,13JUL2026,143.16,0.0,47,6728.5199999999995,0.0,AVOID,17.95,82.05,18.09,51,50,NEUTRAL,0,REJECTED,AVOID,0,NO ENTRY,0.0,0,NO TRADE,REJECTED,AVOID,1.17,141.01,144.59,136.0,154.61,163.2,False,0,0.0,0,,NO POSITION,,0.0,0,0,0,0.0,0.0,0.0,0.0,0.0,0.0,0.0,0,False,NO ACTION,No actual open position,NORMAL,NO ACTION,0.0,0.0,0.0,0.0,0.0,0.0,0.0,NOT APPLICABLE,0.0,exit_intelligence_engine_v1_1_position_state_aware,Strong trend | Warnings: Trade validation rejected | Validation status rejected | Entry timing rejected | Risk engine rejected | AI final decision restrictive | Institutional decision restrictive | Weak trade validation | Entry engine restrictive | Risk engine says no trade | Weak risk/reward | Weak market | Weak sector | High volatility
GGGL,GHANIGLOBALGLASS,CHEMICAL,UNKNOWN,13JUL2026,9.13,-1.7222820236813603,1060459,9681990.67,0.0,AVOID,14.74,85.26,18.09,37,40,NEUTRAL,0,REJECTED,AVOID,0,NO ENTRY,0.0,0,NO TRADE,REJECTED,AVOID,1.16,8.99,9.22,8.67,9.86,10.41,False,0,0.0,0,,NO POSITION,,0.0,0,0,0,0.0,0.0,0.0,0.0,0.0,0.0,0.0,0,False,NO ACTION,No actual open position,NORMAL,NO ACTION,0.0,0.0,0.0,0.0,0.0,0.0,0.0,NOT APPLICABLE,0.0,exit_intelligence_engine_v1_1_position_state_aware,Balanced multi-engine consensus | Warnings: Trade validation rejected | Validation status rejected | Entry timing rejected | Risk engine rejected | AI final decision restrictive | Institutional decision restrictive | Weak trade validation | Entry engine restrictive | Risk engine says no trade | Weak risk/reward | Weak smart money | Weak market
SNAI,SANA IND.,ENGINEERING,INDUSTRIAL MANUFACTURING,13JUL2026,38.81,-2.2171831695641107,644,24993.640000000003,0.0,AVOID,17.98,82.02,18.08,51,50,NEUTRAL,0,REJECTED,AVOID,0,NO ENTRY,0.0,0,NO TRADE,REJECTED,AVOID,1.16,38.23,39.2,36.87,41.91,44.24,False,0,0.0,0,,NO POSITION,,0.0,0,0,0,0.0,0.0,0.0,0.0,0.0,0.0,0.0,0,False,NO ACTION,No actual open position,NORMAL,NO ACTION,0.0,0.0,0.0,0.0,0.0,0.0,0.0,NOT APPLICABLE,0.0,exit_intelligence_engine_v1_1_position_state_aware,Strong trend | Warnings: Trade validation rejected | Validation status rejected | Entry timing rejected | Risk engine rejected | AI final decision restrictive | Institutional decision restrictive | Weak trade validation | Entry engine restrictive | Risk engine says no trade | Weak risk/reward | Weak market | Weak sector
BOK,BANK OF KHYBER,BANKS,COMMERCIAL BANK,13JUL2026,33.56,-0.1190476190476165,6635,222670.6,0.0,AVOID,17.53,82.47,18.08,42,40,NEUTRAL,0,REJECTED,AVOID,0,NO ENTRY,0.0,0,NO TRADE,REJECTED,AVOID,1.16,33.06,33.9,31.88,36.24,38.26,False,0,0.0,0,,NO POSITION,,0.0,0,0,0,0.0,0.0,0.0,0.0,0.0,0.0,0.0,0,False,NO ACTION,No actual open position,NORMAL,NO ACTION,0.0,0.0,0.0,0.0,0.0,0.0,0.0,NOT APPLICABLE,0.0,exit_intelligence_engine_v1_1_position_state_aware,Strong trend | Warnings: Trade validation rejected | Validation status rejected | Entry timing rejected | Risk engine rejected | AI final decision restrictive | Institutional decision restrictive | Weak trade validation | Entry engine restrictive | Risk engine says no trade | Weak risk/reward | Weak smart money | Weak market | Weak sector
MERIT,MERIT PACKAGING,PACKAGING,UNKNOWN,13JUL2026,10.42,-5.530371713508608,271203,2825935.26,0.0,AVOID,15.59,84.41,18.08,42,40,NEUTRAL,0,REJECTED,AVOID,0,NO ENTRY,0.0,0,NO TRADE,REJECTED,AVOID,1.18,10.26,10.52,9.9,11.25,11.88,False,0,0.0,0,,NO POSITION,,0.0,0,0,0,0.0,0.0,0.0,0.0,0.0,0.0,0.0,0,False,NO ACTION,No actual open position,NORMAL,NO ACTION,0.0,0.0,0.0,0.0,0.0,0.0,0.0,NOT APPLICABLE,0.0,exit_intelligence_engine_v1_1_position_state_aware,Balanced multi-engine consensus | Warnings: Trade validation rejected | Validation status rejected | Entry timing rejected | Risk engine rejected | AI final decision restrictive | Institutional decision restrictive | Weak trade validation | Entry engine restrictive | Risk engine says no trade | Weak risk/reward | Weak smart money | Weak market | Weak sector
POWER,POWER CEMENT,CEMENT,UNKNOWN,13JUL2026,21.73,-2.9910714285714204,919523,19981234.79,0.0,AVOID,13.91,86.09,18.06,36,40,NEUTRAL,2,REJECTED,AVOID,0,NO ENTRY,0.0,0,NO TRADE,REJECTED,AVOID,1.16,21.4,21.95,20.64,23.47,24.77,False,0,0.0,0,,NO POSITION,,0.0,0,0,0,0.0,0.0,0.0,0.0,0.0,0.0,0.0,0,False,NO ACTION,No actual open position,NORMAL,NO ACTION,0.0,0.0,0.0,0.0,0.0,0.0,0.0,NOT APPLICABLE,0.0,exit_intelligence_engine_v1_1_position_state_aware,Strong trend | Warnings: Trade validation rejected | Validation status rejected | Entry timing rejected | Risk engine rejected | AI final decision restrictive | Institutional decision restrictive | Weak trade validation | Entry engine restrictive | Risk engine says no trade | Weak risk/reward | Weak smart money | Weak market | Weak sector
SPL,SITARA PEROXIDE,CHEMICAL,PEROXIDE / CHEMICALS,13JUL2026,64.69,0.48151599875738166,20469,1324139.6099999999,0.0,AVOID,15.69,84.31,18.03,41,40,NEUTRAL,0,REJECTED,AVOID,0,NO ENTRY,0.0,0,NO TRADE,REJECTED,AVOID,1.17,63.72,65.34,61.46,69.87,73.75,False,0,0.0,0,,NO POSITION,,0.0,0,0,0,0.0,0.0,0.0,0.0,0.0,0.0,0.0,0,False,NO ACTION,No actual open position,NORMAL,NO ACTION,0.0,0.0,0.0,0.0,0.0,0.0,0.0,NOT APPLICABLE,0.0,exit_intelligence_engine_v1_1_position_state_aware,Strong trend | Warnings: Trade validation rejected | Validation status rejected | Entry timing rejected | Risk engine rejected | AI final decision restrictive | Institutional decision restrictive | Weak trade validation | Entry engine restrictive | Risk engine says no trade | Weak risk/reward | Weak smart money | Weak market
HASCOL,HASCOL PETROL,OIL_GAS,UNKNOWN,13JUL2026,20.14,-1.8996590355577232,3476749,70021724.86,0.0,AVOID,11.88,88.12,18.03,30,40,NEUTRAL,0,REJECTED,AVOID,0,NO ENTRY,0.0,0,NO TRADE,REJECTED,AVOID,1.17,19.84,20.34,19.13,21.75,22.96,False,0,0.0,0,,NO POSITION,,0.0,0,0,0,0.0,0.0,0.0,0.0,0.0,0.0,0.0,0,False,NO ACTION,No actual open position,NORMAL,NO ACTION,0.0,0.0,0.0,0.0,0.0,0.0,0.0,NOT APPLICABLE,0.0,exit_intelligence_engine_v1_1_position_state_aware,Balanced multi-engine consensus | Warnings: Trade validation rejected | Validation status rejected | Entry timing rejected | Risk engine rejected | AI final decision restrictive | Institutional decision restrictive | Weak trade validation | Entry engine restrictive | Risk engine says no trade | Weak risk/reward | Weak smart money | Weak market | Weak sector
ALIFE,ADAMJEE LIFE ASS.,INSURANCE,UNKNOWN,13JUL2026,33.47,0.0,65,2175.5499999999997,0.0,AVOID,17.1,82.9,18.0,50,50,NEUTRAL,0,REJECTED,AVOID,0,NO ENTRY,0.0,0,NO TRADE,REJECTED,AVOID,1.18,32.97,33.8,31.8,36.15,38.16,False,0,0.0,0,,NO POSITION,,0.0,0,0,0,0.0,0.0,0.0,0.0,0.0,0.0,0.0,0,False,NO ACTION,No actual open position,NORMAL,NO ACTION,0.0,0.0,0.0,0.0,0.0,0.0,0.0,NOT APPLICABLE,0.0,exit_intelligence_engine_v1_1_position_state_aware,Balanced multi-engine consensus | Warnings: Trade validation rejected | Validation status rejected | Entry timing rejected | Risk engine rejected | AI final decision restrictive | Institutional decision restrictive | Weak trade validation | Entry engine restrictive | Risk engine says no trade | Weak risk/reward | Weak market | Weak sector
PACE,PACE (PAK) LTD.,REAL_ESTATE,UNKNOWN,13JUL2026,11.23,-2.854671280276817,7678084,86224883.32000001,0.0,AVOID,11.54,88.46,18.0,34,40,NEUTRAL,0,REJECTED,AVOID,0,NO ENTRY,0.0,0,NO TRADE,REJECTED,AVOID,1.18,11.06,11.34,10.67,12.13,12.8,False,0,0.0,0,,NO POSITION,,0.0,0,0,0,0.0,0.0,0.0,0.0,0.0,0.0,0.0,0,False,NO ACTION,No actual open position,NORMAL,NO ACTION,0.0,0.0,0.0,0.0,0.0,0.0,0.0,NOT APPLICABLE,0.0,exit_intelligence_engine_v1_1_position_state_aware,Balanced multi-engine consensus | Warnings: Trade validation rejected | Validation status rejected | Entry timing rejected | Risk engine rejected | AI final decision restrictive | Institutional decision restrictive | Weak trade validation | Entry engine restrictive | Risk engine says no trade | Weak risk/reward | Weak smart money | Weak trend | Weak market | Weak sector
ARPAK,ARPAK INT.,MISCELLANEOUS,TRADING / SERVICES,13JUL2026,137.22,-1.9577022006287574,5037,691177.14,0.0,AVOID,16.35,83.65,17.97,39,50,NEUTRAL,0,REJECTED,AVOID,0,NO ENTRY,0.0,0,NO TRADE,REJECTED,AVOID,1.17,135.16,138.59,130.36,148.2,156.43,False,0,0.0,0,,NO POSITION,,0.0,0,0,0,0.0,0.0,0.0,0.0,0.0,0.0,0.0,0,False,NO ACTION,No actual open position,NORMAL,NO ACTION,0.0,0.0,0.0,0.0,0.0,0.0,0.0,NOT APPLICABLE,0.0,exit_intelligence_engine_v1_1_position_state_aware,Strong trend | Warnings: Trade validation rejected | Validation status rejected | Entry timing rejected | Risk engine rejected | AI final decision restrictive | Institutional decision restrictive | Weak trade validation | Entry engine restrictive | Risk engine says no trade | Weak risk/reward | Weak smart money | Weak market | High volatility
SEPL,SECURITY PAPER,PAPER & BOARD,SECURITY PAPER,13JUL2026,150.07,-0.8981047348610007,9536,1431067.52,0.0,AVOID,14.6,85.4,17.97,38,50,NEUTRAL,0,REJECTED,AVOID,0,NO ENTRY,0.0,0,NO TRADE,REJECTED,AVOID,1.17,147.82,151.57,142.57,162.08,171.08,False,0,0.0,0,,NO POSITION,,0.0,0,0,0,0.0,0.0,0.0,0.0,0.0,0.0,0.0,0,False,NO ACTION,No actual open position,NORMAL,NO ACTION,0.0,0.0,0.0,0.0,0.0,0.0,0.0,NOT APPLICABLE,0.0,exit_intelligence_engine_v1_1_position_state_aware,Strong trend | Warnings: Trade validation rejected | Validation status rejected | Entry timing rejected | Risk engine rejected | AI final decision restrictive | Institutional decision restrictive | Weak trade validation | Entry engine restrictive | Risk engine says no trade | Weak risk/reward | Weak smart money | Weak market | Weak sector
PKGI,PAK GEN.INS.,INSURANCE,GENERAL INSURANCE,13JUL2026,20.0,-4.0767386091127165,63495,1269900.0,0.0,AVOID,14.25,85.75,17.97,30,40,NEUTRAL,0,REJECTED,AVOID,0,NO ENTRY,0.0,0,NO TRADE,REJECTED,AVOID,1.17,19.7,20.2,19.0,21.6,22.8,False,0,0.0,0,,NO POSITION,,0.0,0,0,0,0.0,0.0,0.0,0.0,0.0,0.0,0.0,0,False,NO ACTION,No actual open position,NORMAL,NO ACTION,0.0,0.0,0.0,0.0,0.0,0.0,0.0,NOT APPLICABLE,0.0,exit_intelligence_engine_v1_1_position_state_aware,Balanced multi-engine consensus | Warnings: Trade validation rejected | Validation status rejected | Entry timing rejected | Risk engine rejected | AI final decision restrictive | Institutional decision restrictive | Weak trade validation | Entry engine restrictive | Risk engine says no trade | Weak risk/reward | Weak smart money | Weak market | Weak sector
WAFI,WAFI ENERGY PAK,OIL & GAS,OIL MARKETING / ENERGY,13JUL2026,194.49,-1.7727272727272683,215724,41956160.760000005,0.0,AVOID,12.61,87.39,17.97,42,40,NEUTRAL,0,REJECTED,AVOID,0,NO ENTRY,0.0,0,NO TRADE,REJECTED,AVOID,1.17,191.57,196.43,184.77,210.05,221.72,False,0,0.0,0,,NO POSITION,,0.0,0,0,0,0.0,0.0,0.0,0.0,0.0,0.0,0.0,0,False,NO ACTION,No actual open position,NORMAL,NO ACTION,0.0,0.0,0.0,0.0,0.0,0.0,0.0,NOT APPLICABLE,0.0,exit_intelligence_engine_v1_1_position_state_aware,Balanced multi-engine consensus | Warnings: Trade validation rejected | Validation status rejected | Entry timing rejected | Risk engine rejected | AI final decision restrictive | Institutional decision restrictive | Weak trade validation | Entry engine restrictive | Risk engine says no trade | Weak risk/reward | Weak smart money | Weak trend | Weak market | Weak sector
PQGTL,PAK QATAR GENERAL,INSURANCE,GENERAL INSURANCE,13JUL2026,15.05,-0.7255936675461704,451430,6794021.5,0.0,AVOID,13.45,86.55,17.95,29,40,NEUTRAL,0,REJECTED,AVOID,0,NO ENTRY,0.0,0,NO TRADE,REJECTED,AVOID,1.17,14.82,15.2,14.3,16.25,17.16,False,0,0.0,0,,NO POSITION,,0.0,0,0,0,0.0,0.0,0.0,0.0,0.0,0.0,0.0,0,False,NO ACTION,No actual open position,NORMAL,NO ACTION,0.0,0.0,0.0,0.0,0.0,0.0,0.0,NOT APPLICABLE,0.0,exit_intelligence_engine_v1_1_position_state_aware,Balanced multi-engine consensus | Warnings: Trade validation rejected | Validation status rejected | Entry timing rejected | Risk engine rejected | AI final decision restrictive | Institutional decision restrictive | Weak trade validation | Entry engine restrictive | Risk engine says no trade | Weak risk/reward | Weak smart money | Weak market | Weak sector
IGIHL,IGI HOLDINGS,INSURANCE,INSURANCE HOLDING,13JUL2026,254.83,-1.3586746148486346,121840,31048487.200000003,0.0,AVOID,12.5,87.5,17.95,28,40,NEUTRAL,0,REJECTED,AVOID,0,NO ENTRY,0.0,0,NO TRADE,REJECTED,AVOID,1.17,251.01,257.38,242.09,275.22,290.51,False,0,0.0,0,,NO POSITION,,0.0,0,0,0,0.0,0.0,0.0,0.0,0.0,0.0,0.0,0,False,NO ACTION,No actual open position,NORMAL,NO ACTION,0.0,0.0,0.0,0.0,0.0,0.0,0.0,NOT APPLICABLE,0.0,exit_intelligence_engine_v1_1_position_state_aware,Strong trend | Warnings: Trade validation rejected | Validation status rejected | Entry timing rejected | Risk engine rejected | AI final decision restrictive | Institutional decision restrictive | Weak trade validation | Entry engine restrictive | Risk engine says no trade | Weak risk/reward | Weak smart money | Weak market | Weak sector
AKGL,AL-KHAIR GADOON,TEXTILE,TEXTILE MILLS,13JUL2026,53.08,0.0,142,7537.36,0.0,AVOID,16.76,83.24,17.92,53,62,NEUTRAL,0,REJECTED,AVOID,0,NO ENTRY,0.0,0,NO TRADE,REJECTED,AVOID,1.17,52.28,53.61,50.43,57.33,60.51,False,0,0.0,0,,NO POSITION,,0.0,0,0,0,0.0,0.0,0.0,0.0,0.0,0.0,0.0,0,False,NO ACTION,No actual open position,NORMAL,NO ACTION,0.0,0.0,0.0,0.0,0.0,0.0,0.0,NOT APPLICABLE,0.0,exit_intelligence_engine_v1_1_position_state_aware,Balanced multi-engine consensus | Warnings: Trade validation rejected | Validation status rejected | Entry timing rejected | Risk engine rejected | AI final decision restrictive | Institutional decision restrictive | Weak trade validation | Entry engine restrictive | Risk engine says no trade | Weak risk/reward | Weak market | Weak sector | High volatility
GEMPAPL,PAK AGRO PACK,PACKAGING,AGRO PACKAGING,13JUL2026,11.5,-2.127659574468085,2501,28761.5,0.0,AVOID,16.72,83.28,17.92,35,50,NEUTRAL,0,REJECTED,AVOID,0,NO ENTRY,0.0,0,NO TRADE,REJECTED,AVOID,1.14,11.33,11.62,10.92,12.42,13.11,False,0,0.0,0,,NO POSITION,,0.0,0,0,0,0.0,0.0,0.0,0.0,0.0,0.0,0.0,0,False,NO ACTION,No actual open position,NORMAL,NO ACTION,0.0,0.0,0.0,0.0,0.0,0.0,0.0,NOT APPLICABLE,0.0,exit_intelligence_engine_v1_1_position_state_aware,Strong trend | Warnings: Trade validation rejected | Validation status rejected | Entry timing rejected | Risk engine rejected | AI final decision restrictive | Institutional decision restrictive | Weak trade validation | Entry engine restrictive | Risk engine says no trade | Weak risk/reward | Weak smart money | Weak market | Weak sector | Very high volatility
PTL,PANTHER TYRES LTD.,AUTO PARTS,TYRES,13JUL2026,54.92,-1.7003758725612956,60360,3314971.2,0.0,AVOID,14.39,85.61,17.92,36,40,NEUTRAL,0,REJECTED,AVOID,0,NO ENTRY,0.0,0,NO TRADE,REJECTED,AVOID,1.16,54.1,55.47,52.17,59.31,62.61,False,0,0.0,0,,NO POSITION,,0.0,0,0,0,0.0,0.0,0.0,0.0,0.0,0.0,0.0,0,False,NO ACTION,No actual open position,NORMAL,NO ACTION,0.0,0.0,0.0,0.0,0.0,0.0,0.0,NOT APPLICABLE,0.0,exit_intelligence_engine_v1_1_position_state_aware,Strong trend | Warnings: Trade validation rejected | Validation status rejected | Entry timing rejected | Risk engine rejected | AI final decision restrictive | Institutional decision restrictive | Weak trade validation | Entry engine restrictive | Risk engine says no trade | Weak risk/reward | Weak smart money | Weak market | Weak sector
IBLHL,IBL HEALTHCARE,PHARMA,UNKNOWN,13JUL2026,53.84,-2.357635110627488,157189,8463055.76,0.0,AVOID,13.15,86.85,17.92,30,40,NEUTRAL,0,REJECTED,AVOID,0,NO ENTRY,0.0,0,NO TRADE,REJECTED,AVOID,1.17,53.03,54.38,51.15,58.15,61.38,False,0,0.0,0,,NO POSITION,,0.0,0,0,0,0.0,0.0,0.0,0.0,0.0,0.0,0.0,0,False,NO ACTION,No actual open position,NORMAL,NO ACTION,0.0,0.0,0.0,0.0,0.0,0.0,0.0,NOT APPLICABLE,0.0,exit_intelligence_engine_v1_1_position_state_aware,Strong trend | Warnings: Trade validation rejected | Validation status rejected | Entry timing rejected | Risk engine rejected | AI final decision restrictive | Institutional decision restrictive | Weak trade validation | Entry engine restrictive | Risk engine says no trade | Weak risk/reward | Weak smart money | Weak market | Weak sector
ISL,INTER.STEEL LTD,STEEL,UNKNOWN,13JUL2026,89.09,-2.8250436300174555,330305,29426872.450000003,0.0,AVOID,12.1,87.9,17.92,30,40,NEUTRAL,0,REJECTED,AVOID,0,NO ENTRY,0.0,0,NO TRADE,REJECTED,AVOID,1.17,87.75,89.98,84.64,96.22,101.56,False,0,0.0,0,,NO POSITION,,0.0,0,0,0,0.0,0.0,0.0,0.0,0.0,0.0,0.0,0,False,NO ACTION,No actual open position,NORMAL,NO ACTION,0.0,0.0,0.0,0.0,0.0,0.0,0.0,NOT APPLICABLE,0.0,exit_intelligence_engine_v1_1_position_state_aware,Balanced multi-engine consensus | Warnings: Trade validation rejected | Validation status rejected | Entry timing rejected | Risk engine rejected | AI final decision restrictive | Institutional decision restrictive | Weak trade validation | Entry engine restrictive | Risk engine says no trade | Weak risk/reward | Weak smart money | Weak market | Weak sector
FECTC,FECTO CEMENT,CEMENT,CEMENT MANUFACTURING,13JUL2026,111.96,-4.078135709389998,244362,27358769.52,0.0,AVOID,12.26,87.74,17.91,30,40,NEUTRAL,0,REJECTED,AVOID,0,NO ENTRY,0.0,0,NO TRADE,REJECTED,AVOID,1.17,110.28,113.08,106.36,120.92,127.63,False,0,0.0,0,,NO POSITION,,0.0,0,0,0,0.0,0.0,0.0,0.0,0.0,0.0,0.0,0,False,NO ACTION,No actual open position,NORMAL,NO ACTION,0.0,0.0,0.0,0.0,0.0,0.0,0.0,NOT APPLICABLE,0.0,exit_intelligence_engine_v1_1_position_state_aware,Strong trend | Warnings: Trade validation rejected | Validation status rejected | Entry timing rejected | Risk engine rejected | AI final decision restrictive | Institutional decision restrictive | Weak trade validation | Entry engine restrictive | Risk engine says no trade | Weak risk/reward | Weak smart money | Weak market | Weak sector
POML,PUNJAB OIL,OIL & GAS,OIL MARKETING / ENERGY,13JUL2026,170.18,0.08233356857210937,5502,936330.36,0.0,AVOID,16.8,83.2,17.88,45,50,NEUTRAL,0,REJECTED,AVOID,0,NO ENTRY,0.0,0,NO TRADE,REJECTED,AVOID,1.17,167.63,171.88,161.67,183.79,194.01,False,0,0.0,0,,NO POSITION,,0.0,0,0,0,0.0,0.0,0.0,0.0,0.0,0.0,0.0,0,False,NO ACTION,No actual open position,NORMAL,NO ACTION,0.0,0.0,0.0,0.0,0.0,0.0,0.0,NOT APPLICABLE,0.0,exit_intelligence_engine_v1_1_position_state_aware,Strong trend | Warnings: Trade validation rejected | Validation status rejected | Entry timing rejected | Risk engine rejected | AI final decision restrictive | Institutional decision restrictive | Weak trade validation | Entry engine restrictive | Risk engine says no trade | Weak risk/reward | Weak market | Weak sector
DIIL,DIAMOND IND.,ENGINEERING,INDUSTRIAL MANUFACTURING,13JUL2026,63.58,5.878434637801834,524,33315.92,0.0,AVOID,16.93,83.07,17.87,47,45,NEUTRAL,0,REJECTED,AVOID,0,NO ENTRY,0.0,0,NO TRADE,REJECTED,AVOID,1.16,62.63,64.22,60.4,68.67,72.48,False,0,0.0,0,,NO POSITION,,0.0,0,0,0,0.0,0.0,0.0,0.0,0.0,0.0,0.0,0,False,NO ACTION,No actual open position,NORMAL,NO ACTION,0.0,0.0,0.0,0.0,0.0,0.0,0.0,NOT APPLICABLE,0.0,exit_intelligence_engine_v1_1_position_state_aware,Balanced multi-engine consensus | Warnings: Trade validation rejected | Validation status rejected | Entry timing rejected | Risk engine rejected | AI final decision restrictive | Institutional decision restrictive | Weak trade validation | Entry engine restrictive | Risk engine says no trade | Weak risk/reward | Weak market | Weak sector
ECOP,ECOPACK LTD,PACKAGING,PLASTIC PACKAGING,13JUL2026,54.56,-4.481792717086827,87405,4768816.8,0.0,AVOID,14.09,85.91,17.87,36,40,NEUTRAL,0,REJECTED,AVOID,0,NO ENTRY,0.0,0,NO TRADE,REJECTED,AVOID,1.16,53.74,55.11,51.83,58.92,62.2,False,0,0.0,0,,NO POSITION,,0.0,0,0,0,0.0,0.0,0.0,0.0,0.0,0.0,0.0,0,False,NO ACTION,No actual open position,NORMAL,NO ACTION,0.0,0.0,0.0,0.0,0.0,0.0,0.0,NOT APPLICABLE,0.0,exit_intelligence_engine_v1_1_position_state_aware,Strong trend | Warnings: Trade validation rejected | Validation status rejected | Entry timing rejected | Risk engine rejected | AI final decision restrictive | Institutional decision restrictive | Weak trade validation | Entry engine restrictive | Risk engine says no trade | Weak risk/reward | Weak smart money | Weak market | Weak sector
TRG,TRG PAK LTD,TECHNOLOGY,UNKNOWN,13JUL2026,64.07,-2.3025312595303524,902305,57810681.349999994,0.0,AVOID,10.58,89.42,17.87,29,40,NEUTRAL,0,REJECTED,AVOID,0,NO ENTRY,0.0,0,NO TRADE,REJECTED,AVOID,1.17,63.11,64.71,60.87,69.2,73.04,False,0,0.0,0,,NO POSITION,,0.0,0,0,0,0.0,0.0,0.0,0.0,0.0,0.0,0.0,0,False,NO ACTION,No actual open position,NORMAL,NO ACTION,0.0,0.0,0.0,0.0,0.0,0.0,0.0,NOT APPLICABLE,0.0,exit_intelligence_engine_v1_1_position_state_aware,Balanced multi-engine consensus | Warnings: Trade validation rejected | Validation status rejected | Entry timing rejected | Risk engine rejected | AI final decision restrictive | Institutional decision restrictive | Weak trade validation | Entry engine restrictive | Risk engine says no trade | Weak risk/reward | Weak smart money | Weak market | Weak sector
KSTM,KHALID SIRAJ,TEXTILE,TEXTILE MILLS,13JUL2026,12.9,-1.526717557251903,7651,98697.90000000001,0.0,AVOID,15.97,84.03,17.86,39,50,NEUTRAL,0,REJECTED,AVOID,0,NO ENTRY,0.0,0,NO TRADE,REJECTED,AVOID,1.15,12.71,13.03,12.25,13.93,14.71,False,0,0.0,0,,NO POSITION,,0.0,0,0,0,0.0,0.0,0.0,0.0,0.0,0.0,0.0,0,False,NO ACTION,No actual open position,NORMAL,NO ACTION,0.0,0.0,0.0,0.0,0.0,0.0,0.0,NOT APPLICABLE,0.0,exit_intelligence_engine_v1_1_position_state_aware,Strong trend | Warnings: Trade validation rejected | Validation status rejected | Entry timing rejected | Risk engine rejected | AI final decision restrictive | Institutional decision restrictive | Weak trade validation | Entry engine restrictive | Risk engine says no trade | Weak risk/reward | Weak smart money | Weak market | Weak sector | High volatility
HAEL,HALA ENTERPRISE,MISCELLANEOUS,TRADING / ENTERPRISE,13JUL2026,28.67,-6.123117223313679,41090,1178050.3,0.0,AVOID,14.05,85.95,17.86,38,40,NEUTRAL,0,REJECTED,AVOID,0,NO ENTRY,0.0,0,NO TRADE,REJECTED,AVOID,1.16,28.24,28.96,27.24,30.96,32.68,False,0,0.0,0,,NO POSITION,,0.0,0,0,0,0.0,0.0,0.0,0.0,0.0,0.0,0.0,0,False,NO ACTION,No actual open position,NORMAL,NO ACTION,0.0,0.0,0.0,0.0,0.0,0.0,0.0,NOT APPLICABLE,0.0,exit_intelligence_engine_v1_1_position_state_aware,Strong trend | Warnings: Trade validation rejected | Validation status rejected | Entry timing rejected | Risk engine rejected | AI final decision restrictive | Institutional decision restrictive | Weak trade validation | Entry engine restrictive | Risk engine says no trade | Weak risk/reward | Weak smart money | Weak market | High volatility
SRR,SIGNATURE RESIDENCY,PROPERTY,REAL ESTATE / RESIDENCY,13JUL2026,16.29,0.06142506142504921,32627,531493.83,0.0,AVOID,15.84,84.16,17.84,42,45,NEUTRAL,0,REJECTED,AVOID,0,NO ENTRY,0.0,0,NO TRADE,REJECTED,AVOID,1.18,16.05,16.45,15.48,17.59,18.57,False,0,0.0,0,,NO POSITION,,0.0,0,0,0,0.0,0.0,0.0,0.0,0.0,0.0,0.0,0,False,NO ACTION,No actual open position,NORMAL,NO ACTION,0.0,0.0,0.0,0.0,0.0,0.0,0.0,NOT APPLICABLE,0.0,exit_intelligence_engine_v1_1_position_state_aware,Balanced multi-engine consensus | Warnings: Trade validation rejected | Validation status rejected | Entry timing rejected | Risk engine rejected | AI final decision restrictive | Institutional decision restrictive | Weak trade validation | Entry engine restrictive | Risk engine says no trade | Weak risk/reward | Weak smart money | Weak market | Weak sector
FTSM,TRI-STAR 1ST MOD.,MODARABA,MODARABA,13JUL2026,34.64,-3.937881308929566,26486,917475.04,0.0,AVOID,15.59,84.41,17.82,29,50,NEUTRAL,0,REJECTED,AVOID,0,NO ENTRY,0.0,0,NO TRADE,REJECTED,AVOID,1.16,34.12,34.99,32.91,37.41,39.49,False,0,0.0,0,,NO POSITION,,0.0,0,0,0,0.0,0.0,0.0,0.0,0.0,0.0,0.0,0,False,NO ACTION,No actual open position,NORMAL,NO ACTION,0.0,0.0,0.0,0.0,0.0,0.0,0.0,NOT APPLICABLE,0.0,exit_intelligence_engine_v1_1_position_state_aware,Strong trend | Warnings: Trade validation rejected | Validation status rejected | Entry timing rejected | Risk engine rejected | AI final decision restrictive | Institutional decision restrictive | Weak trade validation | Entry engine restrictive | Risk engine says no trade | Weak risk/reward | Weak smart money | Weak market | Very high volatility
LOADS,LOADS LIMITED,AUTO PARTS,AUTO PARTS,13JUL2026,14.25,-2.129120879120882,993395,14155878.75,0.0,AVOID,12.53,87.47,17.82,30,40,NEUTRAL,0,REJECTED,AVOID,0,NO ENTRY,0.0,0,NO TRADE,REJECTED,AVOID,1.18,14.04,14.39,13.54,15.39,16.24,False,0,0.0,0,,NO POSITION,,0.0,0,0,0,0.0,0.0,0.0,0.0,0.0,0.0,0.0,0,False,NO ACTION,No actual open position,NORMAL,NO ACTION,0.0,0.0,0.0,0.0,0.0,0.0,0.0,NOT APPLICABLE,0.0,exit_intelligence_engine_v1_1_position_state_aware,Balanced multi-engine consensus | Warnings: Trade validation rejected | Validation status rejected | Entry timing rejected | Risk engine rejected | AI final decision restrictive | Institutional decision restrictive | Weak trade validation | Entry engine restrictive | Risk engine says no trade | Weak risk/reward | Weak smart money | Weak market | Weak sector
GFIL,GHAZI FABRICS,TEXTILE,FABRICS / TEXTILE,13JUL2026,31.07,-2.6629072681704304,10182,316354.74,0.0,AVOID,15.4,84.6,17.81,43,40,NEUTRAL,0,REJECTED,AVOID,0,NO ENTRY,0.0,0,NO TRADE,REJECTED,AVOID,1.17,30.6,31.38,29.52,33.56,35.42,False,0,0.0,0,,NO POSITION,,0.0,0,0,0,0.0,0.0,0.0,0.0,0.0,0.0,0.0,0,False,NO ACTION,No actual open position,NORMAL,NO ACTION,0.0,0.0,0.0,0.0,0.0,0.0,0.0,NOT APPLICABLE,0.0,exit_intelligence_engine_v1_1_position_state_aware,Strong trend | Warnings: Trade validation rejected | Validation status rejected | Entry timing rejected | Risk engine rejected | AI final decision restrictive | Institutional decision restrictive | Weak trade validation | Entry engine restrictive | Risk engine says no trade | Weak risk/reward | Weak smart money | Weak market | Weak sector
PIOC,PIONEER CEMENT,CEMENT,UNKNOWN,13JUL2026,269.54,-1.1188965112439764,268735,72434831.9,0.0,AVOID,9.72,90.28,17.81,22,40,NEUTRAL,0,REJECTED,AVOID,0,NO ENTRY,0.0,0,NO TRADE,REJECTED,AVOID,1.17,265.5,272.24,256.06,291.1,307.28,False,0,0.0,0,,NO POSITION,,0.0,0,0,0,0.0,0.0,0.0,0.0,0.0,0.0,0.0,0,False,NO ACTION,No actual open position,NORMAL,NO ACTION,0.0,0.0,0.0,0.0,0.0,0.0,0.0,NOT APPLICABLE,0.0,exit_intelligence_engine_v1_1_position_state_aware,Balanced multi-engine consensus | Warnings: Trade validation rejected | Validation status rejected | Entry timing rejected | Risk engine rejected | AI final decision restrictive | Institutional decision restrictive | Weak trade validation | Entry engine restrictive | Risk engine says no trade | Weak risk/reward | Weak smart money | Weak market | Weak sector
CSIL,CRES.STAR INS.,FINANCE,INVESTMENT / FINANCE,13JUL2026,5.79,-2.6890756302521033,797487,4617449.73,0.0,AVOID,14.19,85.81,17.8,43,40,NEUTRAL,0,REJECTED,AVOID,0,NO ENTRY,0.0,0,NO TRADE,REJECTED,AVOID,1.14,5.7,5.85,5.5,6.25,6.6,False,0,0.0,0,,NO POSITION,,0.0,0,0,0,0.0,0.0,0.0,0.0,0.0,0.0,0.0,0,False,NO ACTION,No actual open position,NORMAL,NO ACTION,0.0,0.0,0.0,0.0,0.0,0.0,0.0,NOT APPLICABLE,0.0,exit_intelligence_engine_v1_1_position_state_aware,Balanced multi-engine consensus | Warnings: Trade validation rejected | Validation status rejected | Entry timing rejected | Risk engine rejected | AI final decision restrictive | Institutional decision restrictive | Weak trade validation | Entry engine restrictive | Risk engine says no trade | Weak risk/reward | Weak smart money | Weak market
BAFL,BANK AL-FALAH,BANKS,UNKNOWN,13JUL2026,58.1,-0.9039740747057838,2167096,125908277.60000001,0.0,AVOID,9.34,90.66,17.78,35,40,NEUTRAL,0,REJECTED,AVOID,0,NO ENTRY,0.0,0,NO TRADE,REJECTED,AVOID,1.17,57.23,58.68,55.2,62.75,66.23,False,0,0.0,0,,NO POSITION,,0.0,0,0,0,0.0,0.0,0.0,0.0,0.0,0.0,0.0,0,False,NO ACTION,No actual open position,NORMAL,NO ACTION,0.0,0.0,0.0,0.0,0.0,0.0,0.0,NOT APPLICABLE,0.0,exit_intelligence_engine_v1_1_position_state_aware,Balanced multi-engine consensus | Warnings: Trade validation rejected | Validation status rejected | Entry timing rejected | Risk engine rejected | AI final decision restrictive | Institutional decision restrictive | Weak trade validation | Entry engine restrictive | Risk engine says no trade | Weak risk/reward | Weak smart money | Weak trend | Weak market | Weak sector
BERG,BERGER PAINTS,CHEMICAL,PAINTS,13JUL2026,108.24,-1.7250771745051803,46110,4990946.399999999,0.0,AVOID,13.65,86.35,17.77,38,40,NEUTRAL,0,REJECTED,AVOID,0,NO ENTRY,0.0,0,NO TRADE,REJECTED,AVOID,1.17,106.62,109.32,102.83,116.9,123.39,False,0,0.0,0,,NO POSITION,,0.0,0,0,0,0.0,0.0,0.0,0.0,0.0,0.0,0.0,0,False,NO ACTION,No actual open position,NORMAL,NO ACTION,0.0,0.0,0.0,0.0,0.0,0.0,0.0,NOT APPLICABLE,0.0,exit_intelligence_engine_v1_1_position_state_aware,Strong trend | Warnings: Trade validation rejected | Validation status rejected | Entry timing rejected | Risk engine rejected | AI final decision restrictive | Institutional decision restrictive | Weak trade validation | Entry engine restrictive | Risk engine says no trade | Weak risk/reward | Weak smart money | Weak market
FEROZ,FEROZSONS (LAB),PHARMA,UNKNOWN,13JUL2026,391.89,-2.376503998206417,12423,4868449.47,0.0,AVOID,13.34,86.66,17.77,43,40,NEUTRAL,0,REJECTED,AVOID,0,NO ENTRY,0.0,0,NO TRADE,REJECTED,AVOID,1.17,386.01,395.81,372.3,423.24,446.75,False,0,0.0,0,,NO POSITION,,0.0,0,0,0,0.0,0.0,0.0,0.0,0.0,0.0,0.0,0,False,NO ACTION,No actual open position,NORMAL,NO ACTION,0.0,0.0,0.0,0.0,0.0,0.0,0.0,NOT APPLICABLE,0.0,exit_intelligence_engine_v1_1_position_state_aware,Balanced multi-engine consensus | Warnings: Trade validation rejected | Validation status rejected | Entry timing rejected | Risk engine rejected | AI final decision restrictive | Institutional decision restrictive | Weak trade validation | Entry engine restrictive | Risk engine says no trade | Weak risk/reward | Weak smart money | Weak market | Weak sector
OBOY,OILBOY ENERGY,OIL & GAS,OIL / ENERGY,13JUL2026,17.41,-1.9707207207207287,1433596,24958906.36,0.0,AVOID,11.29,88.71,17.77,23,40,NEUTRAL,0,REJECTED,AVOID,0,NO ENTRY,0.0,0,NO TRADE,REJECTED,AVOID,1.17,17.15,17.58,16.54,18.8,19.85,False,0,0.0,0,,NO POSITION,,0.0,0,0,0,0.0,0.0,0.0,0.0,0.0,0.0,0.0,0,False,NO ACTION,No actual open position,NORMAL,NO ACTION,0.0,0.0,0.0,0.0,0.0,0.0,0.0,NOT APPLICABLE,0.0,exit_intelligence_engine_v1_1_position_state_aware,Strong trend | Warnings: Trade validation rejected | Validation status rejected | Entry timing rejected | Risk engine rejected | AI final decision restrictive | Institutional decision restrictive | Weak trade validation | Entry engine restrictive | Risk engine says no trade | Weak risk/reward | Weak smart money | Weak market | Weak sector | High volatility
QUICE,QUICE FOOD,FOOD,FOOD PROCESSING,13JUL2026,33.63,-0.7964601769911388,318998,10727902.74,0.0,AVOID,12.1,87.9,17.76,28,40,NEUTRAL,0,REJECTED,AVOID,0,NO ENTRY,0.0,0,NO TRADE,REJECTED,AVOID,1.16,33.13,33.97,31.95,36.32,38.34,False,0,0.0,0,,NO POSITION,,0.0,0,0,0,0.0,0.0,0.0,0.0,0.0,0.0,0.0,0,False,NO ACTION,No actual open position,NORMAL,NO ACTION,0.0,0.0,0.0,0.0,0.0,0.0,0.0,NOT APPLICABLE,0.0,exit_intelligence_engine_v1_1_position_state_aware,Strong trend | Warnings: Trade validation rejected | Validation status rejected | Entry timing rejected | Risk engine rejected | AI final decision restrictive | Institutional decision restrictive | Weak trade validation | Entry engine restrictive | Risk engine says no trade | Weak risk/reward | Weak smart money | Weak market | Weak sector
RICL,RELIANCE INS.,INSURANCE,GENERAL INSURANCE,13JUL2026,12.31,-0.08116883116882943,14626,180046.06,0.0,AVOID,15.24,84.76,17.73,42,40,NEUTRAL,0,REJECTED,AVOID,0,NO ENTRY,0.0,0,NO TRADE,REJECTED,AVOID,1.16,12.13,12.43,11.69,13.29,14.03,False,0,0.0,0,,NO POSITION,,0.0,0,0,0,0.0,0.0,0.0,0.0,0.0,0.0,0.0,0,False,NO ACTION,No actual open position,NORMAL,NO ACTION,0.0,0.0,0.0,0.0,0.0,0.0,0.0,NOT APPLICABLE,0.0,exit_intelligence_engine_v1_1_position_state_aware,Balanced multi-engine consensus | Warnings: Trade validation rejected | Validation status rejected | Entry timing rejected | Risk engine rejected | AI final decision restrictive | Institutional decision restrictive | Weak trade validation | Entry engine restrictive | Risk engine says no trade | Weak risk/reward | Weak smart money | Weak market | Weak sector
CENI,CENTURY INS.,INSURANCE,GENERAL INSURANCE,13JUL2026,54.0,0.05558643690939622,2133,115182.0,0.0,AVOID,14.94,85.06,17.72,40,45,NEUTRAL,0,REJECTED,AVOID,0,NO ENTRY,0.0,0,NO TRADE,REJECTED,AVOID,1.17,53.19,54.54,51.3,58.32,61.56,False,0,0.0,0,,NO POSITION,,0.0,0,0,0,0.0,0.0,0.0,0.0,0.0,0.0,0.0,0,False,NO ACTION,No actual open position,NORMAL,NO ACTION,0.0,0.0,0.0,0.0,0.0,0.0,0.0,NOT APPLICABLE,0.0,exit_intelligence_engine_v1_1_position_state_aware,Balanced multi-engine consensus | Warnings: Trade validation rejected | Validation status rejected | Entry timing rejected | Risk engine rejected | AI final decision restrictive | Institutional decision restrictive | Weak trade validation | Entry engine restrictive | Risk engine says no trade | Weak risk/reward | Weak smart money | Weak market | Weak sector
DLL,DAWOOD LAW,INVESTMENT,HOLDING / INVESTMENT,13JUL2026,59.0,-0.2029769959404558,42452,2504668.0,0.0,AVOID,13.14,86.86,17.72,42,40,NEUTRAL,0,REJECTED,AVOID,0,NO ENTRY,0.0,0,NO TRADE,REJECTED,AVOID,1.17,58.12,59.59,56.05,63.72,67.26,False,0,0.0,0,,NO POSITION,,0.0,0,0,0,0.0,0.0,0.0,0.0,0.0,0.0,0.0,0,False,NO ACTION,No actual open position,NORMAL,NO ACTION,0.0,0.0,0.0,0.0,0.0,0.0,0.0,NOT APPLICABLE,0.0,exit_intelligence_engine_v1_1_position_state_aware,Balanced multi-engine consensus | Warnings: Trade validation rejected | Validation status rejected | Entry timing rejected | Risk engine rejected | AI final decision restrictive | Institutional decision restrictive | Weak trade validation | Entry engine restrictive | Risk engine says no trade | Weak risk/reward | Weak smart money | Weak market | Weak sector
IML,IMPERIAL LIMITE,MISCELLANEOUS,INDUSTRIAL / TRADING,13JUL2026,24.8,0.0,258,6398.400000000001,0.0,AVOID,15.72,84.28,17.69,37,40,NEUTRAL,0,REJECTED,AVOID,0,NO ENTRY,0.0,0,NO TRADE,REJECTED,AVOID,1.16,24.43,25.05,23.56,26.78,28.27,False,0,0.0,0,,NO POSITION,,0.0,0,0,0,0.0,0.0,0.0,0.0,0.0,0.0,0.0,0,False,NO ACTION,No actual open position,NORMAL,NO ACTION,0.0,0.0,0.0,0.0,0.0,0.0,0.0,NOT APPLICABLE,0.0,exit_intelligence_engine_v1_1_position_state_aware,Strong trend | Warnings: Trade validation rejected | Validation status rejected | Entry timing rejected | Risk engine rejected | AI final decision restrictive | Institutional decision restrictive | Weak trade validation | Entry engine restrictive | Risk engine says no trade | Weak risk/reward | Weak smart money | Weak market
P01GHS100627,1 YEAR GHS,GOVT SECURITIES,1 YEAR GHS,13JUL2026,90.77,0.03306149437954721,5000,453850.0,0.0,AVOID,15.84,84.16,17.67,48,67,NEUTRAL,0,REJECTED,AVOID,0,NO ENTRY,0.0,0,NO TRADE,REJECTED,AVOID,1.17,89.41,91.68,86.23,98.03,103.48,False,0,0.0,0,,NO POSITION,,0.0,0,0,0,0.0,0.0,0.0,0.0,0.0,0.0,0.0,0,False,NO ACTION,No actual open position,NORMAL,NO ACTION,0.0,0.0,0.0,0.0,0.0,0.0,0.0,NOT APPLICABLE,0.0,exit_intelligence_engine_v1_1_position_state_aware,Balanced multi-engine consensus | Warnings: Trade validation rejected | Validation status rejected | Entry timing rejected | Risk engine rejected | AI final decision restrictive | Institutional decision restrictive | Weak trade validation | Entry engine restrictive | Risk engine says no trade | Weak risk/reward | Weak market | RSI overheated | Very high volatility
FIMM,IMROOZ MODARABA,MODARABA,MODARABA,13JUL2026,217.82,0.0,86,18732.52,0.0,AVOID,14.27,85.73,17.65,42,40,NEUTRAL,0,REJECTED,AVOID,0,NO ENTRY,0.0,0,NO TRADE,REJECTED,AVOID,1.17,214.55,220.0,206.93,235.25,248.31,False,0,0.0,0,,NO POSITION,,0.0,0,0,0,0.0,0.0,0.0,0.0,0.0,0.0,0.0,0,False,NO ACTION,No actual open position,NORMAL,NO ACTION,0.0,0.0,0.0,0.0,0.0,0.0,0.0,NOT APPLICABLE,0.0,exit_intelligence_engine_v1_1_position_state_aware,Balanced multi-engine consensus | Warnings: Trade validation rejected | Validation status rejected | Entry timing rejected | Risk engine rejected | AI final decision restrictive | Institutional decision restrictive | Weak trade validation | Entry engine restrictive | Risk engine says no trade | Weak risk/reward | Weak smart money | Weak market
FFLM,1ST.FID.LEASING,MODARABA,UNKNOWN,13JUL2026,18.31,-1.506186121570743,714879,13089434.489999998,0.0,AVOID,11.39,88.61,17.65,21,40,NEUTRAL,0,REJECTED,AVOID,0,NO ENTRY,0.0,0,NO TRADE,REJECTED,AVOID,1.16,18.04,18.49,17.39,19.77,20.87,False,0,0.0,0,,NO POSITION,,0.0,0,0,0,0.0,0.0,0.0,0.0,0.0,0.0,0.0,0,False,NO ACTION,No actual open position,NORMAL,NO ACTION,0.0,0.0,0.0,0.0,0.0,0.0,0.0,NOT APPLICABLE,0.0,exit_intelligence_engine_v1_1_position_state_aware,Balanced multi-engine consensus | Warnings: Trade validation rejected | Validation status rejected | Entry timing rejected | Risk engine rejected | AI final decision restrictive | Institutional decision restrictive | Weak trade validation | Entry engine restrictive | Risk engine says no trade | Weak risk/reward | Weak smart money | Weak market | Very high volatility
FCEPL,FRIESLANDCAMPINA,FOOD,DAIRY / FOOD,13JUL2026,104.51,-1.8961794799586933,237982,24871498.82,0.0,AVOID,10.41,89.59,17.64,28,40,NEUTRAL,0,REJECTED,AVOID,0,NO ENTRY,0.0,0,NO TRADE,REJECTED,AVOID,1.16,102.94,105.56,99.28,112.87,119.14,False,0,0.0,0,,NO POSITION,,0.0,0,0,0,0.0,0.0,0.0,0.0,0.0,0.0,0.0,0,False,NO ACTION,No actual open position,NORMAL,NO ACTION,0.0,0.0,0.0,0.0,0.0,0.0,0.0,NOT APPLICABLE,0.0,exit_intelligence_engine_v1_1_position_state_aware,Balanced multi-engine consensus | Warnings: Trade validation rejected | Validation status rejected | Entry timing rejected | Risk engine rejected | AI final decision restrictive | Institutional decision restrictive | Weak trade validation | Entry engine restrictive | Risk engine says no trade | Weak risk/reward | Weak smart money | Weak market | Weak sector
KAPCO,KOT ADDU POWER,POWER,UNKNOWN,13JUL2026,27.84,-0.6778451658936898,485142,13506353.28,0.0,AVOID,11.34,88.66,17.63,32,40,NEUTRAL,0,REJECTED,AVOID,0,NO ENTRY,0.0,0,NO TRADE,REJECTED,AVOID,1.17,27.42,28.12,26.45,30.07,31.74,False,0,0.0,0,,NO POSITION,,0.0,0,0,0,0.0,0.0,0.0,0.0,0.0,0.0,0.0,0,False,NO ACTION,No actual open position,NORMAL,NO ACTION,0.0,0.0,0.0,0.0,0.0,0.0,0.0,NOT APPLICABLE,0.0,exit_intelligence_engine_v1_1_position_state_aware,Balanced multi-engine consensus | Warnings: Trade validation rejected | Validation status rejected | Entry timing rejected | Risk engine rejected | AI final decision restrictive | Institutional decision restrictive | Weak trade validation | Entry engine restrictive | Risk engine says no trade | Weak risk/reward | Weak smart money | Weak market | Weak sector
KCL,KARAM CERAMICS,CERAMICS,CERAMICS,13JUL2026,136.89,7.255347488834907,288,39424.31999999999,0.0,AVOID,14.98,85.02,17.61,46,52,NEUTRAL,0,REJECTED,AVOID,0,NO ENTRY,0.0,0,NO TRADE,REJECTED,AVOID,1.17,134.84,138.26,130.05,147.84,156.05,False,0,0.0,0,,NO POSITION,,0.0,0,0,0,0.0,0.0,0.0,0.0,0.0,0.0,0.0,0,False,NO ACTION,No actual open position,NORMAL,NO ACTION,0.0,0.0,0.0,0.0,0.0,0.0,0.0,NOT APPLICABLE,0.0,exit_intelligence_engine_v1_1_position_state_aware,Balanced multi-engine consensus | Warnings: Trade validation rejected | Validation status rejected | Entry timing rejected | Risk engine rejected | AI final decision restrictive | Institutional decision restrictive | Weak trade validation | Entry engine restrictive | Risk engine says no trade | Weak risk/reward | Weak market | Weak sector | Large daily move
SHCM,SHADMAN COTTON,TEXTILE,COTTON / TEXTILE,13JUL2026,47.91,-0.1875000000000071,732,35070.119999999995,0.0,AVOID,14.6,85.4,17.61,36,52,NEUTRAL,0,REJECTED,AVOID,0,NO ENTRY,0.0,0,NO TRADE,REJECTED,AVOID,1.16,47.19,48.39,45.51,51.74,54.62,False,0,0.0,0,,NO POSITION,,0.0,0,0,0,0.0,0.0,0.0,0.0,0.0,0.0,0.0,0,False,NO ACTION,No actual open position,NORMAL,NO ACTION,0.0,0.0,0.0,0.0,0.0,0.0,0.0,NOT APPLICABLE,0.0,exit_intelligence_engine_v1_1_position_state_aware,Strong trend | Warnings: Trade validation rejected | Validation status rejected | Entry timing rejected | Risk engine rejected | AI final decision restrictive | Institutional decision restrictive | Weak trade validation | Entry engine restrictive | Risk engine says no trade | Weak risk/reward | Weak smart money | Weak market | Weak sector | Very high volatility
LCI,LUCKY CORE IND.,CHEMICAL,DIVERSIFIED CHEMICALS,13JUL2026,234.6,-0.9206858687389167,42354,9936248.4,0.0,AVOID,11.16,88.84,17.61,37,40,NEUTRAL,0,REJECTED,AVOID,0,NO ENTRY,0.0,0,NO TRADE,REJECTED,AVOID,1.17,231.08,236.95,222.87,253.37,267.44,False,0,0.0,0,,NO POSITION,,0.0,0,0,0,0.0,0.0,0.0,0.0,0.0,0.0,0.0,0,False,NO ACTION,No actual open position,NORMAL,NO ACTION,0.0,0.0,0.0,0.0,0.0,0.0,0.0,NOT APPLICABLE,0.0,exit_intelligence_engine_v1_1_position_state_aware,Balanced multi-engine consensus | Warnings: Trade validation rejected | Validation status rejected | Entry timing rejected | Risk engine rejected | AI final decision restrictive | Institutional decision restrictive | Weak trade validation | Entry engine restrictive | Risk engine says no trade | Weak risk/reward | Weak smart money | Weak market
SGF,SERVICE GLOBAL,AUTO PARTS,TYRES / FOOTWEAR,13JUL2026,116.32,-2.186343760511275,351798,40921143.36,0.0,AVOID,9.96,90.04,17.58,28,40,NEUTRAL,0,REJECTED,AVOID,0,NO ENTRY,0.0,0,NO TRADE,REJECTED,AVOID,1.17,114.58,117.48,110.5,125.63,132.6,False,0,0.0,0,,NO POSITION,,0.0,0,0,0,0.0,0.0,0.0,0.0,0.0,0.0,0.0,0,False,NO ACTION,No actual open position,NORMAL,NO ACTION,0.0,0.0,0.0,0.0,0.0,0.0,0.0,NOT APPLICABLE,0.0,exit_intelligence_engine_v1_1_position_state_aware,Balanced multi-engine consensus | Warnings: Trade validation rejected | Validation status rejected | Entry timing rejected | Risk engine rejected | AI final decision restrictive | Institutional decision restrictive | Weak trade validation | Entry engine restrictive | Risk engine says no trade | Weak risk/reward | Weak smart money | Weak market | Weak sector
FTMM,F.TREET MANUF,ENGINEERING,MANUFACTURING,13JUL2026,16.92,-0.47058823529410765,6084,102941.28000000001,0.0,AVOID,14.26,85.74,17.57,43,40,NEUTRAL,0,REJECTED,AVOID,0,NO ENTRY,0.0,0,NO TRADE,REJECTED,AVOID,1.16,16.67,17.09,16.07,18.27,19.29,False,0,0.0,0,,NO POSITION,,0.0,0,0,0,0.0,0.0,0.0,0.0,0.0,0.0,0.0,0,False,NO ACTION,No actual open position,NORMAL,NO ACTION,0.0,0.0,0.0,0.0,0.0,0.0,0.0,NOT APPLICABLE,0.0,exit_intelligence_engine_v1_1_position_state_aware,Strong trend | Warnings: Trade validation rejected | Validation status rejected | Entry timing rejected | Risk engine rejected | AI final decision restrictive | Institutional decision restrictive | Weak trade validation | Entry engine restrictive | Risk engine says no trade | Weak risk/reward | Weak smart money | Weak market | Weak sector
NRSL,NIMIR RESINS,CHEMICAL,RESINS / CHEMICALS,13JUL2026,34.5,-1.4848657909765937,23704,817788.0,0.0,AVOID,14.14,85.86,17.57,36,40,NEUTRAL,0,REJECTED,AVOID,0,NO ENTRY,0.0,0,NO TRADE,REJECTED,AVOID,1.17,33.98,34.84,32.77,37.26,39.33,False,0,0.0,0,,NO POSITION,,0.0,0,0,0,0.0,0.0,0.0,0.0,0.0,0.0,0.0,0,False,NO ACTION,No actual open position,NORMAL,NO ACTION,0.0,0.0,0.0,0.0,0.0,0.0,0.0,NOT APPLICABLE,0.0,exit_intelligence_engine_v1_1_position_state_aware,Strong trend | Warnings: Trade validation rejected | Validation status rejected | Entry timing rejected | Risk engine rejected | AI final decision restrictive | Institutional decision restrictive | Weak trade validation | Entry engine restrictive | Risk engine says no trade | Weak risk/reward | Weak smart money | Weak market
P03FRR300528,3 YEAR FIXED RATE,GOVT SECURITIES,3 YEAR FIXED RATE,13JUL2026,99.54,0.0,231500000,23043510000.0,0.0,AVOID,8.46,91.54,17.57,35,52,NEUTRAL,0,REJECTED,AVOID,0,NO ENTRY,0.0,0,NO TRADE,REJECTED,AVOID,1.16,98.05,100.54,94.56,107.5,113.48,False,0,0.0,0,,NO POSITION,,0.0,0,0,0,0.0,0.0,0.0,0.0,0.0,0.0,0.0,0,False,NO ACTION,No actual open position,NORMAL,NO ACTION,0.0,0.0,0.0,0.0,0.0,0.0,0.0,NOT APPLICABLE,0.0,exit_intelligence_engine_v1_1_position_state_aware,Balanced multi-engine consensus | Warnings: Blocked security type | Trade validation rejected | Validation status rejected | Entry timing rejected | Risk engine rejected | AI final decision restrictive | Institutional decision restrictive | Weak trade validation | Entry engine restrictive | Risk engine says no trade | Weak risk/reward | Weak smart money | Weak market | Very high volatility
SPSL,SITARA PETROLEUM,OIL & GAS,PETROLEUM / ENERGY,13JUL2026,18.85,-2.2302904564315336,7405021,139584645.85000002,0.0,AVOID,8.46,91.54,17.57,29,40,NEUTRAL,0,REJECTED,AVOID,0,NO ENTRY,0.0,0,NO TRADE,REJECTED,AVOID,1.17,18.57,19.04,17.91,20.36,21.49,False,0,0.0,0,,NO POSITION,,0.0,0,0,0,0.0,0.0,0.0,0.0,0.0,0.0,0.0,0,False,NO ACTION,No actual open position,NORMAL,NO ACTION,0.0,0.0,0.0,0.0,0.0,0.0,0.0,NOT APPLICABLE,0.0,exit_intelligence_engine_v1_1_position_state_aware,Balanced multi-engine consensus | Warnings: Trade validation rejected | Validation status rejected | Entry timing rejected | Risk engine rejected | AI final decision restrictive | Institutional decision restrictive | Weak trade validation | Entry engine restrictive | Risk engine says no trade | Weak risk/reward | Weak smart money | Weak trend | Weak market | Weak sector
NCPL,NISHAT CHUNPOWER,POWER,UNKNOWN,13JUL2026,58.97,-1.978058510638294,1843377,108703941.69,0.0,AVOID,8.46,91.54,17.57,29,40,NEUTRAL,0,REJECTED,AVOID,0,NO ENTRY,0.0,0,NO TRADE,REJECTED,AVOID,1.17,58.09,59.56,56.02,63.69,67.23,False,0,0.0,0,,NO POSITION,,0.0,0,0,0,0.0,0.0,0.0,0.0,0.0,0.0,0.0,0,False,NO ACTION,No actual open position,NORMAL,NO ACTION,0.0,0.0,0.0,0.0,0.0,0.0,0.0,NOT APPLICABLE,0.0,exit_intelligence_engine_v1_1_position_state_aware,Balanced multi-engine consensus | Warnings: Trade validation rejected | Validation status rejected | Entry timing rejected | Risk engine rejected | AI final decision restrictive | Institutional decision restrictive | Weak trade validation | Entry engine restrictive | Risk engine says no trade | Weak risk/reward | Weak smart money | Weak trend | Weak market | Weak sector
BFMOD,B.F.MODARABA,MODARABA,MODARABA,13JUL2026,22.22,-0.8478357875948294,7532,167361.03999999998,0.0,AVOID,14.52,85.48,17.56,43,40,NEUTRAL,0,REJECTED,AVOID,0,NO ENTRY,0.0,0,NO TRADE,REJECTED,AVOID,1.17,21.89,22.44,21.11,24.0,25.33,False,0,0.0,0,,NO POSITION,,0.0,0,0,0,0.0,0.0,0.0,0.0,0.0,0.0,0.0,0,False,NO ACTION,No actual open position,NORMAL,NO ACTION,0.0,0.0,0.0,0.0,0.0,0.0,0.0,NOT APPLICABLE,0.0,exit_intelligence_engine_v1_1_position_state_aware,Strong trend | Warnings: Trade validation rejected | Validation status rejected | Entry timing rejected | Risk engine rejected | AI final decision restrictive | Institutional decision restrictive | Weak trade validation | Entry engine restrictive | Risk engine says no trade | Weak risk/reward | Weak smart money | Weak market
SPAC2,LSE SPAC-II,UNKNOWN,UNKNOWN,13JUL2026,15.0,50.0,212360,3185400.0,0.0,AVOID,11.88,88.12,17.55,37,40,NEUTRAL,0,REJECTED,AVOID,0,NO ENTRY,0.0,0,NO TRADE,REJECTED,AVOID,1.17,14.78,15.15,14.25,16.2,17.1,False,0,0.0,0,,NO POSITION,,0.0,0,0,0,0.0,0.0,0.0,0.0,0.0,0.0,0.0,0,False,NO ACTION,No actual open position,NORMAL,NO ACTION,0.0,0.0,0.0,0.0,0.0,0.0,0.0,NOT APPLICABLE,0.0,exit_intelligence_engine_v1_1_position_state_aware,Sector supportive || Warnings: Trade validation rejected | Validation status rejected | Entry timing rejected | Risk engine rejected | AI final decision restrictive | Institutional decision restrictive | Weak trade validation | Entry engine restrictive | Risk engine says no trade | Weak risk/reward | Weak smart money | Weak market | Near upper cap / extended
INKL,INT.KNITWEAR,TEXTILE,KNITWEAR / TEXTILE,13JUL2026,96.23,-2.3343144220034477,5738,552167.74,0.0,AVOID,14.18,85.82,17.52,38,40,NEUTRAL,0,REJECTED,AVOID,0,NO ENTRY,0.0,0,NO TRADE,REJECTED,AVOID,1.17,94.79,97.19,91.42,103.93,109.7,False,0,0.0,0,,NO POSITION,,0.0,0,0,0,0.0,0.0,0.0,0.0,0.0,0.0,0.0,0,False,NO ACTION,No actual open position,NORMAL,NO ACTION,0.0,0.0,0.0,0.0,0.0,0.0,0.0,NOT APPLICABLE,0.0,exit_intelligence_engine_v1_1_position_state_aware,Strong trend | Warnings: Trade validation rejected | Validation status rejected | Entry timing rejected | Risk engine rejected | AI final decision restrictive | Institutional decision restrictive | Weak trade validation | Entry engine restrictive | Risk engine says no trade | Weak risk/reward | Weak smart money | Weak market | Weak sector | High volatility
SPAC1,LSE SPAC-I LTD.,INVESTMENT,SPAC / INVESTMENT,13JUL2026,16.31,0.18427518427516942,173586,2831187.6599999997,0.0,AVOID,11.99,88.01,17.49,40,40,NEUTRAL,0,REJECTED,AVOID,0,NO ENTRY,0.0,0,NO TRADE,REJECTED,AVOID,1.16,16.07,16.47,15.49,17.61,18.59,False,0,0.0,0,,NO POSITION,,0.0,0,0,0,0.0,0.0,0.0,0.0,0.0,0.0,0.0,0,False,NO ACTION,No actual open position,NORMAL,NO ACTION,0.0,0.0,0.0,0.0,0.0,0.0,0.0,NOT APPLICABLE,0.0,exit_intelligence_engine_v1_1_position_state_aware,Balanced multi-engine consensus | Warnings: Trade validation rejected | Validation status rejected | Entry timing rejected | Risk engine rejected | AI final decision restrictive | Institutional decision restrictive | Weak trade validation | Entry engine restrictive | Risk engine says no trade | Weak risk/reward | Weak smart money | Weak market | Weak sector
MFL,MATCO FOODS LTD,FOOD,RICE / FOOD,13JUL2026,43.98,1.4532871972318233,609079,26787294.419999998,0.0,AVOID,9.61,90.39,17.48,35,40,NEUTRAL,0,REJECTED,AVOID,0,NO ENTRY,0.0,0,NO TRADE,REJECTED,AVOID,1.17,43.32,44.42,41.78,47.5,50.14,False,0,0.0,0,,NO POSITION,,0.0,0,0,0,0.0,0.0,0.0,0.0,0.0,0.0,0.0,0,False,NO ACTION,No actual open position,NORMAL,NO ACTION,0.0,0.0,0.0,0.0,0.0,0.0,0.0,NOT APPLICABLE,0.0,exit_intelligence_engine_v1_1_position_state_aware,Balanced multi-engine consensus | Warnings: Trade validation rejected | Validation status rejected | Entry timing rejected | Risk engine rejected | AI final decision restrictive | Institutional decision restrictive | Weak trade validation | Entry engine restrictive | Risk engine says no trade | Weak risk/reward | Weak smart money | Weak trend | Weak market | Weak sector
MRNS,MEHRAN SUGAR,SUGAR,SUGAR MILLS,13JUL2026,64.6,-1.3439218081857203,31731,2049822.5999999999,0.0,AVOID,11.33,88.67,17.47,30,40,NEUTRAL,0,REJECTED,AVOID,0,NO ENTRY,0.0,0,NO TRADE,REJECTED,AVOID,1.16,63.63,65.25,61.37,69.77,73.64,False,0,0.0,0,,NO POSITION,,0.0,0,0,0,0.0,0.0,0.0,0.0,0.0,0.0,0.0,0,False,NO ACTION,No actual open position,NORMAL,NO ACTION,0.0,0.0,0.0,0.0,0.0,0.0,0.0,NOT APPLICABLE,0.0,exit_intelligence_engine_v1_1_position_state_aware,Balanced multi-engine consensus | Warnings: Trade validation rejected | Validation status rejected | Entry timing rejected | Risk engine rejected | AI final decision restrictive | Institutional decision restrictive | Weak trade validation | Entry engine restrictive | Risk engine says no trade | Weak risk/reward | Weak smart money | Weak market
AKDSL,AKD SECURITES,INVESTMENT,UNKNOWN,13JUL2026,38.18,-3.537139969681654,210877,8051283.86,0.0,AVOID,10.46,89.54,17.47,35,40,NEUTRAL,0,REJECTED,AVOID,0,NO ENTRY,0.0,0,NO TRADE,REJECTED,AVOID,1.17,37.61,38.56,36.27,41.23,43.53,False,0,0.0,0,,NO POSITION,,0.0,0,0,0,0.0,0.0,0.0,0.0,0.0,0.0,0.0,0,False,NO ACTION,No actual open position,NORMAL,NO ACTION,0.0,0.0,0.0,0.0,0.0,0.0,0.0,NOT APPLICABLE,0.0,exit_intelligence_engine_v1_1_position_state_aware,Balanced multi-engine consensus | Warnings: Trade validation rejected | Validation status rejected | Entry timing rejected | Risk engine rejected | AI final decision restrictive | Institutional decision restrictive | Weak trade validation | Entry engine restrictive | Risk engine says no trade | Weak risk/reward | Weak smart money | Weak market | Weak sector
ACPL,ATTOCK CEMENT,CEMENT,UNKNOWN,13JUL2026,227.14,-1.2005219660722135,52721,11975047.94,0.0,AVOID,10.21,89.79,17.46,35,40,NEUTRAL,0,REJECTED,AVOID,0,NO ENTRY,0.0,0,NO TRADE,REJECTED,AVOID,1.17,223.73,229.41,215.78,245.31,258.94,False,0,0.0,0,,NO POSITION,,0.0,0,0,0,0.0,0.0,0.0,0.0,0.0,0.0,0.0,0,False,NO ACTION,No actual open position,NORMAL,NO ACTION,0.0,0.0,0.0,0.0,0.0,0.0,0.0,NOT APPLICABLE,0.0,exit_intelligence_engine_v1_1_position_state_aware,Balanced multi-engine consensus | Warnings: Trade validation rejected | Validation status rejected | Entry timing rejected | Risk engine rejected | AI final decision restrictive | Institutional decision restrictive | Weak trade validation | Entry engine restrictive | Risk engine says no trade | Weak risk/reward | Weak smart money | Weak trend | Weak market | Weak sector
FCL,FAST CABLES LTD.,CABLES,ELECTRIC CABLES,13JUL2026,23.87,-1.3228606862339822,680355,16240073.850000001,0.0,AVOID,9.91,90.09,17.46,29,40,NEUTRAL,0,REJECTED,AVOID,0,NO ENTRY,0.0,0,NO TRADE,REJECTED,AVOID,1.17,23.51,24.11,22.68,25.78,27.21,False,0,0.0,0,,NO POSITION,,0.0,0,0,0,0.0,0.0,0.0,0.0,0.0,0.0,0.0,0,False,NO ACTION,No actual open position,NORMAL,NO ACTION,0.0,0.0,0.0,0.0,0.0,0.0,0.0,NOT APPLICABLE,0.0,exit_intelligence_engine_v1_1_position_state_aware,Balanced multi-engine consensus | Warnings: Trade validation rejected | Validation status rejected | Entry timing rejected | Risk engine rejected | AI final decision restrictive | Institutional decision restrictive | Weak trade validation | Entry engine restrictive | Risk engine says no trade | Weak risk/reward | Weak smart money | Weak market | Weak sector
P01GIS131126,1 YEAR GIS,UNKNOWN,UNKNOWN,13JUL2026,96.03,0.0,200000000,19206000000.0,0.0,AVOID,8.4,91.6,17.45,49,62,NEUTRAL,0,REJECTED,AVOID,0,NO ENTRY,0.0,0,NO TRADE,REJECTED,AVOID,1.17,94.59,96.99,91.23,103.71,109.47,False,0,0.0,0,,NO POSITION,,0.0,0,0,0,0.0,0.0,0.0,0.0,0.0,0.0,0.0,0,False,NO ACTION,No actual open position,NORMAL,NO ACTION,0.0,0.0,0.0,0.0,0.0,0.0,0.0,NOT APPLICABLE,0.0,exit_intelligence_engine_v1_1_position_state_aware,Strong trend | Sector supportive || Warnings: Blocked security type | Trade validation rejected | Validation status rejected | Entry timing rejected | Risk engine rejected | AI final decision restrictive | Institutional decision restrictive | Weak trade validation | Entry engine restrictive | Risk engine says no trade | Weak risk/reward | Weak market | RSI extremely overheated | Very high volatility
SURC,SURAJ COTTON MILLS,TEXTILE,COTTON / TEXTILE,13JUL2026,140.2,-0.6448869676139359,4636,649967.2,0.0,AVOID,13.16,86.84,17.44,36,40,NEUTRAL,0,REJECTED,AVOID,0,NO ENTRY,0.0,0,NO TRADE,REJECTED,AVOID,1.17,138.1,141.6,133.19,151.42,159.83,False,0,0.0,0,,NO POSITION,,0.0,0,0,0,0.0,0.0,0.0,0.0,0.0,0.0,0.0,0,False,NO ACTION,No actual open position,NORMAL,NO ACTION,0.0,0.0,0.0,0.0,0.0,0.0,0.0,NOT APPLICABLE,0.0,exit_intelligence_engine_v1_1_position_state_aware,Strong trend | Warnings: Trade validation rejected | Validation status rejected | Entry timing rejected | Risk engine rejected | AI final decision restrictive | Institutional decision restrictive | Weak trade validation | Entry engine restrictive | Risk engine says no trade | Weak risk/reward | Weak smart money | Weak market | Weak sector
BFAGRO,BARKAT FRISIAN AGRO,AGRICULTURE,DAIRY / AGRO,13JUL2026,35.19,-2.65560165975104,233417,8213944.2299999995,0.0,AVOID,9.97,90.03,17.44,37,40,NEUTRAL,0,REJECTED,AVOID,0,NO ENTRY,0.0,0,NO TRADE,REJECTED,AVOID,1.17,34.66,35.54,33.43,38.01,40.12,False,0,0.0,0,,NO POSITION,,0.0,0,0,0,0.0,0.0,0.0,0.0,0.0,0.0,0.0,0,False,NO ACTION,No actual open position,NORMAL,NO ACTION,0.0,0.0,0.0,0.0,0.0,0.0,0.0,NOT APPLICABLE,0.0,exit_intelligence_engine_v1_1_position_state_aware,Balanced multi-engine consensus | Warnings: Trade validation rejected | Validation status rejected | Entry timing rejected | Risk engine rejected | AI final decision restrictive | Institutional decision restrictive | Weak trade validation | Entry engine restrictive | Risk engine says no trade | Weak risk/reward | Weak smart money | Weak market | Weak sector
MSCL,METRO STEEL,STEEL,STEEL PRODUCTS,13JUL2026,25.47,-5.806213017751481,247431,6302067.569999999,0.0,AVOID,9.4,90.6,17.44,30,50,NEUTRAL,0,REJECTED,AVOID,0,NO ENTRY,0.0,0,NO TRADE,REJECTED,AVOID,1.18,25.09,25.72,24.2,27.51,29.04,False,0,0.0,0,,NO POSITION,,0.0,0,0,0,0.0,0.0,0.0,0.0,0.0,0.0,0.0,0,False,NO ACTION,No actual open position,NORMAL,NO ACTION,0.0,0.0,0.0,0.0,0.0,0.0,0.0,NOT APPLICABLE,0.0,exit_intelligence_engine_v1_1_position_state_aware,Balanced multi-engine consensus | Warnings: Trade validation rejected | Validation status rejected | Entry timing rejected | Risk engine rejected | AI final decision restrictive | Institutional decision restrictive | Weak trade validation | Entry engine restrictive | Risk engine says no trade | Weak risk/reward | Weak smart money | Weak market | Weak sector
AGL,AGRITECH LIMITED,FERTILIZER,UNKNOWN,13JUL2026,50.9,-0.3133568350959728,203492,10357742.799999999,0.0,AVOID,10.1,89.9,17.43,30,40,NEUTRAL,0,REJECTED,AVOID,0,NO ENTRY,0.0,0,NO TRADE,REJECTED,AVOID,1.16,50.14,51.41,48.35,54.97,58.03,False,0,0.0,0,,NO POSITION,,0.0,0,0,0,0.0,0.0,0.0,0.0,0.0,0.0,0.0,0,False,NO ACTION,No actual open position,NORMAL,NO ACTION,0.0,0.0,0.0,0.0,0.0,0.0,0.0,NOT APPLICABLE,0.0,exit_intelligence_engine_v1_1_position_state_aware,Balanced multi-engine consensus | Warnings: Trade validation rejected | Validation status rejected | Entry timing rejected | Risk engine rejected | AI final decision restrictive | Institutional decision restrictive | Weak trade validation | Entry engine restrictive | Risk engine says no trade | Weak risk/reward | Weak smart money | Weak market | Weak sector
TRIPF,TRI-PACK FILMS,PACKAGING,PACKAGING FILMS,13JUL2026,139.15,0.45480796996823236,341193,47477005.95,0.0,AVOID,8.74,91.26,17.43,32,52,DISTRIBUTION RISK,0,REJECTED,AVOID,0,NO ENTRY,0.0,0,NO TRADE,REJECTED,AVOID,1.17,137.06,140.54,132.19,150.28,158.63,False,0,0.0,0,,NO POSITION,,0.0,0,0,0,0.0,0.0,0.0,0.0,0.0,0.0,0.0,0,False,NO ACTION,No actual open position,NORMAL,NO ACTION,0.0,0.0,0.0,0.0,0.0,0.0,0.0,NOT APPLICABLE,0.0,exit_intelligence_engine_v1_1_position_state_aware,Balanced multi-engine consensus | Warnings: Trade validation rejected | Validation status rejected | Entry timing rejected | Risk engine rejected | AI final decision restrictive | Institutional decision restrictive | Weak trade validation | Entry engine restrictive | Risk engine says no trade | Weak risk/reward | Weak smart money | Weak trend | Weak market | Weak sector
SYS,SYSTEMS LIMITED,TECHNOLOGY,UNKNOWN,13JUL2026,141.86,-1.1497456623231672,1050849,149073439.14000002,0.0,AVOID,8.39,91.61,17.42,29,40,NEUTRAL,0,REJECTED,AVOID,0,NO ENTRY,0.0,0,NO TRADE,REJECTED,AVOID,1.17,139.73,143.28,134.77,153.21,161.72,False,0,0.0,0,,NO POSITION,,0.0,0,0,0,0.0,0.0,0.0,0.0,0.0,0.0,0.0,0,False,NO ACTION,No actual open position,NORMAL,NO ACTION,0.0,0.0,0.0,0.0,0.0,0.0,0.0,NOT APPLICABLE,0.0,exit_intelligence_engine_v1_1_position_state_aware,Balanced multi-engine consensus | Warnings: Trade validation rejected | Validation status rejected | Entry timing rejected | Risk engine rejected | AI final decision restrictive | Institutional decision restrictive | Weak trade validation | Entry engine restrictive | Risk engine says no trade | Weak risk/reward | Weak smart money | Weak trend | Weak market | Weak sector
BELA,BELA AUTOMOTIVE,AUTOMOBILE,AUTOMOTIVE,13JUL2026,59.31,5.4212584429434845,820,48634.200000000004,0.0,AVOID,13.42,86.58,17.41,42,45,NEUTRAL,0,REJECTED,AVOID,0,NO ENTRY,0.0,0,NO TRADE,REJECTED,AVOID,1.17,58.42,59.9,56.34,64.05,67.61,False,0,0.0,0,,NO POSITION,,0.0,0,0,0,0.0,0.0,0.0,0.0,0.0,0.0,0.0,0,False,NO ACTION,No actual open position,NORMAL,NO ACTION,0.0,0.0,0.0,0.0,0.0,0.0,0.0,NOT APPLICABLE,0.0,exit_intelligence_engine_v1_1_position_state_aware,Balanced multi-engine consensus | Warnings: Trade validation rejected | Validation status rejected | Entry timing rejected | Risk engine rejected | AI final decision restrictive | Institutional decision restrictive | Weak trade validation | Entry engine restrictive | Risk engine says no trade | Weak risk/reward | Weak smart money | Weak market | Weak sector
STCL,SHABBIR TILES,CERAMICS,TILES / CERAMICS,13JUL2026,11.52,-2.948609941027798,417995,4815302.399999999,0.0,AVOID,11.67,88.33,17.41,42,40,NEUTRAL,0,REJECTED,AVOID,0,NO ENTRY,0.0,0,NO TRADE,REJECTED,AVOID,1.14,11.35,11.64,10.94,12.44,13.13,False,0,0.0,0,,NO POSITION,,0.0,0,0,0,0.0,0.0,0.0,0.0,0.0,0.0,0.0,0,False,NO ACTION,No actual open position,NORMAL,NO ACTION,0.0,0.0,0.0,0.0,0.0,0.0,0.0,NOT APPLICABLE,0.0,exit_intelligence_engine_v1_1_position_state_aware,Balanced multi-engine consensus | Warnings: Trade validation rejected | Validation status rejected | Entry timing rejected | Risk engine rejected | AI final decision restrictive | Institutional decision restrictive | Weak trade validation | Entry engine restrictive | Risk engine says no trade | Weak risk/reward | Weak smart money | Weak trend | Weak market | Weak sector
DADX,DADEX ETERNIT,CONSTRUCTION MATERIALS,PIPES / ETERNIT,13JUL2026,96.51,0.0,219,21135.690000000002,0.0,AVOID,13.09,86.91,17.38,40,40,NEUTRAL,0,REJECTED,AVOID,0,NO ENTRY,0.0,0,NO TRADE,REJECTED,AVOID,1.16,95.06,97.48,91.68,104.23,110.02,False,0,0.0,0,,NO POSITION,,0.0,0,0,0,0.0,0.0,0.0,0.0,0.0,0.0,0.0,0,False,NO ACTION,No actual open position,NORMAL,NO ACTION,0.0,0.0,0.0,0.0,0.0,0.0,0.0,NOT APPLICABLE,0.0,exit_intelligence_engine_v1_1_position_state_aware,Strong trend | Warnings: Trade validation rejected | Validation status rejected | Entry timing rejected | Risk engine rejected | AI final decision restrictive | Institutional decision restrictive | Weak trade validation | Entry engine restrictive | Risk engine says no trade | Weak risk/reward | Weak smart money | Weak market | Weak sector
QUET,QUETTA TEXTILE,TEXTILE,TEXTILE MILLS,13JUL2026,15.73,-9.18013856812933,76165,1198075.45,0.0,AVOID,10.66,89.34,17.38,30,40,NEUTRAL,0,REJECTED,AVOID,0,NO ENTRY,0.0,0,NO TRADE,REJECTED,AVOID,1.16,15.49,15.89,14.94,16.99,17.93,False,0,0.0,0,,NO POSITION,,0.0,0,0,0,0.0,0.0,0.0,0.0,0.0,0.0,0.0,0,False,NO ACTION,No actual open position,NORMAL,NO ACTION,0.0,0.0,0.0,0.0,0.0,0.0,0.0,NOT APPLICABLE,0.0,exit_intelligence_engine_v1_1_position_state_aware,Balanced multi-engine consensus | Warnings: Trade validation rejected | Validation status rejected | Entry timing rejected | Risk engine rejected | AI final decision restrictive | Institutional decision restrictive | Weak trade validation | Entry engine restrictive | Risk engine says no trade | Weak risk/reward | Weak smart money | Weak market | Weak sector | High volatility
TOWL,TOWELLERS LIMITED,TEXTILE,TOWELS / TEXTILE,13JUL2026,125.18,0.14400000000000546,8428,1055017.04,0.0,AVOID,10.39,89.61,17.37,35,40,NEUTRAL,0,REJECTED,AVOID,0,NO ENTRY,0.0,0,NO TRADE,REJECTED,AVOID,1.17,123.3,126.43,118.92,135.19,142.71,False,0,0.0,0,,NO POSITION,,0.0,0,0,0,0.0,0.0,0.0,0.0,0.0,0.0,0.0,0,False,NO ACTION,No actual open position,NORMAL,NO ACTION,0.0,0.0,0.0,0.0,0.0,0.0,0.0,NOT APPLICABLE,0.0,exit_intelligence_engine_v1_1_position_state_aware,Balanced multi-engine consensus | Warnings: Trade validation rejected | Validation status rejected | Entry timing rejected | Risk engine rejected | AI final decision restrictive | Institutional decision restrictive | Weak trade validation | Entry engine restrictive | Risk engine says no trade | Weak risk/reward | Weak smart money | Weak market | Weak sector
KOSM,KOHINOOR SPINING,TEXTILE,SPINNING,13JUL2026,5.94,-3.0995106035888993,4838528,28740856.32,0.0,AVOID,8.6,91.4,17.37,29,40,NEUTRAL,0,REJECTED,AVOID,0,NO ENTRY,0.0,0,NO TRADE,REJECTED,AVOID,1.17,5.85,6.0,5.64,6.42,6.77,False,0,0.0,0,,NO POSITION,,0.0,0,0,0,0.0,0.0,0.0,0.0,0.0,0.0,0.0,0,False,NO ACTION,No actual open position,NORMAL,NO ACTION,0.0,0.0,0.0,0.0,0.0,0.0,0.0,NOT APPLICABLE,0.0,exit_intelligence_engine_v1_1_position_state_aware,Balanced multi-engine consensus | Warnings: Trade validation rejected | Validation status rejected | Entry timing rejected | Risk engine rejected | AI final decision restrictive | Institutional decision restrictive | Weak trade validation | Entry engine restrictive | Risk engine says no trade | Weak risk/reward | Weak smart money | Weak market | Weak sector
MUGHALC,MUGHAL IRON(C),STEEL,STEEL / PREFERENCE SHARE,13JUL2026,61.81,0.0,1,61.81,0.0,AVOID,12.99,87.01,17.35,43,40,NEUTRAL,0,REJECTED,AVOID,0,NO ENTRY,0.0,0,NO TRADE,REJECTED,AVOID,1.16,60.88,62.43,58.72,66.75,70.46,False,0,0.0,0,,NO POSITION,,0.0,0,0,0,0.0,0.0,0.0,0.0,0.0,0.0,0.0,0,False,NO ACTION,No actual open position,NORMAL,NO ACTION,0.0,0.0,0.0,0.0,0.0,0.0,0.0,NOT APPLICABLE,0.0,exit_intelligence_engine_v1_1_position_state_aware,Balanced multi-engine consensus | Warnings: Trade validation rejected | Validation status rejected | Entry timing rejected | Risk engine rejected | AI final decision restrictive | Institutional decision restrictive | Weak trade validation | Entry engine restrictive | Risk engine says no trade | Weak risk/reward | Weak smart money | Weak market | Weak sector
KML,KOHINOOR MILLS,TEXTILE,TEXTILE MILLS,13JUL2026,10.04,-2.6188166828322146,323210,3245028.4,0.0,AVOID,10.45,89.55,17.34,32,40,NEUTRAL,0,REJECTED,AVOID,0,NO ENTRY,0.0,0,NO TRADE,REJECTED,AVOID,1.17,9.89,10.14,9.54,10.84,11.45,False,0,0.0,0,,NO POSITION,,0.0,0,0,0,0.0,0.0,0.0,0.0,0.0,0.0,0.0,0,False,NO ACTION,No actual open position,NORMAL,NO ACTION,0.0,0.0,0.0,0.0,0.0,0.0,0.0,NOT APPLICABLE,0.0,exit_intelligence_engine_v1_1_position_state_aware,Balanced multi-engine consensus | Warnings: Trade validation rejected | Validation status rejected | Entry timing rejected | Risk engine rejected | AI final decision restrictive | Institutional decision restrictive | Weak trade validation | Entry engine restrictive | Risk engine says no trade | Weak risk/reward | Weak smart money | Weak market | Weak sector
ESBL,ESCORTS BANK,BANKS,COMMERCIAL BANK,13JUL2026,12.32,-2.9156816390858884,117306,1445209.92,0.0,AVOID,10.29,89.71,17.34,35,40,NEUTRAL,0,REJECTED,AVOID,0,NO ENTRY,0.0,0,NO TRADE,REJECTED,AVOID,1.18,12.14,12.44,11.7,13.31,14.04,False,0,0.0,0,,NO POSITION,,0.0,0,0,0,0.0,0.0,0.0,0.0,0.0,0.0,0.0,0,False,NO ACTION,No actual open position,NORMAL,NO ACTION,0.0,0.0,0.0,0.0,0.0,0.0,0.0,NOT APPLICABLE,0.0,exit_intelligence_engine_v1_1_position_state_aware,Balanced multi-engine consensus | Warnings: Trade validation rejected | Validation status rejected | Entry timing rejected | Risk engine rejected | AI final decision restrictive | Institutional decision restrictive | Weak trade validation | Entry engine restrictive | Risk engine says no trade | Weak risk/reward | Weak smart money | Weak market | Weak sector
EFERT,ENGRO FERTERT,FERTILIZER,UNKNOWN,13JUL2026,194.13,-1.2563580874872833,1039084,201717376.92,0.0,AVOID,8.35,91.65,17.34,24,40,NEUTRAL,0,REJECTED,AVOID,0,NO ENTRY,0.0,0,NO TRADE,REJECTED,AVOID,1.17,191.22,196.07,184.42,209.66,221.31,False,0,0.0,0,,NO POSITION,,0.0,0,0,0,0.0,0.0,0.0,0.0,0.0,0.0,0.0,0,False,NO ACTION,No actual open position,NORMAL,NO ACTION,0.0,0.0,0.0,0.0,0.0,0.0,0.0,NOT APPLICABLE,0.0,exit_intelligence_engine_v1_1_position_state_aware,Balanced multi-engine consensus | Warnings: Trade validation rejected | Validation status rejected | Entry timing rejected | Risk engine rejected | AI final decision restrictive | Institutional decision restrictive | Weak trade validation | Entry engine restrictive | Risk engine says no trade | Weak risk/reward | Weak smart money | Weak trend | Weak market | Weak sector
NPL,NISHAT POWER,POWER,UNKNOWN,13JUL2026,67.06,-2.0878960432179774,1363412,91430408.72,0.0,AVOID,8.35,91.65,17.34,29,40,NEUTRAL,0,REJECTED,AVOID,0,NO ENTRY,0.0,0,NO TRADE,REJECTED,AVOID,1.17,66.05,67.73,63.71,72.42,76.45,False,0,0.0,0,,NO POSITION,,0.0,0,0,0,0.0,0.0,0.0,0.0,0.0,0.0,0.0,0,False,NO ACTION,No actual open position,NORMAL,NO ACTION,0.0,0.0,0.0,0.0,0.0,0.0,0.0,NOT APPLICABLE,0.0,exit_intelligence_engine_v1_1_position_state_aware,Balanced multi-engine consensus | Warnings: Trade validation rejected | Validation status rejected | Entry timing rejected | Risk engine rejected | AI final decision restrictive | Institutional decision restrictive | Weak trade validation | Entry engine restrictive | Risk engine says no trade | Weak risk/reward | Weak smart money | Weak trend | Weak market | Weak sector
GSPM,GULSHAN SP.,TEXTILE,SPINNING,13JUL2026,6.34,-1.705426356589152,77669,492421.45999999996,0.0,AVOID,11.73,88.27,17.33,31,40,NEUTRAL,0,REJECTED,AVOID,0,NO ENTRY,0.0,0,NO TRADE,REJECTED,AVOID,1.18,6.24,6.4,6.02,6.85,7.23,False,0,0.0,0,,NO POSITION,,0.0,0,0,0,0.0,0.0,0.0,0.0,0.0,0.0,0.0,0,False,NO ACTION,No actual open position,NORMAL,NO ACTION,0.0,0.0,0.0,0.0,0.0,0.0,0.0,NOT APPLICABLE,0.0,exit_intelligence_engine_v1_1_position_state_aware,Balanced multi-engine consensus | Warnings: Trade validation rejected | Validation status rejected | Entry timing rejected | Risk engine rejected | AI final decision restrictive | Institutional decision restrictive | Weak trade validation | Entry engine restrictive | Risk engine says no trade | Weak risk/reward | Weak smart money | Weak market | Weak sector | High volatility
MCBIM,MCB INV MGT,ASSET MANAGEMENT,INVESTMENT MANAGEMENT,13JUL2026,158.0,-1.1820626680842996,12273,1939134.0,0.0,AVOID,10.6,89.4,17.33,37,40,NEUTRAL,0,REJECTED,AVOID,0,NO ENTRY,0.0,0,NO TRADE,REJECTED,AVOID,1.17,155.63,159.58,150.1,170.64,180.12,False,0,0.0,0,,NO POSITION,,0.0,0,0,0,0.0,0.0,0.0,0.0,0.0,0.0,0.0,0,False,NO ACTION,No actual open position,NORMAL,NO ACTION,0.0,0.0,0.0,0.0,0.0,0.0,0.0,NOT APPLICABLE,0.0,exit_intelligence_engine_v1_1_position_state_aware,Balanced multi-engine consensus | Warnings: Trade validation rejected | Validation status rejected | Entry timing rejected | Risk engine rejected | AI final decision restrictive | Institutional decision restrictive | Weak trade validation | Entry engine restrictive | Risk engine says no trade | Weak risk/reward | Weak smart money | Weak trend | Weak market
HUMNL,HUM NETWORK,MEDIA,TV NETWORK / MEDIA,13JUL2026,11.0,-1.4336917562724028,602948,6632428.0,0.0,AVOID,9.34,90.66,17.33,37,40,NEUTRAL,0,REJECTED,AVOID,0,NO ENTRY,0.0,0,NO TRADE,REJECTED,AVOID,1.17,10.83,11.11,10.45,11.88,12.54,False,0,0.0,0,,NO POSITION,,0.0,0,0,0,0.0,0.0,0.0,0.0,0.0,0.0,0.0,0,False,NO ACTION,No actual open position,NORMAL,NO ACTION,0.0,0.0,0.0,0.0,0.0,0.0,0.0,NOT APPLICABLE,0.0,exit_intelligence_engine_v1_1_position_state_aware,Balanced multi-engine consensus | Warnings: Trade validation rejected | Validation status rejected | Entry timing rejected | Risk engine rejected | AI final decision restrictive | Institutional decision restrictive | Weak trade validation | Entry engine restrictive | Risk engine says no trade | Weak risk/reward | Weak smart money | Weak trend | Weak market | Weak sector
P05FRR211029,5 YEAR FIXED RATE,GOVT SECURITIES,5 YEAR FIXED RATE,13JUL2026,102.16,0.0,119000000,12157040000.0,0.0,AVOID,8.35,91.65,17.33,35,52,NEUTRAL,0,REJECTED,AVOID,0,NO ENTRY,0.0,0,NO TRADE,REJECTED,AVOID,1.17,100.63,103.18,97.05,110.33,116.46,False,0,0.0,0,,NO POSITION,,0.0,0,0,0,0.0,0.0,0.0,0.0,0.0,0.0,0.0,0,False,NO ACTION,No actual open position,NORMAL,NO ACTION,0.0,0.0,0.0,0.0,0.0,0.0,0.0,NOT APPLICABLE,0.0,exit_intelligence_engine_v1_1_position_state_aware,Strong trend | Warnings: Blocked security type | Trade validation rejected | Validation status rejected | Entry timing rejected | Risk engine rejected | AI final decision restrictive | Institutional decision restrictive | Weak trade validation | Entry engine restrictive | Risk engine says no trade | Weak risk/reward | Weak smart money | Weak market | RSI extremely overheated | Very high volatility
CEPB,CENTURY PAPER,PAPER_PACKAGING,UNKNOWN,13JUL2026,30.51,-2.927139675469291,560629,17104790.79,0.0,AVOID,9.06,90.94,17.32,29,40,NEUTRAL,0,REJECTED,AVOID,0,NO ENTRY,0.0,0,NO TRADE,REJECTED,AVOID,1.16,30.05,30.82,28.98,32.95,34.78,False,0,0.0,0,,NO POSITION,,0.0,0,0,0,0.0,0.0,0.0,0.0,0.0,0.0,0.0,0,False,NO ACTION,No actual open position,NORMAL,NO ACTION,0.0,0.0,0.0,0.0,0.0,0.0,0.0,NOT APPLICABLE,0.0,exit_intelligence_engine_v1_1_position_state_aware,Balanced multi-engine consensus | Warnings: Trade validation rejected | Validation status rejected | Entry timing rejected | Risk engine rejected | AI final decision restrictive | Institutional decision restrictive | Weak trade validation | Entry engine restrictive | Risk engine says no trade | Weak risk/reward | Weak smart money | Weak market | Weak sector
AIRLINK,AIR LINK COMMUN,TECHNOLOGY,UNKNOWN,13JUL2026,149.69,-2.2783653218435886,677193,101369020.17,0.0,AVOID,8.34,91.66,17.32,22,40,NEUTRAL,0,REJECTED,AVOID,0,NO ENTRY,0.0,0,NO TRADE,REJECTED,AVOID,1.17,147.44,151.19,142.21,161.67,170.65,False,0,0.0,0,,NO POSITION,,0.0,0,0,0,0.0,0.0,0.0,0.0,0.0,0.0,0.0,0,False,NO ACTION,No actual open position,NORMAL,NO ACTION,0.0,0.0,0.0,0.0,0.0,0.0,0.0,NOT APPLICABLE,0.0,exit_intelligence_engine_v1_1_position_state_aware,Balanced multi-engine consensus | Warnings: Trade validation rejected | Validation status rejected | Entry timing rejected | Risk engine rejected | AI final decision restrictive | Institutional decision restrictive | Weak trade validation | Entry engine restrictive | Risk engine says no trade | Weak risk/reward | Weak smart money | Weak trend | Weak market | Weak sector
GATI,GATRON IND.,CHEMICAL,POLYESTER / INDUSTRIAL,13JUL2026,87.14,-1.4253393665158427,20550,1790727.0,0.0,AVOID,10.17,89.83,17.31,37,40,NEUTRAL,0,REJECTED,AVOID,0,NO ENTRY,0.0,0,NO TRADE,REJECTED,AVOID,1.17,85.83,88.01,82.78,94.11,99.34,False,0,0.0,0,,NO POSITION,,0.0,0,0,0,0.0,0.0,0.0,0.0,0.0,0.0,0.0,0,False,NO ACTION,No actual open position,NORMAL,NO ACTION,0.0,0.0,0.0,0.0,0.0,0.0,0.0,NOT APPLICABLE,0.0,exit_intelligence_engine_v1_1_position_state_aware,Balanced multi-engine consensus | Warnings: Trade validation rejected | Validation status rejected | Entry timing rejected | Risk engine rejected | AI final decision restrictive | Institutional decision restrictive | Weak trade validation | Entry engine restrictive | Risk engine says no trade | Weak risk/reward | Weak smart money | Weak market
DNCC,DANDOT CEMENT,CEMENT,CEMENT MANUFACTURING,13JUL2026,18.85,-1.5151515151515107,68680,1294618.0,0.0,AVOID,10.33,89.67,17.3,35,40,NEUTRAL,0,REJECTED,AVOID,0,NO ENTRY,0.0,0,NO TRADE,REJECTED,AVOID,1.17,18.57,19.04,17.91,20.36,21.49,False,0,0.0,0,,NO POSITION,,0.0,0,0,0,0.0,0.0,0.0,0.0,0.0,0.0,0.0,0,False,NO ACTION,No actual open position,NORMAL,NO ACTION,0.0,0.0,0.0,0.0,0.0,0.0,0.0,NOT APPLICABLE,0.0,exit_intelligence_engine_v1_1_position_state_aware,Balanced multi-engine consensus | Warnings: Trade validation rejected | Validation status rejected | Entry timing rejected | Risk engine rejected | AI final decision restrictive | Institutional decision restrictive | Weak trade validation | Entry engine restrictive | Risk engine says no trade | Weak risk/reward | Weak smart money | Weak market | Weak sector
P01GIS230726,1 YEAR GIS,UNKNOWN,UNKNOWN,13JUL2026,99.73,0.030090270812438452,81225000,8100569250.0,0.0,AVOID,8.34,91.66,17.3,54,67,NEUTRAL,0,REJECTED,AVOID,0,NO ENTRY,0.0,0,NO TRADE,REJECTED,AVOID,1.17,98.23,100.73,94.74,107.71,113.69,False,0,0.0,0,,NO POSITION,,0.0,0,0,0,0.0,0.0,0.0,0.0,0.0,0.0,0.0,0,False,NO ACTION,No actual open position,NORMAL,NO ACTION,0.0,0.0,0.0,0.0,0.0,0.0,0.0,NOT APPLICABLE,0.0,exit_intelligence_engine_v1_1_position_state_aware,Strong trend | Sector supportive || Warnings: Blocked security type | Trade validation rejected | Validation status rejected | Entry timing rejected | Risk engine rejected | AI final decision restrictive | Institutional decision restrictive | Weak trade validation | Entry engine restrictive | Risk engine says no trade | Weak risk/reward | Weak market | Very high volatility
MDTL,MEDIA TIMES LTD,MEDIA,MEDIA,13JUL2026,5.84,-3.1509121061359933,1170912,6838126.08,0.0,AVOID,9.09,90.91,17.29,28,40,NEUTRAL,0,REJECTED,AVOID,0,NO ENTRY,0.0,0,NO TRADE,REJECTED,AVOID,1.17,5.75,5.9,5.55,6.31,6.66,False,0,0.0,0,,NO POSITION,,0.0,0,0,0,0.0,0.0,0.0,0.0,0.0,0.0,0.0,0,False,NO ACTION,No actual open position,NORMAL,NO ACTION,0.0,0.0,0.0,0.0,0.0,0.0,0.0,NOT APPLICABLE,0.0,exit_intelligence_engine_v1_1_position_state_aware,Balanced multi-engine consensus | Warnings: Trade validation rejected | Validation status rejected | Entry timing rejected | Risk engine rejected | AI final decision restrictive | Institutional decision restrictive | Weak trade validation | Entry engine restrictive | Risk engine says no trade | Weak risk/reward | Weak smart money | Weak market | Weak sector
UBDL,UNITED BRANDS,FOOD,FOOD BRANDS,13JUL2026,24.9,0.4842615012106434,1810,45069.0,0.0,AVOID,12.72,87.28,17.28,42,40,NEUTRAL,0,REJECTED,AVOID,0,NO ENTRY,0.0,0,NO TRADE,REJECTED,AVOID,1.16,24.53,25.15,23.65,26.89,28.39,False,0,0.0,0,,NO POSITION,,0.0,0,0,0,0.0,0.0,0.0,0.0,0.0,0.0,0.0,0,False,NO ACTION,No actual open position,NORMAL,NO ACTION,0.0,0.0,0.0,0.0,0.0,0.0,0.0,NOT APPLICABLE,0.0,exit_intelligence_engine_v1_1_position_state_aware,Balanced multi-engine consensus | Warnings: Trade validation rejected | Validation status rejected | Entry timing rejected | Risk engine rejected | AI final decision restrictive | Institutional decision restrictive | Weak trade validation | Entry engine restrictive | Risk engine says no trade | Weak risk/reward | Weak smart money | Weak market | Weak sector
BUXL,BUXLY PAINTS,CHEMICAL,PAINTS,13JUL2026,202.45,0.6162715570796584,4610,933294.5,0.0,AVOID,12.23,87.77,17.28,36,40,NEUTRAL,0,REJECTED,AVOID,0,NO ENTRY,0.0,0,NO TRADE,REJECTED,AVOID,1.17,199.41,204.47,192.33,218.65,230.79,False,0,0.0,0,,NO POSITION,,0.0,0,0,0,0.0,0.0,0.0,0.0,0.0,0.0,0.0,0,False,NO ACTION,No actual open position,NORMAL,NO ACTION,0.0,0.0,0.0,0.0,0.0,0.0,0.0,NOT APPLICABLE,0.0,exit_intelligence_engine_v1_1_position_state_aware,Balanced multi-engine consensus | Warnings: Trade validation rejected | Validation status rejected | Entry timing rejected | Risk engine rejected | AI final decision restrictive | Institutional decision restrictive | Weak trade validation | Entry engine restrictive | Risk engine says no trade | Weak risk/reward | Weak smart money | Weak market | High volatility
WAVESAPP,WAVES HOME APP,CONSUMER DURABLES,HOME APPLIANCES,13JUL2026,8.66,-0.5740528128587911,6537956,56618698.96,0.0,AVOID,8.32,91.68,17.26,22,40,NEUTRAL,0,REJECTED,AVOID,0,NO ENTRY,0.0,0,NO TRADE,REJECTED,AVOID,1.15,8.53,8.75,8.23,9.35,9.87,False,0,0.0,0,,NO POSITION,,0.0,0,0,0,0.0,0.0,0.0,0.0,0.0,0.0,0.0,0,False,NO ACTION,No actual open position,NORMAL,NO ACTION,0.0,0.0,0.0,0.0,0.0,0.0,0.0,NOT APPLICABLE,0.0,exit_intelligence_engine_v1_1_position_state_aware,Balanced multi-engine consensus | Warnings: Trade validation rejected | Validation status rejected | Entry timing rejected | Risk engine rejected | AI final decision restrictive | Institutional decision restrictive | Weak trade validation | Entry engine restrictive | Risk engine says no trade | Weak risk/reward | Weak smart money | Weak market | Weak sector
HTL,HI-TECH LUB.,OIL & GAS,LUBRICANTS,13JUL2026,43.54,-5.182926829268298,664613,28937250.02,0.0,AVOID,8.32,91.68,17.26,29,40,NEUTRAL,0,REJECTED,AVOID,0,NO ENTRY,0.0,0,NO TRADE,REJECTED,AVOID,1.16,42.89,43.98,41.36,47.02,49.64,False,0,0.0,0,,NO POSITION,,0.0,0,0,0,0.0,0.0,0.0,0.0,0.0,0.0,0.0,0,False,NO ACTION,No actual open position,NORMAL,NO ACTION,0.0,0.0,0.0,0.0,0.0,0.0,0.0,NOT APPLICABLE,0.0,exit_intelligence_engine_v1_1_position_state_aware,Balanced multi-engine consensus | Warnings: Trade validation rejected | Validation status rejected | Entry timing rejected | Risk engine rejected | AI final decision restrictive | Institutional decision restrictive | Weak trade validation | Entry engine restrictive | Risk engine says no trade | Weak risk/reward | Weak smart money | Weak trend | Weak market | Weak sector
TCORPCPS,TARIQ CORP (PR),HOLDING,PREFERENCE SHARE,13JUL2026,11.17,3.3302497687326493,26258,293301.86,0.0,AVOID,12.47,87.53,17.24,42,45,NEUTRAL,0,REJECTED,AVOID,0,NO ENTRY,0.0,0,NO TRADE,REJECTED,AVOID,1.16,11.0,11.28,10.61,12.06,12.73,False,0,0.0,0,,NO POSITION,,0.0,0,0,0,0.0,0.0,0.0,0.0,0.0,0.0,0.0,0,False,NO ACTION,No actual open position,NORMAL,NO ACTION,0.0,0.0,0.0,0.0,0.0,0.0,0.0,NOT APPLICABLE,0.0,exit_intelligence_engine_v1_1_position_state_aware,Balanced multi-engine consensus | Warnings: Trade validation rejected | Validation status rejected | Entry timing rejected | Risk engine rejected | AI final decision restrictive | Institutional decision restrictive | Weak trade validation | Entry engine restrictive | Risk engine says no trade | Weak risk/reward | Weak smart money | Weak market | Weak sector | High volatility
FFL,FAUJI FOODS LTD,FOOD,DAIRY / FOOD,13JUL2026,17.28,-1.7064846416382093,2749799,47516526.720000006,0.0,AVOID,8.29,91.71,17.21,29,40,NEUTRAL,0,REJECTED,AVOID,0,NO ENTRY,0.0,0,NO TRADE,REJECTED,AVOID,1.17,17.02,17.45,16.42,18.66,19.7,False,0,0.0,0,,NO POSITION,,0.0,0,0,0,0.0,0.0,0.0,0.0,0.0,0.0,0.0,0,False,NO ACTION,No actual open position,NORMAL,NO ACTION,0.0,0.0,0.0,0.0,0.0,0.0,0.0,NOT APPLICABLE,0.0,exit_intelligence_engine_v1_1_position_state_aware,Balanced multi-engine consensus | Warnings: Trade validation rejected | Validation status rejected | Entry timing rejected | Risk engine rejected | AI final decision restrictive | Institutional decision restrictive | Weak trade validation | Entry engine restrictive | Risk engine says no trade | Weak risk/reward | Weak smart money | Weak market | Weak sector
SHJS,SHAHTAJ SUGAR,SUGAR,SUGAR MILLS,13JUL2026,163.52,0.0,31,5069.12,0.0,AVOID,12.08,87.92,17.2,48,40,NEUTRAL,0,REJECTED,AVOID,0,NO ENTRY,0.0,0,NO TRADE,REJECTED,AVOID,1.16,161.07,165.16,155.34,176.6,186.41,False,0,0.0,0,,NO POSITION,,0.0,0,0,0,0.0,0.0,0.0,0.0,0.0,0.0,0.0,0,False,NO ACTION,No actual open position,NORMAL,NO ACTION,0.0,0.0,0.0,0.0,0.0,0.0,0.0,NOT APPLICABLE,0.0,exit_intelligence_engine_v1_1_position_state_aware,Balanced multi-engine consensus | Warnings: Trade validation rejected | Validation status rejected | Entry timing rejected | Risk engine rejected | AI final decision restrictive | Institutional decision restrictive | Weak trade validation | Entry engine restrictive | Risk engine says no trade | Weak risk/reward | Weak market
FCSC,IST.CAPITAL SEC,SECURITIES,CAPITAL SECURITIES,13JUL2026,5.04,-1.3698630136986356,1281790,6460221.6,0.0,AVOID,8.32,91.68,17.2,29,40,NEUTRAL,0,REJECTED,AVOID,0,NO ENTRY,0.0,0,NO TRADE,REJECTED,AVOID,1.17,4.96,5.09,4.79,5.44,5.75,False,0,0.0,0,,NO POSITION,,0.0,0,0,0,0.0,0.0,0.0,0.0,0.0,0.0,0.0,0,False,NO ACTION,No actual open position,NORMAL,NO ACTION,0.0,0.0,0.0,0.0,0.0,0.0,0.0,NOT APPLICABLE,0.0,exit_intelligence_engine_v1_1_position_state_aware,Balanced multi-engine consensus | Warnings: Trade validation rejected | Validation status rejected | Entry timing rejected | Risk engine rejected | AI final decision restrictive | Institutional decision restrictive | Weak trade validation | Entry engine restrictive | Risk engine says no trade | Weak risk/reward | Weak smart money | Weak market | Weak sector
AMBL,APNA MICROFIN.,MICROFINANCE,MICROFINANCE BANK,13JUL2026,23.46,-1.0126582278480947,953,22357.38,0.0,AVOID,11.69,88.31,17.18,42,40,NEUTRAL,0,REJECTED,AVOID,0,NO ENTRY,0.0,0,NO TRADE,REJECTED,AVOID,1.18,23.11,23.69,22.29,25.34,26.74,False,0,0.0,0,,NO POSITION,,0.0,0,0,0,0.0,0.0,0.0,0.0,0.0,0.0,0.0,0,False,NO ACTION,No actual open position,NORMAL,NO ACTION,0.0,0.0,0.0,0.0,0.0,0.0,0.0,NOT APPLICABLE,0.0,exit_intelligence_engine_v1_1_position_state_aware,Balanced multi-engine consensus | Warnings: Trade validation rejected | Validation status rejected | Entry timing rejected | Risk engine rejected | AI final decision restrictive | Institutional decision restrictive | Weak trade validation | Entry engine restrictive | Risk engine says no trade | Weak risk/reward | Weak smart money | Weak market | Weak sector
SEL,SITARA ENERGY,POWER,ENERGY / POWER,13JUL2026,31.25,-2.4047470331043193,18860,589375.0,0.0,AVOID,11.53,88.47,17.17,38,40,NEUTRAL,0,REJECTED,AVOID,0,NO ENTRY,0.0,0,NO TRADE,REJECTED,AVOID,1.17,30.78,31.56,29.69,33.75,35.62,False,0,0.0,0,,NO POSITION,,0.0,0,0,0,0.0,0.0,0.0,0.0,0.0,0.0,0.0,0,False,NO ACTION,No actual open position,NORMAL,NO ACTION,0.0,0.0,0.0,0.0,0.0,0.0,0.0,NOT APPLICABLE,0.0,exit_intelligence_engine_v1_1_position_state_aware,Balanced multi-engine consensus | Warnings: Trade validation rejected | Validation status rejected | Entry timing rejected | Risk engine rejected | AI final decision restrictive | Institutional decision restrictive | Weak trade validation | Entry engine restrictive | Risk engine says no trade | Weak risk/reward | Weak smart money | Weak market | Weak sector
NETSOL,NETSOL TECH.,TECHNOLOGY,UNKNOWN,13JUL2026,128.11,-1.884046871409956,297040,38053794.400000006,0.0,AVOID,8.27,91.73,17.16,22,40,NEUTRAL,0,REJECTED,AVOID,0,NO ENTRY,0.0,0,NO TRADE,REJECTED,AVOID,1.17,126.19,129.39,121.7,138.36,146.05,False,0,0.0,0,,NO POSITION,,0.0,0,0,0,0.0,0.0,0.0,0.0,0.0,0.0,0.0,0,False,NO ACTION,No actual open position,NORMAL,NO ACTION,0.0,0.0,0.0,0.0,0.0,0.0,0.0,NOT APPLICABLE,0.0,exit_intelligence_engine_v1_1_position_state_aware,Balanced multi-engine consensus | Warnings: Trade validation rejected | Validation status rejected | Entry timing rejected | Risk engine rejected | AI final decision restrictive | Institutional decision restrictive | Weak trade validation | Entry engine restrictive | Risk engine says no trade | Weak risk/reward | Weak smart money | Weak market | Weak sector
P03FRR180629,3 YEAR FIXED RATE,GOVT SECURITIES,3 YEAR FIXED RATE,13JUL2026,101.45,0.8750124291538328,75005000,7609257250.0,0.0,AVOID,8.27,91.73,17.15,45,52,NEUTRAL,0,REJECTED,AVOID,0,NO ENTRY,0.0,0,NO TRADE,REJECTED,AVOID,1.17,99.93,102.46,96.38,109.57,115.65,False,0,0.0,0,,NO POSITION,,0.0,0,0,0,0.0,0.0,0.0,0.0,0.0,0.0,0.0,0,False,NO ACTION,No actual open position,NORMAL,NO ACTION,0.0,0.0,0.0,0.0,0.0,0.0,0.0,NOT APPLICABLE,0.0,exit_intelligence_engine_v1_1_position_state_aware,Balanced multi-engine consensus | Warnings: Blocked security type | Trade validation rejected | Validation status rejected | Entry timing rejected | Risk engine rejected | AI final decision restrictive | Institutional decision restrictive | Weak trade validation | Entry engine restrictive | Risk engine says no trade | Weak risk/reward | Weak market
CLOV,CLOVER PAKISTAN,FOOD,UNKNOWN,13JUL2026,7.98,-1.3597033374536394,1486001,11858287.98,0.0,AVOID,8.26,91.74,17.14,34,40,NEUTRAL,0,REJECTED,AVOID,0,NO ENTRY,0.0,0,NO TRADE,REJECTED,AVOID,1.17,7.86,8.06,7.58,8.62,9.1,False,0,0.0,0,,NO POSITION,,0.0,0,0,0,0.0,0.0,0.0,0.0,0.0,0.0,0.0,0,False,NO ACTION,No actual open position,NORMAL,NO ACTION,0.0,0.0,0.0,0.0,0.0,0.0,0.0,NOT APPLICABLE,0.0,exit_intelligence_engine_v1_1_position_state_aware,Balanced multi-engine consensus | Warnings: Trade validation rejected | Validation status rejected | Entry timing rejected | Risk engine rejected | AI final decision restrictive | Institutional decision restrictive | Weak trade validation | Entry engine restrictive | Risk engine says no trade | Weak risk/reward | Weak smart money | Weak trend | Weak market | Weak sector
FHAM,HABIB MODARABA,MODARABA,MODARABA,13JUL2026,33.1,-2.3310711124225407,16239,537510.9,0.0,AVOID,11.4,88.6,17.13,35,40,NEUTRAL,0,REJECTED,AVOID,0,NO ENTRY,0.0,0,NO TRADE,REJECTED,AVOID,1.17,32.6,33.43,31.45,35.75,37.73,False,0,0.0,0,,NO POSITION,,0.0,0,0,0,0.0,0.0,0.0,0.0,0.0,0.0,0.0,0,False,NO ACTION,No actual open position,NORMAL,NO ACTION,0.0,0.0,0.0,0.0,0.0,0.0,0.0,NOT APPLICABLE,0.0,exit_intelligence_engine_v1_1_position_state_aware,Strong trend | Warnings: Trade validation rejected | Validation status rejected | Entry timing rejected | Risk engine rejected | AI final decision restrictive | Institutional decision restrictive | Weak trade validation | Entry engine restrictive | Risk engine says no trade | Weak risk/reward | Weak smart money | Weak market
HRPL,HABIB RICE PROD,FOOD,RICE / FOOD,13JUL2026,20.71,-1.5684410646387752,36903,764261.13,0.0,AVOID,11.3,88.7,17.13,37,40,NEUTRAL,0,REJECTED,AVOID,0,NO ENTRY,0.0,0,NO TRADE,REJECTED,AVOID,1.16,20.4,20.92,19.67,22.37,23.61,False,0,0.0,0,,NO POSITION,,0.0,0,0,0,0.0,0.0,0.0,0.0,0.0,0.0,0.0,0,False,NO ACTION,No actual open position,NORMAL,NO ACTION,0.0,0.0,0.0,0.0,0.0,0.0,0.0,NOT APPLICABLE,0.0,exit_intelligence_engine_v1_1_position_state_aware,Balanced multi-engine consensus | Warnings: Trade validation rejected | Validation status rejected | Entry timing rejected | Risk engine rejected | AI final decision restrictive | Institutional decision restrictive | Weak trade validation | Entry engine restrictive | Risk engine says no trade | Weak risk/reward | Weak smart money | Weak market | Weak sector
JVDCPS,JAVEDAN CORP(PR),PROPERTY,PREFERENCE SHARE,13JUL2026,64.05,0.0,48,3074.3999999999996,0.0,AVOID,11.63,88.37,17.12,41,52,NEUTRAL,0,REJECTED,AVOID,0,NO ENTRY,0.0,0,NO TRADE,REJECTED,AVOID,1.17,63.09,64.69,60.85,69.17,73.02,False,0,0.0,0,,NO POSITION,,0.0,0,0,0,0.0,0.0,0.0,0.0,0.0,0.0,0.0,0,False,NO ACTION,No actual open position,NORMAL,NO ACTION,0.0,0.0,0.0,0.0,0.0,0.0,0.0,NOT APPLICABLE,0.0,exit_intelligence_engine_v1_1_position_state_aware,Balanced multi-engine consensus | Warnings: Trade validation rejected | Validation status rejected | Entry timing rejected | Risk engine rejected | AI final decision restrictive | Institutional decision restrictive | Weak trade validation | Entry engine restrictive | Risk engine says no trade | Weak risk/reward | Weak smart money | Weak market | Weak sector | Very high volatility
TREET,TREET CORP,HOLDING,DIVERSIFIED HOLDING,13JUL2026,24.24,-1.9813991103922444,1965156,47635381.44,0.0,AVOID,8.25,91.75,17.12,29,40,NEUTRAL,0,REJECTED,AVOID,0,NO ENTRY,0.0,0,NO TRADE,REJECTED,AVOID,1.17,23.88,24.48,23.03,26.18,27.63,False,0,0.0,0,,NO POSITION,,0.0,0,0,0,0.0,0.0,0.0,0.0,0.0,0.0,0.0,0,False,NO ACTION,No actual open position,NORMAL,NO ACTION,0.0,0.0,0.0,0.0,0.0,0.0,0.0,NOT APPLICABLE,0.0,exit_intelligence_engine_v1_1_position_state_aware,Balanced multi-engine consensus | Warnings: Trade validation rejected | Validation status rejected | Entry timing rejected | Risk engine rejected | AI final decision restrictive | Institutional decision restrictive | Weak trade validation | Entry engine restrictive | Risk engine says no trade | Weak risk/reward | Weak smart money | Weak trend | Weak market | Weak sector
WAVES,WAVES CORP LTD.,CONSUMER DURABLES,HOME APPLIANCES,13JUL2026,10.77,-1.733576642335778,1273924,13720161.479999999,0.0,AVOID,8.25,91.75,17.1,29,40,NEUTRAL,0,REJECTED,AVOID,0,NO ENTRY,0.0,0,NO TRADE,REJECTED,AVOID,1.15,10.61,10.88,10.23,11.63,12.28,False,0,0.0,0,,NO POSITION,,0.0,0,0,0,0.0,0.0,0.0,0.0,0.0,0.0,0.0,0,False,NO ACTION,No actual open position,NORMAL,NO ACTION,0.0,0.0,0.0,0.0,0.0,0.0,0.0,NOT APPLICABLE,0.0,exit_intelligence_engine_v1_1_position_state_aware,Balanced multi-engine consensus | Warnings: Trade validation rejected | Validation status rejected | Entry timing rejected | Risk engine rejected | AI final decision restrictive | Institutional decision restrictive | Weak trade validation | Entry engine restrictive | Risk engine says no trade | Weak risk/reward | Weak smart money | Weak market | Weak sector
DFML,DEWAN MOTORS,AUTOMOBILE,MOTOR VEHICLES,13JUL2026,19.38,-2.1706208985360917,471703,9141604.139999999,0.0,AVOID,8.24,91.76,17.09,29,40,NEUTRAL,0,REJECTED,AVOID,0,NO ENTRY,0.0,0,NO TRADE,REJECTED,AVOID,1.17,19.09,19.57,18.41,20.93,22.09,False,0,0.0,0,,NO POSITION,,0.0,0,0,0,0.0,0.0,0.0,0.0,0.0,0.0,0.0,0,False,NO ACTION,No actual open position,NORMAL,NO ACTION,0.0,0.0,0.0,0.0,0.0,0.0,0.0,NOT APPLICABLE,0.0,exit_intelligence_engine_v1_1_position_state_aware,Balanced multi-engine consensus | Warnings: Trade validation rejected | Validation status rejected | Entry timing rejected | Risk engine rejected | AI final decision restrictive | Institutional decision restrictive | Weak trade validation | Entry engine restrictive | Risk engine says no trade | Weak risk/reward | Weak smart money | Weak trend | Weak market | Weak sector
TBL,TREET BATTERY LTD.,AUTO PARTS,BATTERIES,13JUL2026,10.41,-1.4204545454545487,1169833,12177961.53,0.0,AVOID,8.24,91.76,17.08,22,40,NEUTRAL,0,REJECTED,AVOID,0,NO ENTRY,0.0,0,NO TRADE,REJECTED,AVOID,1.18,10.25,10.51,9.89,11.24,11.87,False,0,0.0,0,,NO POSITION,,0.0,0,0,0,0.0,0.0,0.0,0.0,0.0,0.0,0.0,0,False,NO ACTION,No actual open position,NORMAL,NO ACTION,0.0,0.0,0.0,0.0,0.0,0.0,0.0,NOT APPLICABLE,0.0,exit_intelligence_engine_v1_1_position_state_aware,Balanced multi-engine consensus | Warnings: Trade validation rejected | Validation status rejected | Entry timing rejected | Risk engine rejected | AI final decision restrictive | Institutional decision restrictive | Weak trade validation | Entry engine restrictive | Risk engine says no trade | Weak risk/reward | Weak smart money | Weak market | Weak sector
SIBL,SEC. INV. BANK,FINANCE,INVESTMENT BANK,13JUL2026,7.22,0.27777777777777185,1596,11523.119999999999,0.0,AVOID,10.85,89.15,17.07,47,45,NEUTRAL,0,REJECTED,AVOID,0,NO ENTRY,0.0,0,NO TRADE,REJECTED,AVOID,1.19,7.11,7.29,6.86,7.8,8.23,False,0,0.0,0,,NO POSITION,,0.0,0,0,0,0.0,0.0,0.0,0.0,0.0,0.0,0.0,0,False,NO ACTION,No actual open position,NORMAL,NO ACTION,0.0,0.0,0.0,0.0,0.0,0.0,0.0,NOT APPLICABLE,0.0,exit_intelligence_engine_v1_1_position_state_aware,Balanced multi-engine consensus | Warnings: Trade validation rejected | Validation status rejected | Entry timing rejected | Risk engine rejected | AI final decision restrictive | Institutional decision restrictive | Weak trade validation | Entry engine restrictive | Risk engine says no trade | Weak risk/reward | Weak trend | Weak market
SHEZ,SHEZAN INTER.,FOOD,UNKNOWN,13JUL2026,250.11,-3.629638192116503,1176,294129.36000000004,0.0,AVOID,10.46,89.54,17.07,31,40,NEUTRAL,0,REJECTED,AVOID,0,NO ENTRY,0.0,0,NO TRADE,REJECTED,AVOID,1.17,246.36,252.61,237.6,270.12,285.13,False,0,0.0,0,,NO POSITION,,0.0,0,0,0,0.0,0.0,0.0,0.0,0.0,0.0,0.0,0,False,NO ACTION,No actual open position,NORMAL,NO ACTION,0.0,0.0,0.0,0.0,0.0,0.0,0.0,NOT APPLICABLE,0.0,exit_intelligence_engine_v1_1_position_state_aware,Strong trend | Warnings: Trade validation rejected | Validation status rejected | Entry timing rejected | Risk engine rejected | AI final decision restrictive | Institutional decision restrictive | Weak trade validation | Entry engine restrictive | Risk engine says no trade | Weak risk/reward | Weak smart money | Weak market | Weak sector
AGIL,AGRIAUTOS IND.,AUTO PARTS,AUTO PARTS,13JUL2026,160.0,-0.7690399404614295,12614,2018240.0,0.0,AVOID,8.39,91.61,17.05,35,40,NEUTRAL,0,REJECTED,AVOID,0,NO ENTRY,0.0,0,NO TRADE,REJECTED,AVOID,1.17,157.6,161.6,152.0,172.8,182.4,False,0,0.0,0,,NO POSITION,,0.0,0,0,0,0.0,0.0,0.0,0.0,0.0,0.0,0.0,0,False,NO ACTION,No actual open position,NORMAL,NO ACTION,0.0,0.0,0.0,0.0,0.0,0.0,0.0,NOT APPLICABLE,0.0,exit_intelligence_engine_v1_1_position_state_aware,Balanced multi-engine consensus | Warnings: Trade validation rejected | Validation status rejected | Entry timing rejected | Risk engine rejected | AI final decision restrictive | Institutional decision restrictive | Weak trade validation | Entry engine restrictive | Risk engine says no trade | Weak risk/reward | Weak smart money | Weak market | Weak sector
CPHL,CITI PHARMA LTD,PHARMA,UNKNOWN,13JUL2026,78.44,-0.7339913945836476,409312,32106433.279999997,0.0,AVOID,8.22,91.78,17.05,22,40,NEUTRAL,0,REJECTED,AVOID,0,NO ENTRY,0.0,0,NO TRADE,REJECTED,AVOID,1.17,77.26,79.22,74.52,84.72,89.42,False,0,0.0,0,,NO POSITION,,0.0,0,0,0,0.0,0.0,0.0,0.0,0.0,0.0,0.0,0,False,NO ACTION,No actual open position,NORMAL,NO ACTION,0.0,0.0,0.0,0.0,0.0,0.0,0.0,NOT APPLICABLE,0.0,exit_intelligence_engine_v1_1_position_state_aware,Balanced multi-engine consensus | Warnings: Trade validation rejected | Validation status rejected | Entry timing rejected | Risk engine rejected | AI final decision restrictive | Institutional decision restrictive | Weak trade validation | Entry engine restrictive | Risk engine says no trade | Weak risk/reward | Weak smart money | Weak trend | Weak market | Weak sector
TPLRF1,TPL REIT FUND I,REAL_ESTATE,UNKNOWN,13JUL2026,9.96,-0.30030030030029387,6943357,69155835.72,0.0,AVOID,8.22,91.78,17.04,38,50,NEUTRAL,4,REJECTED,AVOID,0,NO ENTRY,0.0,0,NO TRADE,REJECTED,AVOID,1.17,9.81,10.06,9.46,10.76,11.35,False,0,0.0,0,,NO POSITION,,0.0,0,0,0,0.0,0.0,0.0,0.0,0.0,0.0,0.0,0,False,NO ACTION,No actual open position,NORMAL,NO ACTION,0.0,0.0,0.0,0.0,0.0,0.0,0.0,NOT APPLICABLE,0.0,exit_intelligence_engine_v1_1_position_state_aware,Strong trend | Warnings: Blocked security type | Trade validation rejected | Validation status rejected | Entry timing rejected | Risk engine rejected | AI final decision restrictive | Institutional decision restrictive | Weak trade validation | Entry engine restrictive | Risk engine says no trade | Weak risk/reward | Weak smart money | Weak market | Weak sector
ZTL,ZEPHYR TEXTILE,TEXTILE,TEXTILE MILLS,13JUL2026,19.64,-2.6759167492566855,127045,2495163.8000000003,0.0,AVOID,8.32,91.68,17.02,23,40,NEUTRAL,0,REJECTED,AVOID,0,NO ENTRY,0.0,0,NO TRADE,REJECTED,AVOID,1.16,19.35,19.84,18.66,21.21,22.39,False,0,0.0,0,,NO POSITION,,0.0,0,0,0,0.0,0.0,0.0,0.0,0.0,0.0,0.0,0,False,NO ACTION,No actual open position,NORMAL,NO ACTION,0.0,0.0,0.0,0.0,0.0,0.0,0.0,NOT APPLICABLE,0.0,exit_intelligence_engine_v1_1_position_state_aware,Balanced multi-engine consensus | Warnings: Trade validation rejected | Validation status rejected | Entry timing rejected | Risk engine rejected | AI final decision restrictive | Institutional decision restrictive | Weak trade validation | Entry engine restrictive | Risk engine says no trade | Weak risk/reward | Weak smart money | Weak market | Weak sector | High volatility
MTL,MILLAT TRACTORS,AUTOMOBILE,AGRICULTURAL TRACTORS,13JUL2026,294.42,-1.42297519000904,231676,68210047.92,0.0,AVOID,8.2,91.8,17.01,24,40,NEUTRAL,0,REJECTED,AVOID,0,NO ENTRY,0.0,0,NO TRADE,REJECTED,AVOID,1.17,290.0,297.36,279.7,317.97,335.64,False,0,0.0,0,,NO POSITION,,0.0,0,0,0,0.0,0.0,0.0,0.0,0.0,0.0,0.0,0,False,NO ACTION,No actual open position,NORMAL,NO ACTION,0.0,0.0,0.0,0.0,0.0,0.0,0.0,NOT APPLICABLE,0.0,exit_intelligence_engine_v1_1_position_state_aware,Balanced multi-engine consensus | Warnings: Trade validation rejected | Validation status rejected | Entry timing rejected | Risk engine rejected | AI final decision restrictive | Institutional decision restrictive | Weak trade validation | Entry engine restrictive | Risk engine says no trade | Weak risk/reward | Weak smart money | Weak trend | Weak market | Weak sector | High volatility
BCL,BOLAN CASTING,ENGINEERING,FOUNDRY / CASTING,13JUL2026,76.46,-0.7141929619530079,18574,1420168.0399999998,0.0,AVOID,8.2,91.8,17.0,22,40,NEUTRAL,0,REJECTED,AVOID,0,NO ENTRY,0.0,0,NO TRADE,REJECTED,AVOID,1.17,75.31,77.22,72.64,82.58,87.16,False,0,0.0,0,,NO POSITION,,0.0,0,0,0,0.0,0.0,0.0,0.0,0.0,0.0,0.0,0,False,NO ACTION,No actual open position,NORMAL,NO ACTION,0.0,0.0,0.0,0.0,0.0,0.0,0.0,NOT APPLICABLE,0.0,exit_intelligence_engine_v1_1_position_state_aware,Balanced multi-engine consensus | Warnings: Trade validation rejected | Validation status rejected | Entry timing rejected | Risk engine rejected | AI final decision restrictive | Institutional decision restrictive | Weak trade validation | Entry engine restrictive | Risk engine says no trade | Weak risk/reward | Weak smart money | Weak market | Weak sector
ZAL,ZAREA LIMITED,TECHNOLOGY,DIGITAL MARKETPLACE,13JUL2026,42.64,-1.9093627789279926,567143,24182977.52,0.0,AVOID,8.19,91.81,16.98,29,40,NEUTRAL,0,REJECTED,AVOID,0,NO ENTRY,0.0,0,NO TRADE,REJECTED,AVOID,1.16,42.0,43.07,40.51,46.05,48.61,False,0,0.0,0,,NO POSITION,,0.0,0,0,0,0.0,0.0,0.0,0.0,0.0,0.0,0.0,0,False,NO ACTION,No actual open position,NORMAL,NO ACTION,0.0,0.0,0.0,0.0,0.0,0.0,0.0,NOT APPLICABLE,0.0,exit_intelligence_engine_v1_1_position_state_aware,Balanced multi-engine consensus | Warnings: Trade validation rejected | Validation status rejected | Entry timing rejected | Risk engine rejected | AI final decision restrictive | Institutional decision restrictive | Weak trade validation | Entry engine restrictive | Risk engine says no trade | Weak risk/reward | Weak smart money | Weak trend | Weak market | Weak sector
TATM,TATA TEXTILE,TEXTILE,TEXTILE MILLS,13JUL2026,135.94,-0.8677896886166394,35656,4847076.64,0.0,AVOID,8.19,91.81,16.98,22,40,NEUTRAL,0,REJECTED,AVOID,0,NO ENTRY,0.0,0,NO TRADE,REJECTED,AVOID,1.17,133.9,137.3,129.14,146.82,154.97,False,0,0.0,0,,NO POSITION,,0.0,0,0,0,0.0,0.0,0.0,0.0,0.0,0.0,0.0,0,False,NO ACTION,No actual open position,NORMAL,NO ACTION,0.0,0.0,0.0,0.0,0.0,0.0,0.0,NOT APPLICABLE,0.0,exit_intelligence_engine_v1_1_position_state_aware,Balanced multi-engine consensus | Warnings: Trade validation rejected | Validation status rejected | Entry timing rejected | Risk engine rejected | AI final decision restrictive | Institutional decision restrictive | Weak trade validation | Entry engine restrictive | Risk engine says no trade | Weak risk/reward | Weak smart money | Weak market | Weak sector
PAKD,PAK DATACOM,TELECOM,DATA COMMUNICATION,13JUL2026,130.01,0.015385798907594284,13556,1762415.5599999998,0.0,AVOID,8.19,91.81,16.98,27,40,NEUTRAL,0,REJECTED,AVOID,0,NO ENTRY,0.0,0,NO TRADE,REJECTED,AVOID,1.17,128.06,131.31,123.51,140.41,148.21,False,0,0.0,0,,NO POSITION,,0.0,0,0,0,0.0,0.0,0.0,0.0,0.0,0.0,0.0,0,False,NO ACTION,No actual open position,NORMAL,NO ACTION,0.0,0.0,0.0,0.0,0.0,0.0,0.0,NOT APPLICABLE,0.0,exit_intelligence_engine_v1_1_position_state_aware,Balanced multi-engine consensus | Warnings: Trade validation rejected | Validation status rejected | Entry timing rejected | Risk engine rejected | AI final decision restrictive | Institutional decision restrictive | Weak trade validation | Entry engine restrictive | Risk engine says no trade | Weak risk/reward | Weak smart money | Weak market
SCBPL,ST.CHART.BANK,BANKS,COMMERCIAL BANK,13JUL2026,65.7,-1.5582858855259096,7669,503853.30000000005,0.0,AVOID,9.74,90.26,16.95,30,40,NEUTRAL,0,REJECTED,AVOID,0,NO ENTRY,0.0,0,NO TRADE,REJECTED,AVOID,1.16,64.71,66.36,62.41,70.96,74.9,False,0,0.0,0,,NO POSITION,,0.0,0,0,0,0.0,0.0,0.0,0.0,0.0,0.0,0.0,0,False,NO ACTION,No actual open position,NORMAL,NO ACTION,0.0,0.0,0.0,0.0,0.0,0.0,0.0,NOT APPLICABLE,0.0,exit_intelligence_engine_v1_1_position_state_aware,Strong trend | Warnings: Trade validation rejected | Validation status rejected | Entry timing rejected | Risk engine rejected | AI final decision restrictive | Institutional decision restrictive | Weak trade validation | Entry engine restrictive | Risk engine says no trade | Weak risk/reward | Weak smart money | Weak market | Weak sector
SML,SHAKARGANJ LIMITED,SUGAR,SUGAR / FOOD,13JUL2026,114.58,0.0,3,343.74,0.0,AVOID,10.51,89.49,16.94,42,40,NEUTRAL,0,REJECTED,AVOID,0,NO ENTRY,0.0,0,NO TRADE,REJECTED,AVOID,1.17,112.86,115.73,108.85,123.75,130.62,False,0,0.0,0,,NO POSITION,,0.0,0,0,0,0.0,0.0,0.0,0.0,0.0,0.0,0.0,0,False,NO ACTION,No actual open position,NORMAL,NO ACTION,0.0,0.0,0.0,0.0,0.0,0.0,0.0,NOT APPLICABLE,0.0,exit_intelligence_engine_v1_1_position_state_aware,Balanced multi-engine consensus | Warnings: Trade validation rejected | Validation status rejected | Entry timing rejected | Risk engine rejected | AI final decision restrictive | Institutional decision restrictive | Weak trade validation | Entry engine restrictive | Risk engine says no trade | Weak risk/reward | Weak smart money | Weak market
DSIL,D.S. IND. LTD.,ENGINEERING,INDUSTRIAL MANUFACTURING,13JUL2026,9.46,-1.7653167185877456,154526,1461815.9600000002,0.0,AVOID,8.17,91.83,16.94,30,40,NEUTRAL,0,REJECTED,AVOID,0,NO ENTRY,0.0,0,NO TRADE,REJECTED,AVOID,1.2,9.32,9.55,8.99,10.22,10.78,False,0,0.0,0,,NO POSITION,,0.0,0,0,0,0.0,0.0,0.0,0.0,0.0,0.0,0.0,0,False,NO ACTION,No actual open position,NORMAL,NO ACTION,0.0,0.0,0.0,0.0,0.0,0.0,0.0,NOT APPLICABLE,0.0,exit_intelligence_engine_v1_1_position_state_aware,Balanced multi-engine consensus | Warnings: Trade validation rejected | Validation status rejected | Entry timing rejected | Risk engine rejected | AI final decision restrictive | Institutional decision restrictive | Weak trade validation | Entry engine restrictive | Risk engine says no trade | Weak smart money | Weak market | Weak sector
IGIL,IGI LIFE INS,INSURANCE,LIFE INSURANCE,13JUL2026,19.34,0.0,301,5821.34,0.0,AVOID,10.16,89.84,16.93,42,40,NEUTRAL,0,REJECTED,AVOID,0,NO ENTRY,0.0,0,NO TRADE,REJECTED,AVOID,1.17,19.05,19.53,18.37,20.89,22.05,False,0,0.0,0,,NO POSITION,,0.0,0,0,0,0.0,0.0,0.0,0.0,0.0,0.0,0.0,0,False,NO ACTION,No actual open position,NORMAL,NO ACTION,0.0,0.0,0.0,0.0,0.0,0.0,0.0,NOT APPLICABLE,0.0,exit_intelligence_engine_v1_1_position_state_aware,Balanced multi-engine consensus | Warnings: Trade validation rejected | Validation status rejected | Entry timing rejected | Risk engine rejected | AI final decision restrictive | Institutional decision restrictive | Weak trade validation | Entry engine restrictive | Risk engine says no trade | Weak risk/reward | Weak smart money | Weak trend | Weak market | Weak sector
STL,SUPERNET TECHNOLOGIE,TECHNOLOGY,TELECOM / IT SERVICES,13JUL2026,49.86,-0.6575014943215747,89370,4455988.2,0.0,AVOID,8.17,91.83,16.93,34,40,NEUTRAL,0,REJECTED,AVOID,0,NO ENTRY,0.0,0,NO TRADE,REJECTED,AVOID,1.17,49.11,50.36,47.37,53.85,56.84,False,0,0.0,0,,NO POSITION,,0.0,0,0,0,0.0,0.0,0.0,0.0,0.0,0.0,0.0,0,False,NO ACTION,No actual open position,NORMAL,NO ACTION,0.0,0.0,0.0,0.0,0.0,0.0,0.0,NOT APPLICABLE,0.0,exit_intelligence_engine_v1_1_position_state_aware,Balanced multi-engine consensus | Warnings: Trade validation rejected | Validation status rejected | Entry timing rejected | Risk engine rejected | AI final decision restrictive | Institutional decision restrictive | Weak trade validation | Entry engine restrictive | Risk engine says no trade | Weak risk/reward | Weak smart money | Weak trend | Weak market | Weak sector
YOUW,YOUSUF WEAVING,TEXTILE,WEAVING,13JUL2026,5.6,-1.4084507042253533,758922,4249963.2,0.0,AVOID,8.17,91.83,16.93,28,40,NEUTRAL,0,REJECTED,AVOID,0,NO ENTRY,0.0,0,NO TRADE,REJECTED,AVOID,1.15,5.52,5.66,5.32,6.05,6.38,False,0,0.0,0,,NO POSITION,,0.0,0,0,0,0.0,0.0,0.0,0.0,0.0,0.0,0.0,0,False,NO ACTION,No actual open position,NORMAL,NO ACTION,0.0,0.0,0.0,0.0,0.0,0.0,0.0,NOT APPLICABLE,0.0,exit_intelligence_engine_v1_1_position_state_aware,Balanced multi-engine consensus | Warnings: Trade validation rejected | Validation status rejected | Entry timing rejected | Risk engine rejected | AI final decision restrictive | Institutional decision restrictive | Weak trade validation | Entry engine restrictive | Risk engine says no trade | Weak risk/reward | Weak smart money | Weak market | Weak sector
ELCM,ELAHI COTTON,TEXTILE,COTTON / TEXTILE,13JUL2026,250.0,0.0,13,3250.0,0.0,AVOID,9.87,90.13,16.92,35,40,NEUTRAL,0,REJECTED,AVOID,0,NO ENTRY,0.0,0,NO TRADE,REJECTED,AVOID,1.17,246.25,252.5,237.5,270.0,285.0,False,0,0.0,0,,NO POSITION,,0.0,0,0,0,0.0,0.0,0.0,0.0,0.0,0.0,0.0,0,False,NO ACTION,No actual open position,NORMAL,NO ACTION,0.0,0.0,0.0,0.0,0.0,0.0,0.0,NOT APPLICABLE,0.0,exit_intelligence_engine_v1_1_position_state_aware,Balanced multi-engine consensus | Warnings: Trade validation rejected | Validation status rejected | Entry timing rejected | Risk engine rejected | AI final decision restrictive | Institutional decision restrictive | Weak trade validation | Entry engine restrictive | Risk engine says no trade | Weak risk/reward | Weak smart money | Weak market | Weak sector
DSL,DOST STEELS LTD.,STEEL,STEEL PRODUCTS,13JUL2026,5.24,-0.9451795841209797,435470,2281862.8000000003,0.0,AVOID,8.16,91.84,16.92,34,40,NEUTRAL,0,REJECTED,AVOID,0,NO ENTRY,0.0,0,NO TRADE,REJECTED,AVOID,1.19,5.16,5.29,4.98,5.66,5.97,False,0,0.0,0,,NO POSITION,,0.0,0,0,0,0.0,0.0,0.0,0.0,0.0,0.0,0.0,0,False,NO ACTION,No actual open position,NORMAL,NO ACTION,0.0,0.0,0.0,0.0,0.0,0.0,0.0,NOT APPLICABLE,0.0,exit_intelligence_engine_v1_1_position_state_aware,Balanced multi-engine consensus | Warnings: Trade validation rejected | Validation status rejected | Entry timing rejected | Risk engine rejected | AI final decision restrictive | Institutional decision restrictive | Weak trade validation | Entry engine restrictive | Risk engine says no trade | Weak risk/reward | Weak smart money | Weak trend | Weak market | Weak sector
GWLC,GHARIBWAL CEMENT,CEMENT,CEMENT MANUFACTURING,13JUL2026,51.12,-3.145130731337635,158017,8077829.04,0.0,AVOID,8.16,91.84,16.91,29,40,NEUTRAL,0,REJECTED,AVOID,0,NO ENTRY,0.0,0,NO TRADE,REJECTED,AVOID,1.17,50.35,51.63,48.56,55.21,58.28,False,0,0.0,0,,NO POSITION,,0.0,0,0,0,0.0,0.0,0.0,0.0,0.0,0.0,0.0,0,False,NO ACTION,No actual open position,NORMAL,NO ACTION,0.0,0.0,0.0,0.0,0.0,0.0,0.0,NOT APPLICABLE,0.0,exit_intelligence_engine_v1_1_position_state_aware,Balanced multi-engine consensus | Warnings: Trade validation rejected | Validation status rejected | Entry timing rejected | Risk engine rejected | AI final decision restrictive | Institutional decision restrictive | Weak trade validation | Entry engine restrictive | Risk engine says no trade | Weak risk/reward | Weak smart money | Weak market | Weak sector
PPVC,PAK.P.V.C.,CHEMICAL,PVC / CHEMICALS,13JUL2026,29.0,2.256699576868831,4996,144884.0,0.0,AVOID,9.46,90.54,16.9,28,40,NEUTRAL,0,REJECTED,AVOID,0,NO ENTRY,0.0,0,NO TRADE,REJECTED,AVOID,1.17,28.57,29.29,27.55,31.32,33.06,False,0,0.0,0,,NO POSITION,,0.0,0,0,0,0.0,0.0,0.0,0.0,0.0,0.0,0.0,0,False,NO ACTION,No actual open position,NORMAL,NO ACTION,0.0,0.0,0.0,0.0,0.0,0.0,0.0,NOT APPLICABLE,0.0,exit_intelligence_engine_v1_1_position_state_aware,Balanced multi-engine consensus | Warnings: Trade validation rejected | Validation status rejected | Entry timing rejected | Risk engine rejected | AI final decision restrictive | Institutional decision restrictive | Weak trade validation | Entry engine restrictive | Risk engine says no trade | Weak risk/reward | Weak smart money | Weak market | High volatility
UNITY,UNITY FOODS LTD,FOOD,UNKNOWN,13JUL2026,10.05,-2.0467836257309853,3556165,35739458.25,0.0,AVOID,8.15,91.85,16.9,29,40,NEUTRAL,0,REJECTED,AVOID,0,NO ENTRY,0.0,0,NO TRADE,REJECTED,AVOID,1.17,9.9,10.15,9.55,10.85,11.46,False,0,0.0,0,,NO POSITION,,0.0,0,0,0,0.0,0.0,0.0,0.0,0.0,0.0,0.0,0,False,NO ACTION,No actual open position,NORMAL,NO ACTION,0.0,0.0,0.0,0.0,0.0,0.0,0.0,NOT APPLICABLE,0.0,exit_intelligence_engine_v1_1_position_state_aware,Balanced multi-engine consensus | Warnings: Trade validation rejected | Validation status rejected | Entry timing rejected | Risk engine rejected | AI final decision restrictive | Institutional decision restrictive | Weak trade validation | Entry engine restrictive | Risk engine says no trade | Weak risk/reward | Weak smart money | Weak trend | Weak market | Weak sector
ASHT,ASHFAQ TEXTILE,TEXTILE,TEXTILE MILLS,13JUL2026,34.71,-2.7731092436974842,2152,74695.92,0.0,AVOID,9.7,90.3,16.86,38,40,NEUTRAL,0,REJECTED,AVOID,0,NO ENTRY,0.0,0,NO TRADE,REJECTED,AVOID,1.16,34.19,35.06,32.97,37.49,39.57,False,0,0.0,0,,NO POSITION,,0.0,0,0,0,0.0,0.0,0.0,0.0,0.0,0.0,0.0,0,False,NO ACTION,No actual open position,NORMAL,NO ACTION,0.0,0.0,0.0,0.0,0.0,0.0,0.0,NOT APPLICABLE,0.0,exit_intelligence_engine_v1_1_position_state_aware,Balanced multi-engine consensus | Warnings: Trade validation rejected | Validation status rejected | Entry timing rejected | Risk engine rejected | AI final decision restrictive | Institutional decision restrictive | Weak trade validation | Entry engine restrictive | Risk engine says no trade | Weak risk/reward | Weak smart money | Weak market | Weak sector
MZNPETF,MEEZAN PAKISTAN,ETF,PAKISTAN ETF,13JUL2026,17.98,-1.317233809001089,3492500,62795150.0,0.0,AVOID,8.13,91.87,16.85,22,40,NEUTRAL,0,REJECTED,AVOID,0,NO ENTRY,0.0,0,NO TRADE,REJECTED,AVOID,1.17,17.71,18.16,17.08,19.42,20.5,False,0,0.0,0,,NO POSITION,,0.0,0,0,0,0.0,0.0,0.0,0.0,0.0,0.0,0.0,0,False,NO ACTION,No actual open position,NORMAL,NO ACTION,0.0,0.0,0.0,0.0,0.0,0.0,0.0,NOT APPLICABLE,0.0,exit_intelligence_engine_v1_1_position_state_aware,Balanced multi-engine consensus | Warnings: Blocked security type | Trade validation rejected | Validation status rejected | Entry timing rejected | Risk engine rejected | AI final decision restrictive | Institutional decision restrictive | Weak trade validation | Entry engine restrictive | Risk engine says no trade | Weak risk/reward | Weak smart money | Weak trend | Weak market | Weak sector
JSGBETF,JS GLOBAL BANKING,ETF,BANKING ETF,13JUL2026,42.17,-0.7998118089861123,63000,2656710.0,0.0,AVOID,8.13,91.87,16.85,44,50,NEUTRAL,4,REJECTED,AVOID,6,NO ENTRY,0.0,0,NO TRADE,REJECTED,AVOID,1.17,41.54,42.59,40.06,45.54,48.07,False,0,0.0,0,,NO POSITION,,0.0,0,0,0,0.0,0.0,0.0,0.0,0.0,0.0,0.0,0,False,NO ACTION,No actual open position,NORMAL,NO ACTION,0.0,0.0,0.0,0.0,0.0,0.0,0.0,NOT APPLICABLE,0.0,exit_intelligence_engine_v1_1_position_state_aware,Strong trend | Warnings: Blocked security type | Trade validation rejected | Validation status rejected | Entry timing rejected | Risk engine rejected | AI final decision restrictive | Institutional decision restrictive | Weak trade validation | Entry engine restrictive | Risk engine says no trade | Weak risk/reward | Weak smart money | Weak market | Weak sector
SMCPL,SAFE MIX CON.LTD,CONSTRUCTION MATERIALS,READY MIX CONCRETE,13JUL2026,42.69,-0.4430970149253844,34948,1491930.1199999999,0.0,AVOID,8.13,91.87,16.84,30,40,NEUTRAL,0,REJECTED,AVOID,0,NO ENTRY,0.0,0,NO TRADE,REJECTED,AVOID,1.17,42.05,43.12,40.56,46.11,48.67,False,0,0.0,0,,NO POSITION,,0.0,0,0,0,0.0,0.0,0.0,0.0,0.0,0.0,0.0,0,False,NO ACTION,No actual open position,NORMAL,NO ACTION,0.0,0.0,0.0,0.0,0.0,0.0,0.0,NOT APPLICABLE,0.0,exit_intelligence_engine_v1_1_position_state_aware,Balanced multi-engine consensus | Warnings: Trade validation rejected | Validation status rejected | Entry timing rejected | Risk engine rejected | AI final decision restrictive | Institutional decision restrictive | Weak trade validation | Entry engine restrictive | Risk engine says no trade | Weak risk/reward | Weak smart money | Weak market | Weak sector
SSML,SARITOW SPINNING,TEXTILE,SPINNING,13JUL2026,23.9,5.845881310894599,7043,168327.69999999998,0.0,AVOID,9.28,90.72,16.83,37,40,NEUTRAL,0,REJECTED,AVOID,0,NO ENTRY,0.0,0,NO TRADE,REJECTED,AVOID,1.16,23.54,24.14,22.7,25.81,27.25,False,0,0.0,0,,NO POSITION,,0.0,0,0,0,0.0,0.0,0.0,0.0,0.0,0.0,0.0,0,False,NO ACTION,No actual open position,NORMAL,NO ACTION,0.0,0.0,0.0,0.0,0.0,0.0,0.0,NOT APPLICABLE,0.0,exit_intelligence_engine_v1_1_position_state_aware,Balanced multi-engine consensus | Warnings: Trade validation rejected | Validation status rejected | Entry timing rejected | Risk engine rejected | AI final decision restrictive | Institutional decision restrictive | Weak trade validation | Entry engine restrictive | Risk engine says no trade | Weak risk/reward | Weak smart money | Weak market | Weak sector | High volatility
BRRG,B.R.R GUARDIA LTD,SECURITY SERVICES,SECURITY SERVICES,13JUL2026,45.88,-4.396749322775577,693,31794.84,0.0,AVOID,8.71,91.29,16.83,23,40,NEUTRAL,0,REJECTED,AVOID,0,NO ENTRY,0.0,0,NO TRADE,REJECTED,AVOID,1.17,45.19,46.34,43.59,49.55,52.3,False,0,0.0,0,,NO POSITION,,0.0,0,0,0,0.0,0.0,0.0,0.0,0.0,0.0,0.0,0,False,NO ACTION,No actual open position,NORMAL,NO ACTION,0.0,0.0,0.0,0.0,0.0,0.0,0.0,NOT APPLICABLE,0.0,exit_intelligence_engine_v1_1_position_state_aware,Strong trend | Warnings: Trade validation rejected | Validation status rejected | Entry timing rejected | Risk engine rejected | AI final decision restrictive | Institutional decision restrictive | Weak trade validation | Entry engine restrictive | Risk engine says no trade | Weak risk/reward | Weak smart money | Weak market | Weak sector | High volatility
GUSM,GULISTAN SP.,TEXTILE,UNKNOWN,13JUL2026,10.02,-2.4342745861733204,24425,244738.5,0.0,AVOID,8.3,91.7,16.83,21,40,NEUTRAL,0,REJECTED,AVOID,0,NO ENTRY,0.0,0,NO TRADE,REJECTED,AVOID,1.17,9.87,10.12,9.52,10.82,11.42,False,0,0.0,0,,NO POSITION,,0.0,0,0,0,0.0,0.0,0.0,0.0,0.0,0.0,0.0,0,False,NO ACTION,No actual open position,NORMAL,NO ACTION,0.0,0.0,0.0,0.0,0.0,0.0,0.0,NOT APPLICABLE,0.0,exit_intelligence_engine_v1_1_position_state_aware,Balanced multi-engine consensus | Warnings: Trade validation rejected | Validation status rejected | Entry timing rejected | Risk engine rejected | AI final decision restrictive | Institutional decision restrictive | Weak trade validation | Entry engine restrictive | Risk engine says no trade | Weak risk/reward | Weak smart money | Weak market | Weak sector | Very high volatility
786,786 INVEST LTD,FINANCE,UNKNOWN,13JUL2026,25.05,-1.4167650531286873,33627,842356.35,0.0,AVOID,9.38,90.62,16.81,42,40,NEUTRAL,0,REJECTED,AVOID,0,NO ENTRY,0.0,0,NO TRADE,REJECTED,AVOID,1.17,24.67,25.3,23.8,27.05,28.56,False,0,0.0,0,,NO POSITION,,0.0,0,0,0,0.0,0.0,0.0,0.0,0.0,0.0,0.0,0,False,NO ACTION,No actual open position,NORMAL,NO ACTION,0.0,0.0,0.0,0.0,0.0,0.0,0.0,NOT APPLICABLE,0.0,exit_intelligence_engine_v1_1_position_state_aware,Balanced multi-engine consensus | Warnings: Trade validation rejected | Validation status rejected | Entry timing rejected | Risk engine rejected | AI final decision restrictive | Institutional decision restrictive | Weak trade validation | Entry engine restrictive | Risk engine says no trade | Weak risk/reward | Weak smart money | Weak market
DWAE,DEWAN AUTO ENGG,AUTO PARTS,AUTO ENGINEERING,13JUL2026,24.12,-0.3717472118959102,2438,58804.560000000005,0.0,AVOID,8.84,91.16,16.8,37,40,NEUTRAL,0,REJECTED,AVOID,0,NO ENTRY,0.0,0,NO TRADE,REJECTED,AVOID,1.17,23.76,24.36,22.91,26.05,27.5,False,0,0.0,0,,NO POSITION,,0.0,0,0,0,0.0,0.0,0.0,0.0,0.0,0.0,0.0,0,False,NO ACTION,No actual open position,NORMAL,NO ACTION,0.0,0.0,0.0,0.0,0.0,0.0,0.0,NOT APPLICABLE,0.0,exit_intelligence_engine_v1_1_position_state_aware,Balanced multi-engine consensus | Warnings: Trade validation rejected | Validation status rejected | Entry timing rejected | Risk engine rejected | AI final decision restrictive | Institutional decision restrictive | Weak trade validation | Entry engine restrictive | Risk engine says no trade | Weak risk/reward | Weak smart money | Weak market | Weak sector
P01GHS080727,1 YEAR GHS,UNKNOWN,UNKNOWN,13JUL2026,89.96,0.10014465338821542,5000,449799.99999999994,0.0,AVOID,8.58,91.42,16.78,37,40,NEUTRAL,0,REJECTED,AVOID,0,NO ENTRY,0.0,0,NO TRADE,REJECTED,AVOID,1.17,88.61,90.86,85.46,97.16,102.55,False,0,0.0,0,,NO POSITION,,0.0,0,0,0,0.0,0.0,0.0,0.0,0.0,0.0,0.0,0,False,NO ACTION,No actual open position,NORMAL,NO ACTION,0.0,0.0,0.0,0.0,0.0,0.0,0.0,NOT APPLICABLE,0.0,exit_intelligence_engine_v1_1_position_state_aware,Sector supportive || Warnings: Trade validation rejected | Validation status rejected | Entry timing rejected | Risk engine rejected | AI final decision restrictive | Institutional decision restrictive | Weak trade validation | Entry engine restrictive | Risk engine says no trade | Weak risk/reward | Weak smart money | Weak market
KOHP,KOHINOOR POWER,POWER,INDEPENDENT POWER PRODUCER,13JUL2026,27.12,-1.6322089227421084,46416,1258801.9200000002,0.0,AVOID,8.1,91.9,16.78,25,40,NEUTRAL,0,REJECTED,AVOID,0,NO ENTRY,0.0,0,NO TRADE,REJECTED,AVOID,1.17,26.71,27.39,25.76,29.29,30.92,False,0,0.0,0,,NO POSITION,,0.0,0,0,0,0.0,0.0,0.0,0.0,0.0,0.0,0.0,0,False,NO ACTION,No actual open position,NORMAL,NO ACTION,0.0,0.0,0.0,0.0,0.0,0.0,0.0,NOT APPLICABLE,0.0,exit_intelligence_engine_v1_1_position_state_aware,Balanced multi-engine consensus | Warnings: Trade validation rejected | Validation status rejected | Entry timing rejected | Risk engine rejected | AI final decision restrictive | Institutional decision restrictive | Weak trade validation | Entry engine restrictive | Risk engine says no trade | Weak risk/reward | Weak smart money | Weak market | Weak sector
KOIL,KOHINOOR IND.,TEXTILE,TEXTILE / INDUSTRIAL,13JUL2026,45.44,-1.9633225458468258,183061,8318291.84,0.0,AVOID,8.1,91.9,16.77,30,40,NEUTRAL,0,REJECTED,AVOID,0,NO ENTRY,0.0,0,NO TRADE,REJECTED,AVOID,1.17,44.76,45.89,43.17,49.08,51.8,False,0,0.0,0,,NO POSITION,,0.0,0,0,0,0.0,0.0,0.0,0.0,0.0,0.0,0.0,0,False,NO ACTION,No actual open position,NORMAL,NO ACTION,0.0,0.0,0.0,0.0,0.0,0.0,0.0,NOT APPLICABLE,0.0,exit_intelligence_engine_v1_1_position_state_aware,Balanced multi-engine consensus | Warnings: Trade validation rejected | Validation status rejected | Entry timing rejected | Risk engine rejected | AI final decision restrictive | Institutional decision restrictive | Weak trade validation | Entry engine restrictive | Risk engine says no trade | Weak risk/reward | Weak smart money | Weak trend | Weak market | Weak sector
JSML,JAUHARABAD SUG,SUGAR,SUGAR MILLS,13JUL2026,65.46,-2.502234137622888,80828,5291000.88,0.0,AVOID,8.1,91.9,16.77,29,40,NEUTRAL,0,REJECTED,AVOID,0,NO ENTRY,0.0,0,NO TRADE,REJECTED,AVOID,1.17,64.48,66.11,62.19,70.7,74.62,False,0,0.0,0,,NO POSITION,,0.0,0,0,0,0.0,0.0,0.0,0.0,0.0,0.0,0.0,0,False,NO ACTION,No actual open position,NORMAL,NO ACTION,0.0,0.0,0.0,0.0,0.0,0.0,0.0,NOT APPLICABLE,0.0,exit_intelligence_engine_v1_1_position_state_aware,Balanced multi-engine consensus | Warnings: Trade validation rejected | Validation status rejected | Entry timing rejected | Risk engine rejected | AI final decision restrictive | Institutional decision restrictive | Weak trade validation | Entry engine restrictive | Risk engine says no trade | Weak risk/reward | Weak smart money | Weak trend | Weak market
LIVEN,LIVEN PHARMA,PHARMACEUTICAL,PHARMACEUTICALS,13JUL2026,39.1,-1.0377119716527377,15197,594202.7000000001,0.0,AVOID,8.3,91.7,16.75,30,40,NEUTRAL,0,REJECTED,AVOID,0,NO ENTRY,0.0,0,NO TRADE,REJECTED,AVOID,1.17,38.51,39.49,37.15,42.23,44.57,False,0,0.0,0,,NO POSITION,,0.0,0,0,0,0.0,0.0,0.0,0.0,0.0,0.0,0.0,0,False,NO ACTION,No actual open position,NORMAL,NO ACTION,0.0,0.0,0.0,0.0,0.0,0.0,0.0,NOT APPLICABLE,0.0,exit_intelligence_engine_v1_1_position_state_aware,Balanced multi-engine consensus | Warnings: Trade validation rejected | Validation status rejected | Entry timing rejected | Risk engine rejected | AI final decision restrictive | Institutional decision restrictive | Weak trade validation | Entry engine restrictive | Risk engine says no trade | Weak risk/reward | Weak smart money | Weak market | Weak sector
AVN,AVANCEON LTD,TECHNOLOGY,UNKNOWN,13JUL2026,34.24,-1.2402653591000856,382843,13108544.32,0.0,AVOID,8.09,91.91,16.75,22,40,NEUTRAL,0,REJECTED,AVOID,0,NO ENTRY,0.0,0,NO TRADE,REJECTED,AVOID,1.17,33.73,34.58,32.53,36.98,39.03,False,0,0.0,0,,NO POSITION,,0.0,0,0,0,0.0,0.0,0.0,0.0,0.0,0.0,0.0,0,False,NO ACTION,No actual open position,NORMAL,NO ACTION,0.0,0.0,0.0,0.0,0.0,0.0,0.0,NOT APPLICABLE,0.0,exit_intelligence_engine_v1_1_position_state_aware,Balanced multi-engine consensus | Warnings: Trade validation rejected | Validation status rejected | Entry timing rejected | Risk engine rejected | AI final decision restrictive | Institutional decision restrictive | Weak trade validation | Entry engine restrictive | Risk engine says no trade | Weak risk/reward | Weak smart money | Weak trend | Weak market | Weak sector
GDL,GHANI DAIRIES LTD.,FOOD,DAIRY,13JUL2026,19.92,-0.0501756146512695,349465,6961342.800000001,0.0,AVOID,8.09,91.91,16.75,22,40,NEUTRAL,0,REJECTED,AVOID,0,NO ENTRY,0.0,0,NO TRADE,REJECTED,AVOID,1.16,19.62,20.12,18.92,21.51,22.71,False,0,0.0,0,,NO POSITION,,0.0,0,0,0,0.0,0.0,0.0,0.0,0.0,0.0,0.0,0,False,NO ACTION,No actual open position,NORMAL,NO ACTION,0.0,0.0,0.0,0.0,0.0,0.0,0.0,NOT APPLICABLE,0.0,exit_intelligence_engine_v1_1_position_state_aware,Balanced multi-engine consensus | Warnings: Trade validation rejected | Validation status rejected | Entry timing rejected | Risk engine rejected | AI final decision restrictive | Institutional decision restrictive | Weak trade validation | Entry engine restrictive | Risk engine says no trade | Weak risk/reward | Weak smart money | Weak trend | Weak market | Weak sector
BIFO,BIAFO INDUSTRIES,CHEMICAL,INDUSTRIAL CHEMICALS,13JUL2026,126.15,-1.52224824355971,46841,5908992.15,0.0,AVOID,8.09,91.91,16.75,22,40,NEUTRAL,0,REJECTED,AVOID,0,NO ENTRY,0.0,0,NO TRADE,REJECTED,AVOID,1.17,124.26,127.41,119.84,136.24,143.81,False,0,0.0,0,,NO POSITION,,0.0,0,0,0,0.0,0.0,0.0,0.0,0.0,0.0,0.0,0,False,NO ACTION,No actual open position,NORMAL,NO ACTION,0.0,0.0,0.0,0.0,0.0,0.0,0.0,NOT APPLICABLE,0.0,exit_intelligence_engine_v1_1_position_state_aware,Balanced multi-engine consensus | Warnings: Trade validation rejected | Validation status rejected | Entry timing rejected | Risk engine rejected | AI final decision restrictive | Institutional decision restrictive | Weak trade validation | Entry engine restrictive | Risk engine says no trade | Weak risk/reward | Weak smart money | Weak trend | Weak market
ASIC,ASIA INSURANCE,INSURANCE,GENERAL INSURANCE,13JUL2026,31.32,0.0,48,1503.3600000000001,0.0,AVOID,8.73,91.27,16.74,33,40,NEUTRAL,0,REJECTED,AVOID,0,NO ENTRY,0.0,0,NO TRADE,REJECTED,AVOID,1.17,30.85,31.63,29.75,33.83,35.7,False,0,0.0,0,,NO POSITION,,0.0,0,0,0,0.0,0.0,0.0,0.0,0.0,0.0,0.0,0,False,NO ACTION,No actual open position,NORMAL,NO ACTION,0.0,0.0,0.0,0.0,0.0,0.0,0.0,NOT APPLICABLE,0.0,exit_intelligence_engine_v1_1_position_state_aware,Balanced multi-engine consensus | Warnings: Trade validation rejected | Validation status rejected | Entry timing rejected | Risk engine rejected | AI final decision restrictive | Institutional decision restrictive | Weak trade validation | Entry engine restrictive | Risk engine says no trade | Weak risk/reward | Weak smart money | Weak market | Weak sector | Very high volatility
BNL,BUNNYS LIMITED,FOOD,FOOD PROCESSING,13JUL2026,6.97,-0.7122507122507098,1955798,13631912.059999999,0.0,AVOID,8.08,91.92,16.74,27,40,NEUTRAL,0,REJECTED,AVOID,0,NO ENTRY,0.0,0,NO TRADE,REJECTED,AVOID,1.17,6.87,7.04,6.62,7.53,7.95,False,0,0.0,0,,NO POSITION,,0.0,0,0,0,0.0,0.0,0.0,0.0,0.0,0.0,0.0,0,False,NO ACTION,No actual open position,NORMAL,NO ACTION,0.0,0.0,0.0,0.0,0.0,0.0,0.0,NOT APPLICABLE,0.0,exit_intelligence_engine_v1_1_position_state_aware,Balanced multi-engine consensus | Warnings: Trade validation rejected | Validation status rejected | Entry timing rejected | Risk engine rejected | AI final decision restrictive | Institutional decision restrictive | Weak trade validation | Entry engine restrictive | Risk engine says no trade | Weak risk/reward | Weak smart money | Weak trend | Weak market | Weak sector
BECO,BECO STEEL LTD,STEEL,STEEL PRODUCTS,13JUL2026,5.38,-0.7380073800738014,2173010,11690793.799999999,0.0,AVOID,8.08,91.92,16.73,22,40,NEUTRAL,0,REJECTED,AVOID,0,NO ENTRY,0.0,0,NO TRADE,REJECTED,AVOID,1.19,5.3,5.43,5.11,5.81,6.13,False,0,0.0,0,,NO POSITION,,0.0,0,0,0,0.0,0.0,0.0,0.0,0.0,0.0,0.0,0,False,NO ACTION,No actual open position,NORMAL,NO ACTION,0.0,0.0,0.0,0.0,0.0,0.0,0.0,NOT APPLICABLE,0.0,exit_intelligence_engine_v1_1_position_state_aware,Balanced multi-engine consensus | Warnings: Trade validation rejected | Validation status rejected | Entry timing rejected | Risk engine rejected | AI final decision restrictive | Institutional decision restrictive | Weak trade validation | Entry engine restrictive | Risk engine says no trade | Weak risk/reward | Weak smart money | Weak trend | Weak market | Weak sector
ASLPS,AISHA STEEL (PR),STEEL,STEEL / PREFERENCE SHARE,13JUL2026,22.4,0.0,10,224.0,0.0,AVOID,8.41,91.59,16.71,28,40,NEUTRAL,0,REJECTED,AVOID,0,NO ENTRY,0.0,0,NO TRADE,REJECTED,AVOID,1.17,22.06,22.62,21.28,24.19,25.54,False,0,0.0,0,,NO POSITION,,0.0,0,0,0,0.0,0.0,0.0,0.0,0.0,0.0,0.0,0,False,NO ACTION,No actual open position,NORMAL,NO ACTION,0.0,0.0,0.0,0.0,0.0,0.0,0.0,NOT APPLICABLE,0.0,exit_intelligence_engine_v1_1_position_state_aware,Balanced multi-engine consensus | Warnings: Trade validation rejected | Validation status rejected | Entry timing rejected | Risk engine rejected | AI final decision restrictive | Institutional decision restrictive | Weak trade validation | Entry engine restrictive | Risk engine says no trade | Weak risk/reward | Weak smart money | Weak market | Weak sector | High volatility
KOHE,KOHINOOR ENERGY,POWER,INDEPENDENT POWER PRODUCER,13JUL2026,15.77,-0.7551919446192636,211739,3339124.03,0.0,AVOID,8.06,91.94,16.69,29,40,NEUTRAL,0,REJECTED,AVOID,0,NO ENTRY,0.0,0,NO TRADE,REJECTED,AVOID,1.16,15.53,15.93,14.98,17.03,17.98,False,0,0.0,0,,NO POSITION,,0.0,0,0,0,0.0,0.0,0.0,0.0,0.0,0.0,0.0,0,False,NO ACTION,No actual open position,NORMAL,NO ACTION,0.0,0.0,0.0,0.0,0.0,0.0,0.0,NOT APPLICABLE,0.0,exit_intelligence_engine_v1_1_position_state_aware,Balanced multi-engine consensus | Warnings: Trade validation rejected | Validation status rejected | Entry timing rejected | Risk engine rejected | AI final decision restrictive | Institutional decision restrictive | Weak trade validation | Entry engine restrictive | Risk engine says no trade | Weak risk/reward | Weak smart money | Weak trend | Weak market | Weak sector
OCTOPUS,OCTOPUS DIGITAL,TECHNOLOGY,UNKNOWN,13JUL2026,33.15,-1.309913664781199,210806,6988218.899999999,0.0,AVOID,8.06,91.94,16.68,22,40,NEUTRAL,0,REJECTED,AVOID,0,NO ENTRY,0.0,0,NO TRADE,REJECTED,AVOID,1.17,32.65,33.48,31.49,35.8,37.79,False,0,0.0,0,,NO POSITION,,0.0,0,0,0,0.0,0.0,0.0,0.0,0.0,0.0,0.0,0,False,NO ACTION,No actual open position,NORMAL,NO ACTION,0.0,0.0,0.0,0.0,0.0,0.0,0.0,NOT APPLICABLE,0.0,exit_intelligence_engine_v1_1_position_state_aware,Balanced multi-engine consensus | Warnings: Trade validation rejected | Validation status rejected | Entry timing rejected | Risk engine rejected | AI final decision restrictive | Institutional decision restrictive | Weak trade validation | Entry engine restrictive | Risk engine says no trade | Weak risk/reward | Weak smart money | Weak market | Weak sector
WAHDAT,WAHDAT POULTRY FARM,FOOD,POULTRY,13JUL2026,18.19,-1.033732317736658,192099,3494280.81,0.0,AVOID,8.05,91.95,16.67,30,40,NEUTRAL,0,REJECTED,AVOID,0,NO ENTRY,0.0,0,NO TRADE,REJECTED,AVOID,1.17,17.92,18.37,17.28,19.65,20.74,False,0,0.0,0,,NO POSITION,,0.0,0,0,0,0.0,0.0,0.0,0.0,0.0,0.0,0.0,0,False,NO ACTION,No actual open position,NORMAL,NO ACTION,0.0,0.0,0.0,0.0,0.0,0.0,0.0,NOT APPLICABLE,0.0,exit_intelligence_engine_v1_1_position_state_aware,Balanced multi-engine consensus | Warnings: Trade validation rejected | Validation status rejected | Entry timing rejected | Risk engine rejected | AI final decision restrictive | Institutional decision restrictive | Weak trade validation | Entry engine restrictive | Risk engine says no trade | Weak risk/reward | Weak smart money | Weak trend | Weak market | Weak sector
FZCM,FAZAL CLOTH,TEXTILE,CLOTH / TEXTILE,13JUL2026,251.75,-5.078802503581942,423,106490.25,0.0,AVOID,8.05,91.95,16.67,35,40,NEUTRAL,0,REJECTED,AVOID,0,NO ENTRY,0.0,0,NO TRADE,REJECTED,AVOID,1.17,247.97,254.27,239.16,271.89,286.99,False,0,0.0,0,,NO POSITION,,0.0,0,0,0,0.0,0.0,0.0,0.0,0.0,0.0,0.0,0,False,NO ACTION,No actual open position,NORMAL,NO ACTION,0.0,0.0,0.0,0.0,0.0,0.0,0.0,NOT APPLICABLE,0.0,exit_intelligence_engine_v1_1_position_state_aware,Balanced multi-engine consensus | Warnings: Trade validation rejected | Validation status rejected | Entry timing rejected | Risk engine rejected | AI final decision restrictive | Institutional decision restrictive | Weak trade validation | Entry engine restrictive | Risk engine says no trade | Weak risk/reward | Weak smart money | Weak market | Weak sector
PREMA,AT-TAHUR LTD.,FOOD,UNKNOWN,13JUL2026,33.15,-1.6320474777448197,453156,15022121.399999999,0.0,AVOID,8.05,91.95,16.66,22,40,NEUTRAL,0,REJECTED,AVOID,0,NO ENTRY,0.0,0,NO TRADE,REJECTED,AVOID,1.17,32.65,33.48,31.49,35.8,37.79,False,0,0.0,0,,NO POSITION,,0.0,0,0,0,0.0,0.0,0.0,0.0,0.0,0.0,0.0,0,False,NO ACTION,No actual open position,NORMAL,NO ACTION,0.0,0.0,0.0,0.0,0.0,0.0,0.0,NOT APPLICABLE,0.0,exit_intelligence_engine_v1_1_position_state_aware,Balanced multi-engine consensus | Warnings: Trade validation rejected | Validation status rejected | Entry timing rejected | Risk engine rejected | AI final decision restrictive | Institutional decision restrictive | Weak trade validation | Entry engine restrictive | Risk engine says no trade | Weak risk/reward | Weak smart money | Weak trend | Weak market | Weak sector
EFUG,EFU GENERAL,INSURANCE,GENERAL INSURANCE,13JUL2026,122.54,-1.967999999999995,25683,3147194.8200000003,0.0,AVOID,8.05,91.95,16.66,15,40,DISTRIBUTION RISK,0,REJECTED,AVOID,0,NO ENTRY,0.0,0,NO TRADE,REJECTED,AVOID,1.16,120.7,123.77,116.41,132.34,139.7,False,0,0.0,0,,NO POSITION,,0.0,0,0,0,0.0,0.0,0.0,0.0,0.0,0.0,0.0,0,False,NO ACTION,No actual open position,NORMAL,NO ACTION,0.0,0.0,0.0,0.0,0.0,0.0,0.0,NOT APPLICABLE,0.0,exit_intelligence_engine_v1_1_position_state_aware,Balanced multi-engine consensus | Warnings: Trade validation rejected | Validation status rejected | Entry timing rejected | Risk engine rejected | AI final decision restrictive | Institutional decision restrictive | Weak trade validation | Entry engine restrictive | Risk engine says no trade | Weak risk/reward | Weak smart money | Weak market | Weak sector
SLGL,SECURE LOGISTICS -TR,LOGISTICS,SECURE LOGISTICS,13JUL2026,17.04,-3.1267765776009133,1321686,22521529.439999998,0.0,AVOID,8.04,91.96,16.65,45,50,NEUTRAL,0,REJECTED,AVOID,0,NO ENTRY,0.0,0,NO TRADE,REJECTED,AVOID,1.17,16.78,17.21,16.19,18.4,19.43,False,0,0.0,0,,NO POSITION,,0.0,0,0,0,0.0,0.0,0.0,0.0,0.0,0.0,0.0,0,False,NO ACTION,No actual open position,NORMAL,NO ACTION,0.0,0.0,0.0,0.0,0.0,0.0,0.0,NOT APPLICABLE,0.0,exit_intelligence_engine_v1_1_position_state_aware,Strong trend | Warnings: Blocked security type | Trade validation rejected | Validation status rejected | Entry timing rejected | Risk engine rejected | AI final decision restrictive | Institutional decision restrictive | Weak trade validation | Entry engine restrictive | Risk engine says no trade | Weak risk/reward | Weak market | Weak sector
FCIBL,F.CREDIT & INV,FINANCE,CREDIT / INVESTMENT,13JUL2026,34.89,0.7798960138648271,1461,50974.29,0.0,AVOID,8.18,91.82,16.64,35,40,NEUTRAL,0,REJECTED,AVOID,0,NO ENTRY,0.0,0,NO TRADE,REJECTED,AVOID,1.17,34.37,35.24,33.15,37.68,39.77,False,0,0.0,0,,NO POSITION,,0.0,0,0,0,0.0,0.0,0.0,0.0,0.0,0.0,0.0,0,False,NO ACTION,No actual open position,NORMAL,NO ACTION,0.0,0.0,0.0,0.0,0.0,0.0,0.0,NOT APPLICABLE,0.0,exit_intelligence_engine_v1_1_position_state_aware,Balanced multi-engine consensus | Warnings: Trade validation rejected | Validation status rejected | Entry timing rejected | Risk engine rejected | AI final decision restrictive | Institutional decision restrictive | Weak trade validation | Entry engine restrictive | Risk engine says no trade | Weak risk/reward | Weak smart money | Weak market
BBFL,BIG BIRD FOODS LTD.,FOOD,POULTRY / FOOD,13JUL2026,43.03,-1.9594440647072213,250536,10780564.08,0.0,AVOID,8.03,91.97,16.62,22,40,NEUTRAL,0,REJECTED,AVOID,0,NO ENTRY,0.0,0,NO TRADE,REJECTED,AVOID,1.17,42.38,43.46,40.88,46.47,49.05,False,0,0.0,0,,NO POSITION,,0.0,0,0,0,0.0,0.0,0.0,0.0,0.0,0.0,0.0,0,False,NO ACTION,No actual open position,NORMAL,NO ACTION,0.0,0.0,0.0,0.0,0.0,0.0,0.0,NOT APPLICABLE,0.0,exit_intelligence_engine_v1_1_position_state_aware,Balanced multi-engine consensus | Warnings: Trade validation rejected | Validation status rejected | Entry timing rejected | Risk engine rejected | AI final decision restrictive | Institutional decision restrictive | Weak trade validation | Entry engine restrictive | Risk engine says no trade | Weak risk/reward | Weak smart money | Weak trend | Weak market | Weak sector
TCORP,TARIQ CORP LTD.,HOLDING,HOLDING COMPANY,13JUL2026,23.13,-0.12953367875648159,47597,1100918.6099999999,0.0,AVOID,8.03,91.97,16.62,29,40,NEUTRAL,0,REJECTED,AVOID,0,NO ENTRY,0.0,0,NO TRADE,REJECTED,AVOID,1.17,22.78,23.36,21.97,24.98,26.37,False,0,0.0,0,,NO POSITION,,0.0,0,0,0,0.0,0.0,0.0,0.0,0.0,0.0,0.0,0,False,NO ACTION,No actual open position,NORMAL,NO ACTION,0.0,0.0,0.0,0.0,0.0,0.0,0.0,NOT APPLICABLE,0.0,exit_intelligence_engine_v1_1_position_state_aware,Balanced multi-engine consensus | Warnings: Trade validation rejected | Validation status rejected | Entry timing rejected | Risk engine rejected | AI final decision restrictive | Institutional decision restrictive | Weak trade validation | Entry engine restrictive | Risk engine says no trade | Weak risk/reward | Weak smart money | Weak trend | Weak market | Weak sector
PKGP,PAKGEN POWER,POWER,INDEPENDENT POWER PRODUCER,13JUL2026,40.8,-0.7057678267218452,27702,1130241.5999999999,0.0,AVOID,8.02,91.98,16.59,29,40,NEUTRAL,0,REJECTED,AVOID,0,NO ENTRY,0.0,0,NO TRADE,REJECTED,AVOID,1.16,40.19,41.21,38.76,44.06,46.51,False,0,0.0,0,,NO POSITION,,0.0,0,0,0,0.0,0.0,0.0,0.0,0.0,0.0,0.0,0,False,NO ACTION,No actual open position,NORMAL,NO ACTION,0.0,0.0,0.0,0.0,0.0,0.0,0.0,NOT APPLICABLE,0.0,exit_intelligence_engine_v1_1_position_state_aware,Balanced multi-engine consensus | Warnings: Trade validation rejected | Validation status rejected | Entry timing rejected | Risk engine rejected | AI final decision restrictive | Institutional decision restrictive | Weak trade validation | Entry engine restrictive | Risk engine says no trade | Weak risk/reward | Weak smart money | Weak trend | Weak market | Weak sector
FASM,FAISAL SPINNING,TEXTILE,SPINNING,13JUL2026,326.98,0.0,72,23542.56,0.0,AVOID,8.01,91.99,16.58,30,40,NEUTRAL,0,REJECTED,AVOID,0,NO ENTRY,0.0,0,NO TRADE,REJECTED,AVOID,1.17,322.08,330.25,310.63,353.14,372.76,False,0,0.0,0,,NO POSITION,,0.0,0,0,0,0.0,0.0,0.0,0.0,0.0,0.0,0.0,0,False,NO ACTION,No actual open position,NORMAL,NO ACTION,0.0,0.0,0.0,0.0,0.0,0.0,0.0,NOT APPLICABLE,0.0,exit_intelligence_engine_v1_1_position_state_aware,Balanced multi-engine consensus | Warnings: Trade validation rejected | Validation status rejected | Entry timing rejected | Risk engine rejected | AI final decision restrictive | Institutional decision restrictive | Weak trade validation | Entry engine restrictive | Risk engine says no trade | Weak risk/reward | Weak smart money | Weak market | Weak sector
KTML,KOHINOOR TEXTILE,TEXTILE,UNKNOWN,13JUL2026,50.34,-2.912246865959495,165588,8335699.920000001,0.0,AVOID,8.01,91.99,16.57,22,40,NEUTRAL,0,REJECTED,AVOID,0,NO ENTRY,0.0,0,NO TRADE,REJECTED,AVOID,1.17,49.58,50.84,47.82,54.37,57.39,False,0,0.0,0,,NO POSITION,,0.0,0,0,0,0.0,0.0,0.0,0.0,0.0,0.0,0.0,0,False,NO ACTION,No actual open position,NORMAL,NO ACTION,0.0,0.0,0.0,0.0,0.0,0.0,0.0,NOT APPLICABLE,0.0,exit_intelligence_engine_v1_1_position_state_aware,Balanced multi-engine consensus | Warnings: Trade validation rejected | Validation status rejected | Entry timing rejected | Risk engine rejected | AI final decision restrictive | Institutional decision restrictive | Weak trade validation | Entry engine restrictive | Risk engine says no trade | Weak risk/reward | Weak smart money | Weak trend | Weak market | Weak sector
PASL,PERVEZ AHMED CO,TEXTILE,TEXTILE / HOLDING,13JUL2026,2.61,-3.3333333333333446,923427,2410144.4699999997,0.0,AVOID,8.0,92.0,16.55,29,40,NEUTRAL,0,REJECTED,AVOID,0,NO ENTRY,0.0,0,NO TRADE,REJECTED,AVOID,1.12,2.57,2.64,2.48,2.82,2.98,False,0,0.0,0,,NO POSITION,,0.0,0,0,0,0.0,0.0,0.0,0.0,0.0,0.0,0.0,0,False,NO ACTION,No actual open position,NORMAL,NO ACTION,0.0,0.0,0.0,0.0,0.0,0.0,0.0,NOT APPLICABLE,0.0,exit_intelligence_engine_v1_1_position_state_aware,Balanced multi-engine consensus | Warnings: Trade validation rejected | Validation status rejected | Entry timing rejected | Risk engine rejected | AI final decision restrictive | Institutional decision restrictive | Weak trade validation | Entry engine restrictive | Risk engine says no trade | Weak risk/reward | Weak smart money | Weak trend | Weak market | Weak sector
MEHT,MEHMOOD TEX.,TEXTILE,TEXTILE MILLS,13JUL2026,203.16,-1.9781916433465188,44179,8975405.64,0.0,AVOID,7.98,92.02,16.52,17,40,NEUTRAL,0,REJECTED,AVOID,0,NO ENTRY,0.0,0,NO TRADE,REJECTED,AVOID,1.17,200.11,205.19,193.0,219.41,231.6,False,0,0.0,0,,NO POSITION,,0.0,0,0,0,0.0,0.0,0.0,0.0,0.0,0.0,0.0,0,False,NO ACTION,No actual open position,NORMAL,NO ACTION,0.0,0.0,0.0,0.0,0.0,0.0,0.0,NOT APPLICABLE,0.0,exit_intelligence_engine_v1_1_position_state_aware,Balanced multi-engine consensus | Warnings: Trade validation rejected | Validation status rejected | Entry timing rejected | Risk engine rejected | AI final decision restrictive | Institutional decision restrictive | Weak trade validation | Entry engine restrictive | Risk engine says no trade | Weak risk/reward | Weak smart money | Weak trend | Weak market | Weak sector
MIIETF,MAHAANA ISLAMICXD,ETF,ISLAMIC ETF,13JUL2026,16.88,-1.2287887653598646,1129500,19065960.0,0.0,AVOID,7.98,92.02,16.51,28,40,NEUTRAL,0,REJECTED,AVOID,0,NO ENTRY,0.0,0,NO TRADE,REJECTED,AVOID,1.17,16.63,17.05,16.04,18.23,19.24,False,0,0.0,0,,NO POSITION,,0.0,0,0,0,0.0,0.0,0.0,0.0,0.0,0.0,0.0,0,False,NO ACTION,No actual open position,NORMAL,NO ACTION,0.0,0.0,0.0,0.0,0.0,0.0,0.0,NOT APPLICABLE,0.0,exit_intelligence_engine_v1_1_position_state_aware,Balanced multi-engine consensus | Warnings: Blocked security type | Trade validation rejected | Validation status rejected | Entry timing rejected | Risk engine rejected | AI final decision restrictive | Institutional decision restrictive | Weak trade validation | Entry engine restrictive | Risk engine says no trade | Weak risk/reward | Weak smart money | Weak market | Weak sector
UBLPETF,UBLPAKISTANETFXD,ETF,PAKISTAN ETF,13JUL2026,29.85,-1.354923992068738,550500,16432425.0,0.0,AVOID,7.98,92.02,16.51,29,40,NEUTRAL,0,REJECTED,AVOID,0,NO ENTRY,0.0,0,NO TRADE,REJECTED,AVOID,1.17,29.4,30.15,28.36,32.24,34.03,False,0,0.0,0,,NO POSITION,,0.0,0,0,0,0.0,0.0,0.0,0.0,0.0,0.0,0.0,0,False,NO ACTION,No actual open position,NORMAL,NO ACTION,0.0,0.0,0.0,0.0,0.0,0.0,0.0,NOT APPLICABLE,0.0,exit_intelligence_engine_v1_1_position_state_aware,Balanced multi-engine consensus | Warnings: Blocked security type | Trade validation rejected | Validation status rejected | Entry timing rejected | Risk engine rejected | AI final decision restrictive | Institutional decision restrictive | Weak trade validation | Entry engine restrictive | Risk engine says no trade | Weak risk/reward | Weak smart money | Weak trend | Weak market | Weak sector
BFBIO,BF BIOSCIENCES,PHARMACEUTICAL,BIOTECHNOLOGY,13JUL2026,136.88,-1.1625388114665416,47195,6460051.6,0.0,AVOID,7.97,92.03,16.48,22,40,NEUTRAL,0,REJECTED,AVOID,0,NO ENTRY,0.0,0,NO TRADE,REJECTED,AVOID,1.17,134.83,138.25,130.04,147.83,156.04,False,0,0.0,0,,NO POSITION,,0.0,0,0,0,0.0,0.0,0.0,0.0,0.0,0.0,0.0,0,False,NO ACTION,No actual open position,NORMAL,NO ACTION,0.0,0.0,0.0,0.0,0.0,0.0,0.0,NOT APPLICABLE,0.0,exit_intelligence_engine_v1_1_position_state_aware,Balanced multi-engine consensus | Warnings: Trade validation rejected | Validation status rejected | Entry timing rejected | Risk engine rejected | AI final decision restrictive | Institutional decision restrictive | Weak trade validation | Entry engine restrictive | Risk engine says no trade | Weak risk/reward | Weak smart money | Weak trend | Weak market | Weak sector
GADT,GADOON TEXTILE,TEXTILE,TEXTILE MILLS,13JUL2026,301.01,-1.6210739614995053,2775,835302.75,0.0,AVOID,7.96,92.04,16.47,22,40,NEUTRAL,0,REJECTED,AVOID,0,NO ENTRY,0.0,0,NO TRADE,REJECTED,AVOID,1.17,296.49,304.02,285.96,325.09,343.15,False,0,0.0,0,,NO POSITION,,0.0,0,0,0,0.0,0.0,0.0,0.0,0.0,0.0,0.0,0,False,NO ACTION,No actual open position,NORMAL,NO ACTION,0.0,0.0,0.0,0.0,0.0,0.0,0.0,NOT APPLICABLE,0.0,exit_intelligence_engine_v1_1_position_state_aware,Balanced multi-engine consensus | Warnings: Trade validation rejected | Validation status rejected | Entry timing rejected | Risk engine rejected | AI final decision restrictive | Institutional decision restrictive | Weak trade validation | Entry engine restrictive | Risk engine says no trade | Weak risk/reward | Weak smart money | Weak market | Weak sector
ARPL,ARCHROMA PAK,CHEMICAL,SPECIALTY CHEMICALS,13JUL2026,388.36,-0.42561919901542694,728,282726.08,0.0,AVOID,7.96,92.04,16.46,32,40,NEUTRAL,0,REJECTED,AVOID,0,NO ENTRY,0.0,0,NO TRADE,REJECTED,AVOID,1.17,382.53,392.24,368.94,419.43,442.73,False,0,0.0,0,,NO POSITION,,0.0,0,0,0,0.0,0.0,0.0,0.0,0.0,0.0,0.0,0,False,NO ACTION,No actual open position,NORMAL,NO ACTION,0.0,0.0,0.0,0.0,0.0,0.0,0.0,NOT APPLICABLE,0.0,exit_intelligence_engine_v1_1_position_state_aware,Balanced multi-engine consensus | Warnings: Trade validation rejected | Validation status rejected | Entry timing rejected | Risk engine rejected | AI final decision restrictive | Institutional decision restrictive | Weak trade validation | Entry engine restrictive | Risk engine says no trade | Weak risk/reward | Weak smart money | Weak market
NCL,NISHAT (CHUN.),TEXTILE,TEXTILE MILLS,13JUL2026,38.38,-0.7499353504008253,128919,4947911.220000001,0.0,AVOID,7.95,92.05,16.45,22,40,NEUTRAL,0,REJECTED,AVOID,0,NO ENTRY,0.0,0,NO TRADE,REJECTED,AVOID,1.17,37.8,38.76,36.46,41.45,43.75,False,0,0.0,0,,NO POSITION,,0.0,0,0,0,0.0,0.0,0.0,0.0,0.0,0.0,0.0,0,False,NO ACTION,No actual open position,NORMAL,NO ACTION,0.0,0.0,0.0,0.0,0.0,0.0,0.0,NOT APPLICABLE,0.0,exit_intelligence_engine_v1_1_position_state_aware,Balanced multi-engine consensus | Warnings: Trade validation rejected | Validation status rejected | Entry timing rejected | Risk engine rejected | AI final decision restrictive | Institutional decision restrictive | Weak trade validation | Entry engine restrictive | Risk engine says no trade | Weak risk/reward | Weak smart money | Weak trend | Weak market | Weak sector
JSMFETF,JS MOMENTUM,ETF,MOMENTUM ETF,13JUL2026,10.56,-1.9498607242339747,1004500,10607520.0,0.0,AVOID,7.95,92.05,16.44,37,40,NEUTRAL,0,REJECTED,AVOID,0,NO ENTRY,0.0,0,NO TRADE,REJECTED,AVOID,1.14,10.4,10.67,10.03,11.4,12.04,False,0,0.0,0,,NO POSITION,,0.0,0,0,0,0.0,0.0,0.0,0.0,0.0,0.0,0.0,0,False,NO ACTION,No actual open position,NORMAL,NO ACTION,0.0,0.0,0.0,0.0,0.0,0.0,0.0,NOT APPLICABLE,0.0,exit_intelligence_engine_v1_1_position_state_aware,Balanced multi-engine consensus | Warnings: Blocked security type | Trade validation rejected | Validation status rejected | Entry timing rejected | Risk engine rejected | AI final decision restrictive | Institutional decision restrictive | Weak trade validation | Entry engine restrictive | Risk engine says no trade | Weak risk/reward | Weak smart money | Weak market | Weak sector
LPGL,LEINER PAK GELAT,FOOD,GELATIN / FOOD INGREDIENTS,13JUL2026,94.61,-0.9215624672740554,3980,376547.8,0.0,AVOID,7.95,92.05,16.44,22,40,NEUTRAL,0,REJECTED,AVOID,0,NO ENTRY,0.0,0,NO TRADE,REJECTED,AVOID,1.17,93.19,95.56,89.88,102.18,107.86,False,0,0.0,0,,NO POSITION,,0.0,0,0,0,0.0,0.0,0.0,0.0,0.0,0.0,0.0,0,False,NO ACTION,No actual open position,NORMAL,NO ACTION,0.0,0.0,0.0,0.0,0.0,0.0,0.0,NOT APPLICABLE,0.0,exit_intelligence_engine_v1_1_position_state_aware,Balanced multi-engine consensus | Warnings: Trade validation rejected | Validation status rejected | Entry timing rejected | Risk engine rejected | AI final decision restrictive | Institutional decision restrictive | Weak trade validation | Entry engine restrictive | Risk engine says no trade | Weak risk/reward | Weak smart money | Weak market | Weak sector
IDRT,IDREES TEXTILE,TEXTILE,TEXTILE MILLS,13JUL2026,41.18,-2.555608140085183,15031,618976.58,0.0,AVOID,7.94,92.06,16.43,28,40,NEUTRAL,0,REJECTED,AVOID,0,NO ENTRY,0.0,0,NO TRADE,REJECTED,AVOID,1.17,40.56,41.59,39.12,44.47,46.95,False,0,0.0,0,,NO POSITION,,0.0,0,0,0,0.0,0.0,0.0,0.0,0.0,0.0,0.0,0,False,NO ACTION,No actual open position,NORMAL,NO ACTION,0.0,0.0,0.0,0.0,0.0,0.0,0.0,NOT APPLICABLE,0.0,exit_intelligence_engine_v1_1_position_state_aware,Balanced multi-engine consensus | Warnings: Trade validation rejected | Validation status rejected | Entry timing rejected | Risk engine rejected | AI final decision restrictive | Institutional decision restrictive | Weak trade validation | Entry engine restrictive | Risk engine says no trade | Weak risk/reward | Weak smart money | Weak market | Weak sector
GVGL,GHANI VALUE GLASS,GLASS & CERAMICS,GLASS MANUFACTURING,13JUL2026,55.14,-2.7684711691059785,4106,226404.84,0.0,AVOID,7.94,92.06,16.42,30,40,NEUTRAL,0,REJECTED,AVOID,0,NO ENTRY,0.0,0,NO TRADE,REJECTED,AVOID,1.17,54.31,55.69,52.38,59.55,62.86,False,0,0.0,0,,NO POSITION,,0.0,0,0,0,0.0,0.0,0.0,0.0,0.0,0.0,0.0,0,False,NO ACTION,No actual open position,NORMAL,NO ACTION,0.0,0.0,0.0,0.0,0.0,0.0,0.0,NOT APPLICABLE,0.0,exit_intelligence_engine_v1_1_position_state_aware,Balanced multi-engine consensus | Warnings: Trade validation rejected | Validation status rejected | Entry timing rejected | Risk engine rejected | AI final decision restrictive | Institutional decision restrictive | Weak trade validation | Entry engine restrictive | Risk engine says no trade | Weak risk/reward | Weak smart money | Weak market
NITGETF,NIT PAKISTANXD,ETF,PAKISTAN ETF,13JUL2026,34.87,-1.2181303116147302,52000,1813239.9999999998,0.0,AVOID,7.92,92.08,16.38,29,40,NEUTRAL,0,REJECTED,AVOID,0,NO ENTRY,0.0,0,NO TRADE,REJECTED,AVOID,1.17,34.35,35.22,33.13,37.66,39.75,False,0,0.0,0,,NO POSITION,,0.0,0,0,0,0.0,0.0,0.0,0.0,0.0,0.0,0.0,0,False,NO ACTION,No actual open position,NORMAL,NO ACTION,0.0,0.0,0.0,0.0,0.0,0.0,0.0,NOT APPLICABLE,0.0,exit_intelligence_engine_v1_1_position_state_aware,Balanced multi-engine consensus | Warnings: Blocked security type | Trade validation rejected | Validation status rejected | Entry timing rejected | Risk engine rejected | AI final decision restrictive | Institutional decision restrictive | Weak trade validation | Entry engine restrictive | Risk engine says no trade | Weak risk/reward | Weak smart money | Weak trend | Weak market | Weak sector
NBPGETF,NBP PAKISTAN G ETFXD,ETF,PAKISTAN GROWTH ETF,13JUL2026,27.27,-2.711380663574747,144000,3926880.0,0.0,AVOID,7.91,92.09,16.36,24,40,NEUTRAL,0,REJECTED,AVOID,0,NO ENTRY,0.0,0,NO TRADE,REJECTED,AVOID,1.17,26.86,27.54,25.91,29.45,31.09,False,0,0.0,0,,NO POSITION,,0.0,0,0,0,0.0,0.0,0.0,0.0,0.0,0.0,0.0,0,False,NO ACTION,No actual open position,NORMAL,NO ACTION,0.0,0.0,0.0,0.0,0.0,0.0,0.0,NOT APPLICABLE,0.0,exit_intelligence_engine_v1_1_position_state_aware,Balanced multi-engine consensus | Warnings: Blocked security type | Trade validation rejected | Validation status rejected | Entry timing rejected | Risk engine rejected | AI final decision restrictive | Institutional decision restrictive | Weak trade validation | Entry engine restrictive | Risk engine says no trade | Weak risk/reward | Weak smart money | Weak trend | Weak market | Weak sector
ADMM,ARTISTIC DENIM,TEXTILE,DENIM / TEXTILE,13JUL2026,63.33,-2.2986732489972157,44984,2848836.7199999997,0.0,AVOID,7.91,92.09,16.36,22,40,NEUTRAL,0,REJECTED,AVOID,0,NO ENTRY,0.0,0,NO TRADE,REJECTED,AVOID,1.17,62.38,63.96,60.16,68.4,72.2,False,0,0.0,0,,NO POSITION,,0.0,0,0,0,0.0,0.0,0.0,0.0,0.0,0.0,0.0,0,False,NO ACTION,No actual open position,NORMAL,NO ACTION,0.0,0.0,0.0,0.0,0.0,0.0,0.0,NOT APPLICABLE,0.0,exit_intelligence_engine_v1_1_position_state_aware,Balanced multi-engine consensus | Warnings: Trade validation rejected | Validation status rejected | Entry timing rejected | Risk engine rejected | AI final decision restrictive | Institutional decision restrictive | Weak trade validation | Entry engine restrictive | Risk engine says no trade | Weak risk/reward | Weak smart money | Weak trend | Weak market | Weak sector
ATBA,ATLAS BATTERY,AUTO PARTS,BATTERIES,13JUL2026,216.13,-0.15245310911947357,16214,3504331.82,0.0,AVOID,7.91,92.09,16.35,17,40,NEUTRAL,0,REJECTED,AVOID,0,NO ENTRY,0.0,0,NO TRADE,REJECTED,AVOID,1.17,212.89,218.29,205.32,233.42,246.39,False,0,0.0,0,,NO POSITION,,0.0,0,0,0,0.0,0.0,0.0,0.0,0.0,0.0,0.0,0,False,NO ACTION,No actual open position,NORMAL,NO ACTION,0.0,0.0,0.0,0.0,0.0,0.0,0.0,NOT APPLICABLE,0.0,exit_intelligence_engine_v1_1_position_state_aware,Balanced multi-engine consensus | Warnings: Trade validation rejected | Validation status rejected | Entry timing rejected | Risk engine rejected | AI final decision restrictive | Institutional decision restrictive | Weak trade validation | Entry engine restrictive | Risk engine says no trade | Weak risk/reward | Weak smart money | Weak trend | Weak market | Weak sector
PABC,PAKISTAN ALUMIN,ALUMINIUM,ALUMINIUM CANS,13JUL2026,106.67,-2.824086726792379,22995,2452876.65,0.0,AVOID,7.91,92.09,16.35,22,40,NEUTRAL,0,REJECTED,AVOID,0,NO ENTRY,0.0,0,NO TRADE,REJECTED,AVOID,1.17,105.07,107.74,101.34,115.2,121.6,False,0,0.0,0,,NO POSITION,,0.0,0,0,0,0.0,0.0,0.0,0.0,0.0,0.0,0.0,0,False,NO ACTION,No actual open position,NORMAL,NO ACTION,0.0,0.0,0.0,0.0,0.0,0.0,0.0,NOT APPLICABLE,0.0,exit_intelligence_engine_v1_1_position_state_aware,Balanced multi-engine consensus | Warnings: Trade validation rejected | Validation status rejected | Entry timing rejected | Risk engine rejected | AI final decision restrictive | Institutional decision restrictive | Weak trade validation | Entry engine restrictive | Risk engine says no trade | Weak risk/reward | Weak smart money | Weak trend | Weak market | Weak sector
HBLTETF,HBL TOTAL TREASURYXD,ETF,TREASURY ETF,13JUL2026,104.55,-0.047801147227530746,41800,4370190.0,0.0,AVOID,7.9,92.1,16.34,24,40,NEUTRAL,0,REJECTED,AVOID,0,NO ENTRY,0.0,0,NO TRADE,REJECTED,AVOID,1.16,102.98,105.6,99.32,112.91,119.19,False,0,0.0,0,,NO POSITION,,0.0,0,0,0,0.0,0.0,0.0,0.0,0.0,0.0,0.0,0,False,NO ACTION,No actual open position,NORMAL,NO ACTION,0.0,0.0,0.0,0.0,0.0,0.0,0.0,NOT APPLICABLE,0.0,exit_intelligence_engine_v1_1_position_state_aware,Balanced multi-engine consensus | Warnings: Blocked security type | Trade validation rejected | Validation status rejected | Entry timing rejected | Risk engine rejected | AI final decision restrictive | Institutional decision restrictive | Weak trade validation | Entry engine restrictive | Risk engine says no trade | Weak risk/reward | Weak smart money | Weak trend | Weak market | Weak sector
JLICL,JUBILE LIFE INS,INSURANCE,LIFE INSURANCE,13JUL2026,172.0,-2.8138772742682736,4420,760240.0,0.0,AVOID,7.9,92.1,16.34,29,40,NEUTRAL,0,REJECTED,AVOID,0,NO ENTRY,0.0,0,NO TRADE,REJECTED,AVOID,1.17,169.42,173.72,163.4,185.76,196.08,False,0,0.0,0,,NO POSITION,,0.0,0,0,0,0.0,0.0,0.0,0.0,0.0,0.0,0.0,0,False,NO ACTION,No actual open position,NORMAL,NO ACTION,0.0,0.0,0.0,0.0,0.0,0.0,0.0,NOT APPLICABLE,0.0,exit_intelligence_engine_v1_1_position_state_aware,Balanced multi-engine consensus | Warnings: Trade validation rejected | Validation status rejected | Entry timing rejected | Risk engine rejected | AI final decision restrictive | Institutional decision restrictive | Weak trade validation | Entry engine restrictive | Risk engine says no trade | Weak risk/reward | Weak smart money | Weak market | Weak sector
IREIT,IMAGE REIT,REIT,REAL ESTATE INVESTMENT TRUST,13JUL2026,8.12,0.0,261692,2124939.0399999996,0.0,AVOID,7.89,92.11,16.31,27,40,NEUTRAL,0,REJECTED,AVOID,0,NO ENTRY,0.0,0,NO TRADE,REJECTED,AVOID,1.16,8.0,8.2,7.71,8.77,9.26,False,0,0.0,0,,NO POSITION,,0.0,0,0,0,0.0,0.0,0.0,0.0,0.0,0.0,0.0,0,False,NO ACTION,No actual open position,NORMAL,NO ACTION,0.0,0.0,0.0,0.0,0.0,0.0,0.0,NOT APPLICABLE,0.0,exit_intelligence_engine_v1_1_position_state_aware,Balanced multi-engine consensus | Warnings: Blocked security type | Trade validation rejected | Validation status rejected | Entry timing rejected | Risk engine rejected | AI final decision restrictive | Institutional decision restrictive | Weak trade validation | Entry engine restrictive | Risk engine says no trade | Weak risk/reward | Weak smart money | Weak trend | Weak market
CLVL,CORDOBA LOGIST,LOGISTICS,LOGISTICS,13JUL2026,17.56,0.9775733179988392,107831,1893512.3599999999,0.0,AVOID,7.89,92.11,16.3,50,55,NEUTRAL,0,REJECTED,AVOID,0,NO ENTRY,0.0,0,NO TRADE,REJECTED,AVOID,1.15,17.3,17.74,16.68,18.96,20.02,False,0,0.0,0,,NO POSITION,,0.0,0,0,0,0.0,0.0,0.0,0.0,0.0,0.0,0.0,0,False,NO ACTION,No actual open position,NORMAL,NO ACTION,0.0,0.0,0.0,0.0,0.0,0.0,0.0,NOT APPLICABLE,0.0,exit_intelligence_engine_v1_1_position_state_aware,Strong trend | Warnings: Blocked security type | Trade validation rejected | Validation status rejected | Entry timing rejected | Risk engine rejected | AI final decision restrictive | Institutional decision restrictive | Weak trade validation | Entry engine restrictive | Risk engine says no trade | Weak risk/reward | Weak market | Weak sector | High volatility
IDSM,IDEAL SPINNING,TEXTILE,SPINNING,13JUL2026,50.33,-8.52417302798983,6550,329661.5,0.0,AVOID,7.86,92.14,16.25,30,40,NEUTRAL,0,REJECTED,AVOID,0,NO ENTRY,0.0,0,NO TRADE,REJECTED,AVOID,1.17,49.58,50.83,47.81,54.36,57.38,False,0,0.0,0,,NO POSITION,,0.0,0,0,0,0.0,0.0,0.0,0.0,0.0,0.0,0.0,0,False,NO ACTION,No actual open position,NORMAL,NO ACTION,0.0,0.0,0.0,0.0,0.0,0.0,0.0,NOT APPLICABLE,0.0,exit_intelligence_engine_v1_1_position_state_aware,Balanced multi-engine consensus | Warnings: Trade validation rejected | Validation status rejected | Entry timing rejected | Risk engine rejected | AI final decision restrictive | Institutional decision restrictive | Weak trade validation | Entry engine restrictive | Risk engine says no trade | Weak risk/reward | Weak smart money | Weak market | Weak sector | High volatility
HIFA,HBL INVEST FUNDXD,MUTUAL FUND,INVESTMENT FUND,13JUL2026,5.54,0.7272727272727278,186517,1033304.18,0.0,AVOID,7.86,92.14,16.24,43,40,NEUTRAL,0,REJECTED,AVOID,0,NO ENTRY,0.0,0,NO TRADE,REJECTED,AVOID,1.12,5.46,5.6,5.26,5.98,6.32,False,0,0.0,0,,NO POSITION,,0.0,0,0,0,0.0,0.0,0.0,0.0,0.0,0.0,0.0,0,False,NO ACTION,No actual open position,NORMAL,NO ACTION,0.0,0.0,0.0,0.0,0.0,0.0,0.0,NOT APPLICABLE,0.0,exit_intelligence_engine_v1_1_position_state_aware,Strong trend | Warnings: Blocked security type | Trade validation rejected | Validation status rejected | Entry timing rejected | Risk engine rejected | AI final decision restrictive | Institutional decision restrictive | Weak trade validation | Entry engine restrictive | Risk engine says no trade | Weak risk/reward | Weak smart money | Weak market | Weak sector
FCEL,FIRST CAP.EQUIT,FINANCE,EQUITY / FINANCE,13JUL2026,5.22,-0.5714285714285762,8329,43477.38,0.0,AVOID,7.86,92.14,16.24,29,40,NEUTRAL,0,REJECTED,AVOID,0,NO ENTRY,0.0,0,NO TRADE,REJECTED,AVOID,1.19,5.14,5.27,4.96,5.64,5.95,False,0,0.0,0,,NO POSITION,,0.0,0,0,0,0.0,0.0,0.0,0.0,0.0,0.0,0.0,0,False,NO ACTION,No actual open position,NORMAL,NO ACTION,0.0,0.0,0.0,0.0,0.0,0.0,0.0,NOT APPLICABLE,0.0,exit_intelligence_engine_v1_1_position_state_aware,Balanced multi-engine consensus | Warnings: Trade validation rejected | Validation status rejected | Entry timing rejected | Risk engine rejected | AI final decision restrictive | Institutional decision restrictive | Weak trade validation | Entry engine restrictive | Risk engine says no trade | Weak risk/reward | Weak smart money | Weak trend | Weak market
AKDHL,AKD HOSPITALITY,HOSPITALITY,HOSPITALITY / SERVICES,13JUL2026,157.61,-2.154209088651601,316,49804.76,0.0,AVOID,7.85,92.15,16.22,29,40,NEUTRAL,0,REJECTED,AVOID,0,NO ENTRY,0.0,0,NO TRADE,REJECTED,AVOID,1.17,155.25,159.19,149.73,170.22,179.68,False,0,0.0,0,,NO POSITION,,0.0,0,0,0,0.0,0.0,0.0,0.0,0.0,0.0,0.0,0,False,NO ACTION,No actual open position,NORMAL,NO ACTION,0.0,0.0,0.0,0.0,0.0,0.0,0.0,NOT APPLICABLE,0.0,exit_intelligence_engine_v1_1_position_state_aware,Balanced multi-engine consensus | Warnings: Trade validation rejected | Validation status rejected | Entry timing rejected | Risk engine rejected | AI final decision restrictive | Institutional decision restrictive | Weak trade validation | Entry engine restrictive | Risk engine says no trade | Weak risk/reward | Weak smart money | Weak trend | Weak market | Weak sector
UNIC,UNITED INSURANCE,INSURANCE,GENERAL INSURANCE,13JUL2026,12.4,0.0,17841,221228.4,0.0,AVOID,7.78,92.22,16.07,27,40,NEUTRAL,0,REJECTED,AVOID,0,NO ENTRY,0.0,0,NO TRADE,REJECTED,AVOID,1.18,12.21,12.52,11.78,13.39,14.14,False,0,0.0,0,,NO POSITION,,0.0,0,0,0,0.0,0.0,0.0,0.0,0.0,0.0,0.0,0,False,NO ACTION,No actual open position,NORMAL,NO ACTION,0.0,0.0,0.0,0.0,0.0,0.0,0.0,NOT APPLICABLE,0.0,exit_intelligence_engine_v1_1_position_state_aware,Balanced multi-engine consensus | Warnings: Trade validation rejected | Validation status rejected | Entry timing rejected | Risk engine rejected | AI final decision restrictive | Institutional decision restrictive | Weak trade validation | Entry engine restrictive | Risk engine says no trade | Weak risk/reward | Weak smart money | Weak trend | Weak market | Weak sector
TCORPR2,TARIQ CORPORATION(R),HOLDING,RIGHT SHARE,13JUL2026,4.19,-12.526096033402915,195602,819572.3800000001,0.0,AVOID,7.78,92.22,16.06,14,40,NEUTRAL,0,REJECTED,AVOID,0,NO ENTRY,0.0,0,NO TRADE,REJECTED,AVOID,1.2,4.13,4.23,3.98,4.53,4.78,False,0,0.0,0,,NO POSITION,,0.0,0,0,0,0.0,0.0,0.0,0.0,0.0,0.0,0.0,0,False,NO ACTION,No actual open position,NORMAL,NO ACTION,0.0,0.0,0.0,0.0,0.0,0.0,0.0,NOT APPLICABLE,0.0,exit_intelligence_engine_v1_1_position_state_aware,Balanced multi-engine consensus | Warnings: Trade validation rejected | Validation status rejected | Entry timing rejected | Risk engine rejected | AI final decision restrictive | Institutional decision restrictive | Weak trade validation | Entry engine restrictive | Risk engine says no trade | Weak smart money | Weak trend | Weak market | Weak sector | Very high volatility
EWIC,EAST WEST INSURANC,INSURANCE,GENERAL INSURANCE,13JUL2026,48.54,0.0,390,18930.6,0.0,AVOID,7.77,92.23,16.05,17,40,DISTRIBUTION RISK,0,REJECTED,AVOID,0,NO ENTRY,0.0,0,NO TRADE,REJECTED,AVOID,1.16,47.81,49.03,46.11,52.42,55.34,False,0,0.0,0,,NO POSITION,,0.0,0,0,0,0.0,0.0,0.0,0.0,0.0,0.0,0.0,0,False,NO ACTION,No actual open position,NORMAL,NO ACTION,0.0,0.0,0.0,0.0,0.0,0.0,0.0,NOT APPLICABLE,0.0,exit_intelligence_engine_v1_1_position_state_aware,Balanced multi-engine consensus | Warnings: Trade validation rejected | Validation status rejected | Entry timing rejected | Risk engine rejected | AI final decision restrictive | Institutional decision restrictive | Weak trade validation | Entry engine restrictive | Risk engine says no trade | Weak risk/reward | Weak smart money | Weak trend | Weak market | Weak sector | Very high volatility
ACIETF,ALFALAH CONSUMERXD,ETF,CONSUMER ETF,13JUL2026,17.85,-2.084476138233675,39500,705075.0,0.0,AVOID,7.77,92.23,16.04,43,40,NEUTRAL,0,REJECTED,AVOID,0,NO ENTRY,0.0,0,NO TRADE,REJECTED,AVOID,1.17,17.58,18.03,16.96,19.28,20.35,False,0,0.0,0,,NO POSITION,,0.0,0,0,0,0.0,0.0,0.0,0.0,0.0,0.0,0.0,0,False,NO ACTION,No actual open position,NORMAL,NO ACTION,0.0,0.0,0.0,0.0,0.0,0.0,0.0,NOT APPLICABLE,0.0,exit_intelligence_engine_v1_1_position_state_aware,Strong trend | Warnings: Blocked security type | Trade validation rejected | Validation status rejected | Entry timing rejected | Risk engine rejected | AI final decision restrictive | Institutional decision restrictive | Weak trade validation | Entry engine restrictive | Risk engine says no trade | Weak risk/reward | Weak smart money | Weak market | Weak sector
P01GIS290926,1 YEAR GIS,GOVT SECURITIES,1 YEAR GIS,13JUL2026,97.73,0.030706243602867077,5000,488650.0,0.0,AVOID,7.76,92.24,16.03,64,67,NEUTRAL,0,REJECTED,AVOID,0,NO ENTRY,0.0,0,NO TRADE,REJECTED,AVOID,1.17,96.26,98.71,92.84,105.55,111.41,False,0,0.0,0,,NO POSITION,,0.0,0,0,0,0.0,0.0,0.0,0.0,0.0,0.0,0.0,0,False,NO ACTION,No actual open position,NORMAL,NO ACTION,0.0,0.0,0.0,0.0,0.0,0.0,0.0,NOT APPLICABLE,0.0,exit_intelligence_engine_v1_1_position_state_aware,Strong trend | Warnings: Blocked security type | Trade validation rejected | Validation status rejected | Entry timing rejected | Risk engine rejected | AI final decision restrictive | Institutional decision restrictive | Weak trade validation | Entry engine restrictive | Risk engine says no trade | Weak risk/reward | Weak market
DMC,D.M. CORPORATION LTD,INVESTMENT,HOLDING / CORPORATION,13JUL2026,187.26,0.0,97,18164.219999999998,0.0,AVOID,7.76,92.24,16.02,22,40,NEUTRAL,0,REJECTED,AVOID,0,NO ENTRY,0.0,0,NO TRADE,REJECTED,AVOID,1.17,184.45,189.13,177.9,202.24,213.48,False,0,0.0,0,,NO POSITION,,0.0,0,0,0,0.0,0.0,0.0,0.0,0.0,0.0,0.0,0,False,NO ACTION,No actual open position,NORMAL,NO ACTION,0.0,0.0,0.0,0.0,0.0,0.0,0.0,NOT APPLICABLE,0.0,exit_intelligence_engine_v1_1_position_state_aware,Balanced multi-engine consensus | Warnings: Trade validation rejected | Validation status rejected | Entry timing rejected | Risk engine rejected | AI final decision restrictive | Institutional decision restrictive | Weak trade validation | Entry engine restrictive | Risk engine says no trade | Weak risk/reward | Weak smart money | Weak trend | Weak market | Weak sector
JSRR,JS RENTAL REIT,REIT,RENTAL REIT,13JUL2026,10.85,2.1657250470809837,17071,185220.35,0.0,AVOID,7.75,92.25,16.01,63,65,NEUTRAL,0,REJECTED,AVOID,0,NO ENTRY,0.0,0,NO TRADE,REJECTED,AVOID,1.17,10.69,10.96,10.31,11.72,12.37,False,0,0.0,0,,NO POSITION,,0.0,0,0,0,0.0,0.0,0.0,0.0,0.0,0.0,0.0,0,False,NO ACTION,No actual open position,NORMAL,NO ACTION,0.0,0.0,0.0,0.0,0.0,0.0,0.0,NOT APPLICABLE,0.0,exit_intelligence_engine_v1_1_position_state_aware,Strong trend | Warnings: Blocked security type | Trade validation rejected | Validation status rejected | Entry timing rejected | Risk engine rejected | AI final decision restrictive | Institutional decision restrictive | Weak trade validation | Entry engine restrictive | Risk engine says no trade | Weak risk/reward | Weak market
P01GIS141026,1 YEAR GIS,UNKNOWN,UNKNOWN,13JUL2026,96.97,0.14458329030259276,5000,484850.0,0.0,AVOID,7.75,92.25,15.99,54,67,NEUTRAL,0,REJECTED,AVOID,0,NO ENTRY,0.0,0,NO TRADE,REJECTED,AVOID,1.17,95.52,97.94,92.12,104.73,110.55,False,0,0.0,0,,NO POSITION,,0.0,0,0,0,0.0,0.0,0.0,0.0,0.0,0.0,0.0,0,False,NO ACTION,No actual open position,NORMAL,NO ACTION,0.0,0.0,0.0,0.0,0.0,0.0,0.0,NOT APPLICABLE,0.0,exit_intelligence_engine_v1_1_position_state_aware,Strong trend | Sector supportive || Warnings: Blocked security type | Trade validation rejected | Validation status rejected | Entry timing rejected | Risk engine rejected | AI final decision restrictive | Institutional decision restrictive | Weak trade validation | Entry engine restrictive | Risk engine says no trade | Weak risk/reward | Weak market | Very high volatility
P01GIS101226,1 YEAR GIS,GOVT SECURITIES,1 YEAR GIS,13JUL2026,94.95,0.5400254129606153,5000,474750.0,0.0,AVOID,7.75,92.25,15.99,54,67,NEUTRAL,0,REJECTED,AVOID,0,NO ENTRY,0.0,0,NO TRADE,REJECTED,AVOID,1.17,93.53,95.9,90.2,102.55,108.24,False,0,0.0,0,,NO POSITION,,0.0,0,0,0,0.0,0.0,0.0,0.0,0.0,0.0,0.0,0,False,NO ACTION,No actual open position,NORMAL,NO ACTION,0.0,0.0,0.0,0.0,0.0,0.0,0.0,NOT APPLICABLE,0.0,exit_intelligence_engine_v1_1_position_state_aware,Strong trend | Warnings: Blocked security type | Trade validation rejected | Validation status rejected | Entry timing rejected | Risk engine rejected | AI final decision restrictive | Institutional decision restrictive | Weak trade validation | Entry engine restrictive | Risk engine says no trade | Weak risk/reward | Weak market | Very high volatility
P01GIS210127,1 YEAR GIS,GOVT SECURITIES,1 YEAR GIS,13JUL2026,94.47,0.03176620076239002,5000,472350.0,0.0,AVOID,7.75,92.25,15.99,58,67,NEUTRAL,0,REJECTED,AVOID,0,NO ENTRY,0.0,0,NO TRADE,REJECTED,AVOID,1.17,93.05,95.41,89.75,102.03,107.7,False,0,0.0,0,,NO POSITION,,0.0,0,0,0,0.0,0.0,0.0,0.0,0.0,0.0,0.0,0,False,NO ACTION,No actual open position,NORMAL,NO ACTION,0.0,0.0,0.0,0.0,0.0,0.0,0.0,NOT APPLICABLE,0.0,exit_intelligence_engine_v1_1_position_state_aware,Strong trend | Warnings: Blocked security type | Trade validation rejected | Validation status rejected | Entry timing rejected | Risk engine rejected | AI final decision restrictive | Institutional decision restrictive | Weak trade validation | Entry engine restrictive | Risk engine says no trade | Weak risk/reward | Weak market
HGFA,HBL GROWTH FUNDXD,MUTUAL FUND,GROWTH FUND,13JUL2026,17.13,-3.384094754653138,19104,327251.51999999996,0.0,AVOID,7.75,92.25,15.99,23,40,NEUTRAL,0,REJECTED,AVOID,0,NO ENTRY,0.0,0,NO TRADE,REJECTED,AVOID,1.17,16.87,17.3,16.27,18.5,19.53,False,0,0.0,0,,NO POSITION,,0.0,0,0,0,0.0,0.0,0.0,0.0,0.0,0.0,0.0,0,False,NO ACTION,No actual open position,NORMAL,NO ACTION,0.0,0.0,0.0,0.0,0.0,0.0,0.0,NOT APPLICABLE,0.0,exit_intelligence_engine_v1_1_position_state_aware,Balanced multi-engine consensus | Warnings: Blocked security type | Trade validation rejected | Validation status rejected | Entry timing rejected | Risk engine rejected | AI final decision restrictive | Institutional decision restrictive | Weak trade validation | Entry engine restrictive | Risk engine says no trade | Weak risk/reward | Weak smart money | Weak market | Weak sector
JDMT,JANANA D MAL,TEXTILE,TEXTILE MILLS,13JUL2026,127.72,-1.7840664410950426,567,72417.24,0.0,AVOID,7.75,92.25,15.99,46,50,NEUTRAL,0,REJECTED,AVOID,0,NO ENTRY,0.0,0,NO TRADE,REJECTED,AVOID,1.17,125.8,129.0,121.33,137.94,145.6,False,0,0.0,0,,NO POSITION,,0.0,0,0,0,0.0,0.0,0.0,0.0,0.0,0.0,0.0,0,False,NO ACTION,No actual open position,NORMAL,NO ACTION,0.0,0.0,0.0,0.0,0.0,0.0,0.0,NOT APPLICABLE,0.0,exit_intelligence_engine_v1_1_position_state_aware,Strong trend | Warnings: Blocked security type | Trade validation rejected | Validation status rejected | Entry timing rejected | Risk engine rejected | AI final decision restrictive | Institutional decision restrictive | Weak trade validation | Entry engine restrictive | Risk engine says no trade | Weak risk/reward | Weak market | Weak sector
TSMF,TRI-STAR MUTUAL,MUTUAL FUND,MUTUAL FUND,13JUL2026,17.77,-1.0579064587973344,19335,343582.95,0.0,AVOID,7.74,92.26,15.98,30,40,NEUTRAL,0,REJECTED,AVOID,0,NO ENTRY,0.0,0,NO TRADE,REJECTED,AVOID,1.16,17.5,17.95,16.88,19.19,20.26,False,0,0.0,0,,NO POSITION,,0.0,0,0,0,0.0,0.0,0.0,0.0,0.0,0.0,0.0,0,False,NO ACTION,No actual open position,NORMAL,NO ACTION,0.0,0.0,0.0,0.0,0.0,0.0,0.0,NOT APPLICABLE,0.0,exit_intelligence_engine_v1_1_position_state_aware,Balanced multi-engine consensus | Warnings: Blocked security type | Trade validation rejected | Validation status rejected | Entry timing rejected | Risk engine rejected | AI final decision restrictive | Institutional decision restrictive | Weak trade validation | Entry engine restrictive | Risk engine says no trade | Weak risk/reward | Weak smart money | Weak market | Weak sector
